mlbam,fg_id,name,group,pos,proj_pos,act_pos,proj,actual,proj_pt,actual_pt
660271,,Shohei Ohtani,2W,Util,Util/SP,Util/SP,1730.2,1654.1,668.7,727.0
592450,,Aaron Judge,H,OF,OF,OF,1103.1,1459.8,624.7,679.0
669373,,Tarik Skubal,P,SP,SP,SP,1088.1,1225.5,196.2,195.3
663728,,Cal Raleigh,H,C,C,C,636.7,1194.2,554.1,705.0
665742,,Juan Soto,H,OF,OF,OF,1054.6,1193.1,622.2,715.0
694973,,Paul Skenes,P,SP,SP,SP,1112.7,1187.8,188.1,187.7
656941,,Kyle Schwarber,H,OF,OF,OF,871.7,1182.9,641.1,724.0
650911,,Cristopher Sánchez,P,SP,SP,SP,762.4,1176.6,169.8,202.0
676979,,Garrett Crochet,P,SP,SP,SP,975.2,1158.3,170.1,205.3
657277,,Logan Webb,P,SP,SP,SP,954.6,1105.6,201.1,207.0
608331,,Max Fried,P,SP,SP,SP,812.2,1041.9,175.8,195.3
686613,,Hunter Brown,P,SP,SP,SP,774.4,1036.6,167.5,185.3
808967,,Yoshinobu Yamamoto,P,SP,SP,SP,752.6,1035.1,157.9,173.7
624413,,Pete Alonso,H,1B,1B,1B,819.1,1034.1,627.9,709.0
608070,,José Ramírez,H,3B,3B,3B,911.2,1031.5,617.4,673.0
672695,,Geraldo Perdomo,H,2B/3B/SS,2B/3B/SS,2B/3B/SS,499.3,1030.5,474.9,720.0
646240,,Rafael Devers,H,3B,3B,3B,854.1,1027.6,600.5,729.0
621566,,Matt Olson,H,1B,1B,1B,851.0,1017.8,627.1,724.0
677951,,Bobby Witt Jr.,H,SS,SS,SS,979.0,1012.1,627.4,687.0
543807,,George Springer,H,OF,OF,OF,632.3,1011.6,560.6,586.0
682998,,Corbin Carroll,H,OF,OF,OF,935.4,1000.7,657.6,642.0
596019,,Francisco Lindor,H,SS,SS,SS,841.4,997.2,654.3,732.0
607074,,Carlos Rodón,P,SP,SP,SP,791.9,991.7,178.7,195.3
592332,,Kevin Gausman,P,SP,SP,SP,847.1,985.9,193.2,193.0
693433,,Bryan Woo,P,SP,SP,SP,608.9,981.3,143.5,186.7
666200,,Jesús Luzardo,P,SP,SP,SP,669.8,980.1,160.3,183.7
601713,,Nick Pivetta,P,SP,SP,SP,703.2,959.3,155.4,181.7
665489,,Vladimir Guerrero Jr.,H,1B/3B,1B/3B,1B/3B,1009.7,953.0,640.5,680.0
665487,,Fernando Tatis Jr.,H,OF,OF,OF,885.2,947.3,581.6,691.0
677594,,Julio Rodríguez,H,OF,OF,OF,859.6,944.1,626.6,710.0
664285,,Framber Valdez,P,SP,SP,SP,875.6,940.7,184.6,192.0
691406,,Junior Caminero,H,3B,3B,3B,649.8,935.1,513.8,653.0
695578,,James Wood,H,OF,OF,OF,682.4,933.3,525.1,689.0
667670,,Brent Rooker,H,OF,OF,OF,818.6,926.1,608.0,699.0
518692,,Freddie Freeman,H,1B,1B,1B,927.8,916.3,643.8,627.0
650490,,Yandy Díaz,H,1B,1B,1B,795.3,913.7,604.6,651.0
642547,,Freddy Peralta,P,SP,SP,SP,828.0,909.6,178.0,176.7
553993,,Eugenio Suárez,H,3B,3B,3B,592.3,895.0,536.9,657.0
682829,,Elly De La Cruz,H,3B/SS,3B/SS,3B/SS,846.1,892.1,631.5,699.0
594798,,Jacob deGrom,P,SP,SP,SP,917.5,890.7,152.0,172.7
641355,,Cody Bellinger,H,1B/OF,1B/OF,1B/OF,663.3,877.7,552.3,656.0
607208,,Trea Turner,H,SS,SS,SS,719.7,877.0,574.7,639.0
592518,,Manny Machado,H,3B,3B,3B,769.8,873.1,595.7,678.0
668227,,Randy Arozarena,H,OF,OF,OF,741.6,872.0,635.8,709.0
686469,,Vinnie Pasquantino,H,1B,1B,1B,751.4,869.5,563.9,682.0
683737,,Michael Busch,H,1B/3B,1B/3B,1B/3B,523.0,869.4,472.1,592.0
554430,,Zack Wheeler,P,SP,SP,SP,987.4,862.6,198.5,149.7
666182,,Bo Bichette,H,SS,SS,SS,716.7,862.3,591.6,628.0
663656,,Kyle Tucker,H,OF,OF,OF,839.9,859.0,565.5,597.0
680776,,Jarren Duran,H,OF,OF,OF,801.4,858.6,640.7,696.0
672580,,Maikel Garcia,H,2B/3B/SS,2B/3B/SS,2B/3B/SS,562.1,856.5,536.6,666.0
518876,,Merrill Kelly,P,SP,SP,SP,609.9,854.5,152.5,184.0
621439,,Byron Buxton,H,OF,OF,OF,547.7,853.8,447.9,542.0
682985,,Riley Greene,H,OF,OF,OF,792.7,853.0,605.9,655.0
571510,,Matthew Boyd,P,SP,SP,SP,563.1,850.4,133.9,179.7
606466,,Ketel Marte,H,2B,2B,2B,858.8,847.0,605.3,556.0
668930,,Brice Turang,H,2B/SS,2B/SS,2B/SS,579.0,845.8,543.1,659.0
683002,,Gunnar Henderson,H,3B/SS,3B/SS,3B/SS,932.7,844.7,618.2,651.0
673548,,Seiya Suzuki,H,OF,OF,OF,641.8,840.7,521.5,651.0
621493,,Taylor Ward,H,OF,OF,OF,727.5,838.7,619.8,663.0
647304,,Josh Naylor,H,1B,1B,1B,699.0,838.2,551.6,604.0
691016,,Tyler Soderstrom,H,1B/C,1B/C,1B/C,491.1,836.1,437.4,624.0
592662,,Robbie Ray,P,SP,SP,SP,708.1,834.9,160.6,182.3
592885,,Christian Yelich,H,OF,OF,OF,594.8,829.7,457.6,644.0
543243,,Sonny Gray,P,SP,SP,SP,917.6,827.4,184.8,180.7
547180,,Bryce Harper,H,1B,1B,1B,942.6,824.4,618.4,580.0
657746,,Joe Ryan,P,SP,SP,SP,744.7,821.8,159.7,171.0
679529,,Spencer Torkelson,H,1B,1B,1B,388.8,812.4,374.2,649.0
696100,,Hunter Goodman,H,1B/C/OF,1B/C/OF,1B/C/OF,345.6,808.4,298.4,579.0
691718,,Pete Crow-Armstrong,H,OF,OF,OF,495.5,806.2,469.2,647.0
656302,,Dylan Cease,P,SP,SP,SP,939.3,791.7,189.0,168.0
596115,,Trevor Story,H,SS,SS,SS,423.1,784.8,440.5,654.0
514888,,Jose Altuve,H,2B,2B,2B,728.2,784.5,597.6,654.0
664023,,Ian Happ,H,OF,OF,OF,731.6,782.8,611.9,663.0
622491,,Luis Castillo,P,SP,SP,SP,834.4,782.2,184.3,180.7
607043,,Brandon Nimmo,H,OF,OF,OF,653.0,781.6,548.1,652.0
543135,,Nathan Eovaldi,P,SP,SP,SP,777.2,779.0,176.0,130.0
670770,,TJ Friedl,H,OF,OF,OF,575.3,778.8,492.8,685.0
665161,,Jeremy Peña,H,SS,SS,SS,621.9,778.6,566.4,543.0
642715,,Willy Adames,H,SS,SS,SS,731.0,777.6,630.4,686.0
671096,,Andrew Abbott,P,SP,SP,SP,397.9,772.4,117.3,166.3
669127,,Shea Langeliers,H,C,C,C,551.3,769.5,474.4,523.0
608379,,Michael Wacha,P,SP,SP,SP,613.4,766.6,159.3,172.7
682928,,CJ Abrams,H,SS,SS,SS,702.4,766.5,582.7,635.0
656849,,David Peterson,P,SP,SP,SP,633.1,765.2,152.6,168.7
663757,,Trent Grisham,H,OF,OF,OF,247.0,765.1,239.3,581.0
624133,,Ranger Suarez,P,SP,SP,SP,694.5,761.7,157.9,157.3
681624,,Andy Pages,H,OF,OF,OF,227.8,759.6,196.5,624.0
661388,,William Contreras,H,C,C,C,822.5,759.4,612.5,659.0
671218,,Heliot Ramos,H,OF,OF,OF,564.0,750.3,499.9,695.0
667755,,José Soriano,P,SP,SP,SP,617.3,747.2,148.2,169.0
663538,,Nico Hoerner,H,2B/SS,2B/SS,2B/SS,594.0,746.8,532.1,649.0
669194,,Ryne Nelson,P,SP,SP,SP,468.0,746.1,124.8,154.0
663903,,Brady Singer,P,SP,SP,SP,654.4,735.8,170.4,169.7
665862,,Jazz Chisholm Jr.,H,3B/OF,3B/OF,3B/OF,701.2,734.3,558.8,531.0
519242,,Chris Sale,P,SP,SP,SP,1037.2,730.4,186.8,125.7
605141,,Mookie Betts,H,2B/OF/SS,2B/OF/SS,2B/OF/SS,943.6,729.9,640.4,663.0
700250,,Ben Rice,H,1B,1B,1B,215.8,724.9,189.6,530.0
669065,,Kyle Stowers,H,OF,OF,OF,388.7,723.7,372.5,457.0
668678,,Zac Gallen,P,SP,SP,SP,756.2,721.9,170.7,192.0
694192,,Jackson Chourio,H,OF,OF,OF,841.0,720.8,640.5,589.0
680757,,Steven Kwan,H,OF,OF,OF,707.2,720.1,572.4,693.0
687263,,Zach Neto,H,SS,SS,SS,632.3,719.8,513.6,554.0
656605,,Mitch Keller,P,SP,SP,SP,728.3,719.0,182.0,176.3
665152,,Dean Kremer,P,SP,SP,SP,518.0,718.9,146.5,171.7
694671,,Wyatt Langford,H,OF,OF,OF,684.8,718.8,529.3,573.0
650402,,Gleyber Torres,H,2B,2B,2B,679.6,715.6,610.1,628.0
656876,,Drew Rasmussen,P,SP,SP,SP,589.9,715.0,129.9,150.0
545361,,Mike Trout,H,OF,OF,OF,643.4,711.1,458.2,556.0
656427,,Jack Flaherty,P,SP,SP,SP,767.6,710.3,169.5,161.0
666157,,Nick Lodolo,P,SP,SP,SP,601.7,709.9,138.4,156.7
666176,,Jo Adell,H,OF,OF,OF,496.2,709.8,450.1,573.0
668909,,Gavin Williams,P,SP,SP,SP,640.2,707.8,155.3,167.7
676440,,Tanner Bibee,P,SP,SP,SP,755.1,707.2,173.5,182.3
575929,,Willson Contreras,H,C,C,C,617.9,706.9,487.5,563.0
686752,,Ryan Pepiot,P,SP,SP,SP,665.6,705.5,164.6,167.7
621020,,Dansby Swanson,H,SS,SS,SS,610.4,705.3,569.8,645.0
669022,,MacKenzie Gore,P,SP,SP,SP,788.1,703.3,174.4,159.7
641487,,J.P. Crawford,H,SS,SS,SS,500.4,701.4,494.8,654.0
593871,,Jorge Polanco,H,2B/3B,2B/3B,2B/3B,457.6,698.4,467.3,524.0
676475,,Alec Burleson,H,1B/OF,1B/OF,1B/OF,513.2,698.1,421.8,546.0
656811,,Ryan O'Hearn,H,1B/OF,1B/OF,1B/OF,457.0,698.1,379.5,544.0
657656,,Ramón Laureano,H,OF,OF,OF,198.9,696.9,203.1,488.0
650333,,Luis Arraez,H,1B/2B,1B/2B,1B/2B,716.4,696.3,605.6,675.0
521692,,Salvador Perez,H,1B/C,1B/C,1B/C,640.3,696.1,551.2,641.0
686217,,Sal Frelick,H,OF,OF,OF,422.0,692.4,406.9,594.0
542303,,Marcell Ozuna,H,Util,Util,Util,759.1,689.3,576.0,592.0
668804,,Bryan Reynolds,H,OF,OF,OF,754.4,689.2,611.5,654.0
664040,,Brandon Lowe,H,1B/2B,1B/2B,1B/2B,608.7,687.6,493.3,553.0
678394,,Brayan Bello,P,SP,SP,SP,643.6,686.3,155.5,166.7
660670,,Ronald Acuña Jr.,H,OF,OF,OF,980.2,685.0,609.8,412.0
669302,,Logan Gilbert,P,SP,SP,SP,968.2,685.0,198.7,131.0
605280,,Clay Holmes,P,SP,SP,SP,716.8,684.7,160.5,165.7
645261,,Sandy Alcantara,P,SP,SP,SP,828.5,678.9,188.8,174.7
808982,,Jung Hoo Lee,H,OF,OF,OF,634.7,677.5,503.4,617.0
572233,,Christian Walker,H,1B,1B,1B,722.1,676.5,569.5,640.0
605135,,Chris Bassitt,P,SP,SP,SP,708.2,674.5,179.0,170.3
579328,,Yusei Kikuchi,P,SP,SP,SP,799.8,673.5,176.1,178.3
671732,,Lawrence Butler,H,OF,OF,OF,744.5,670.8,592.4,630.0
669432,,Trevor Rogers,P,SP,RP,SP,95.7,668.7,23.6,109.7
805779,,Jacob Wilson,H,SS,SS,SS,529.3,663.1,452.1,523.0
669257,,Will Smith,H,C,C,C,578.0,663.1,475.4,436.0
682990,,Quinn Priester,P,SP,RP,SP,186.9,661.9,42.0,157.3
608324,,Alex Bregman,H,3B,3B,3B,814.3,657.3,632.5,495.0
701542,,Will Warren,P,SP,SP,SP,443.5,654.9,114.9,162.3
607259,,Nick Martinez,P,SP,SP,SP,540.3,652.5,157.5,165.7
687597,,Jordan Beck,H,OF,OF,OF,376.0,651.3,350.2,588.0
683004,,Jack Leiter,P,SP,SP,SP,480.6,650.7,130.2,151.7
671922,,Cade Smith,P,RP,RP,RP,439.7,647.9,68.0,73.7
656305,,Matt Chapman,H,3B,3B,3B,700.1,646.4,585.5,535.0
547973,,Aroldis Chapman,P,RP,RP,RP,472.1,645.2,63.0,61.3
608369,,Corey Seager,H,SS,SS,SS,763.6,644.0,514.1,445.0
682842,,Abner Uribe,P,RP,RP,RP,292.7,639.7,55.0,75.3
607067,,Colin Rea,P,SP,SP,SP,298.0,639.1,80.0,159.3
663460,,Kris Bubic,P,SP,SP,SP,529.1,638.3,131.0,116.3
700932,,Kyle Manzardo,H,Util,Util,Util,467.4,638.1,387.5,531.0
621043,,Carlos Correa,H,SS,SS,SS,640.5,636.1,507.6,584.0
622663,,Luis Severino,P,SP,SP,SP,678.0,635.7,182.7,162.7
702616,,Jackson Holliday,H,2B,2B,2B,428.4,634.5,401.6,649.0
694384,,Nolan Schanuel,H,1B,1B,1B,620.8,633.3,522.5,564.0
669358,,Shane Baz,P,SP,SP,SP,546.9,633.3,149.5,166.3
664056,,Harrison Bader,H,OF,OF,OF,320.3,632.8,319.1,501.0
645277,,Ozzie Albies,H,2B,2B,2B,700.5,632.7,575.8,667.0
669364,,Xavier Edwards,H,2B/SS,2B/SS,2B/SS,657.5,631.8,566.3,619.0
666160,,Mickey Moniak,H,OF,OF,OF,275.6,631.1,252.7,461.0
641793,,Zack Littell,P,SP,SP,SP,497.2,629.1,144.3,186.7
605488,,Jeffrey Springs,P,SP,SP,SP,654.5,628.2,153.9,171.0
671056,,Iván Herrera,H,C,C,C,440.7,627.9,373.2,452.0
656716,,Zach McKinstry,H,2B/3B/OF/SS,2B/3B/OF/SS,2B/3B/OF/SS,249.2,626.5,261.7,511.0
434378,,Justin Verlander,P,SP,SP,SP,544.9,625.0,141.5,152.0
666018,,Jonathan Aranda,H,1B/2B,1B/2B,1B/2B,375.9,622.0,312.9,422.0
665795,,Edward Cabrera,P,SP,SP,SP,556.3,621.0,129.7,137.7
573262,,Mike Yastrzemski,H,OF,OF,OF,415.2,621.0,395.2,558.0
694297,,Brandon Pfaadt,P,SP,SP,SP,665.3,619.7,154.5,176.7
678882,,Ceddanne Rafaela,H,2B/OF/SS,2B/OF/SS,2B/OF/SS,386.5,619.4,371.7,587.0
681082,,Bryson Stott,H,2B/SS,2B/SS,2B/SS,581.5,617.5,519.1,560.0
668715,,Spencer Steer,H,1B/2B/3B/OF,1B/2B/3B/OF,1B/2B/3B/OF,673.4,616.8,560.2,568.0
671739,,Michael Harris II,H,OF,OF,OF,732.1,616.0,534.1,641.0
657757,,Gavin Sheets,H,1B/OF,1B/OF,1B/OF,293.8,615.9,295.7,545.0
663158,,Robert Suarez,P,RP,RP,RP,449.8,615.5,65.0,69.7
680977,,Brendan Donovan,H,1B/2B/3B/OF,1B/2B/3B/OF,1B/2B/3B/OF,654.7,610.3,546.5,515.0
606192,,Teoscar Hernández,H,OF,OF,OF,771.3,610.3,624.3,546.0
593428,,Xander Bogaerts,H,2B/SS,2B/SS,2B/SS,640.6,610.2,551.6,552.0
678246,,Miguel Vargas,H,2B/3B/OF,2B/3B/OF,2B/3B/OF,530.5,608.8,494.3,569.0
663554,,Casey Mize,P,SP,SP,SP,475.8,607.5,123.5,149.0
663616,,Trevor Larnach,H,OF,OF,OF,491.8,605.1,424.8,567.0
662253,,Andrés Muñoz,P,RP,RP,RP,512.0,603.1,64.0,62.3
672386,,Alejandro Kirk,H,C,C,C,495.1,602.3,417.0,506.0
669923,,George Kirby,P,SP,SP,SP,744.1,599.3,158.9,126.0
668881,,Hunter Greene,P,SP,SP,SP,737.0,597.2,172.1,107.7
663993,,Nathaniel Lowe,H,1B,1B,1B,668.9,595.7,570.1,609.0
621242,,Edwin Díaz,P,RP,RP,RP,571.5,594.5,65.0,66.3
608337,,Lucas Giolito,P,SP,SP,SP,535.0,594.3,137.8,145.0
695243,,Mason Miller,P,RP,RP,RP,582.4,593.0,67.0,61.7
605137,,Josh Bell,H,1B,1B,1B,568.7,590.1,497.6,533.0
669461,,Matthew Liberatore,P,SP,SP,SP,525.2,589.8,134.6,151.7
676391,,Ernie Clement,H,2B/3B/SS,2B/3B/SS,2B/3B/SS,344.1,588.5,322.7,588.0
661395,,Jhoan Duran,P,RP,RP,RP,511.8,588.3,65.0,70.0
641857,,Ryan McMahon,H,2B/3B,2B/3B,2B/3B,667.8,586.7,603.7,586.0
672820,,Lenyn Sosa,H,2B/3B,2B/3B,2B/3B,397.6,586.7,391.2,544.0
592206,,Nick Castellanos,H,OF,OF,OF,626.3,585.3,566.3,589.0
680885,,Spencer Schwellenbach,P,SP,SP,SP,763.8,583.6,171.9,110.7
650556,,Bryan Abreu,P,RP,RP,RP,449.7,583.6,72.0,71.0
621244,,José Berríos,P,SP,SP,SP,709.6,579.6,191.4,166.0
502671,,Paul Goldschmidt,H,1B,1B,1B,704.1,577.7,587.8,534.0
670970,,Adrian Morejon,P,RP,RP,RP,339.4,577.1,61.0,73.7
681481,,Kerry Carpenter,H,OF,OF,OF,544.5,576.6,434.6,464.0
665833,,Oneil Cruz,H,OF/SS,OF/SS,OF/SS,742.7,574.9,574.9,544.0
669701,,Josh Smith,H,3B/OF/SS,3B/OF/SS,3B/OF/SS,400.5,574.9,378.5,563.0
630105,,Jake Cronenworth,H,1B/2B,1B/2B,1B/2B,550.9,574.2,525.2,515.0
701538,,Jackson Merrill,H,OF,OF,OF,766.7,574.0,586.0,483.0
666971,,Lourdes Gurriel Jr.,H,OF,OF,OF,566.4,572.8,485.5,546.0
571578,,Patrick Corbin,P,SP,SP,SP,292.8,572.6,89.8,155.3
671106,,Logan Allen,P,SP,SP,SP,428.7,569.7,122.2,156.7
670623,,Isaac Paredes,H,1B/2B/3B,1B/2B/3B,1B/2B/3B,740.1,568.0,596.9,438.0
673237,,Yainer Diaz,H,1B/C,1B/C,1B/C,651.3,567.7,532.4,567.0
676477,,Garrett Whitlock,P,RP,RP,RP,375.7,563.8,66.0,72.0
672640,,Otto Lopez,H,2B,2B,2B,440.8,561.0,405.7,594.0
543294,,Kyle Hendricks,P,SP,SP,SP,378.5,560.8,131.8,164.7
664761,,Alec Bohm,H,1B/3B,1B/3B,1B/3B,633.8,559.3,536.3,504.0
663457,,Lars Nootbaar,H,OF,OF,OF,636.0,558.5,495.6,583.0
670280,,David Bednar,P,RP,RP,RP,446.7,557.9,64.0,62.7
592663,,J.T. Realmuto,H,C,C,C,477.5,555.9,434.1,550.0
671737,,Taj Bradley,P,SP,SP,SP,712.8,555.4,170.4,142.7
457705,,Andrew McCutchen,H,OF,OF,OF,401.6,553.5,376.9,551.0
643511,,Tyler Rogers,P,RP,RP,RP,334.9,551.5,70.0,77.3
571970,,Max Muncy,H,3B,3B,3B,512.9,549.2,438.8,388.0
607536,,Kyle Freeland,P,SP,SP,SP,454.5,547.3,158.4,162.7
683011,,Anthony Volpe,H,SS,SS,SS,651.9,546.4,596.5,596.0
678692,,Ronny Henriquez,P,RP,RP,RP,258.1,546.0,56.0,73.0
542888,,Shawn Armstrong,P,RP,RP,RP,262.6,545.1,54.0,74.0
608032,,Carlos Estévez,P,RP,RP,RP,397.5,542.1,64.0,66.0
686555,,Isaac Collins,H,Util,Util,Util,135.1,542.1,144.2,441.0
684007,,Shota Imanaga,P,SP,SP,SP,792.6,538.0,178.0,144.7
671277,,Luis García Jr.,H,2B,2B,2B,586.6,537.7,488.1,526.0
642701,,Dennis Santana,P,RP,RP,RP,331.8,536.6,65.0,70.3
641941,,Emilio Pagán,P,RP,RP,RP,318.0,536.5,65.0,68.7
663574,,Tony Santillan,P,RP,RP,RP,303.7,536.2,60.0,73.7
666158,,Gavin Lux,H,2B,2B,2B,491.6,535.5,440.8,503.0
693307,,Dillon Dingler,H,C,C,C,200.8,533.1,214.9,469.0
676083,,Janson Junk,P,SP,RP,SP,96.6,532.4,30.2,110.0
681517,,Kyle Leahy,P,RP,RP,RP,247.7,531.7,56.0,88.0
641745,,Brad Keller,P,RP,RP,RP,243.8,530.3,57.0,69.7
680777,,Ryan Jeffers,H,C,C,C,429.9,528.9,377.8,464.0
477132,,Clayton Kershaw,P,SP,SP,SP,293.3,527.1,71.4,112.7
669016,,Brandon Marsh,H,OF,OF,OF,516.8,526.4,460.1,425.0
690993,,Colt Keith,H,2B,2B,2B,596.0,526.1,510.0,468.0
642207,,Devin Williams,P,RP,RP,RP,494.4,523.3,63.0,62.0
643446,,Jeff McNeil,H,2B/OF,2B/OF,2B/OF,355.6,523.1,327.4,462.0
643217,,Andrew Benintendi,H,OF,OF,OF,520.8,522.3,483.6,470.0
663893,,Brendon Little,P,RP,RP,RP,276.1,522.3,56.0,68.3
677800,,Wilyer Abreu,H,OF,OF,OF,463.4,521.3,395.4,417.0
680574,,Matt McLain,H,2B/SS,2B/SS,2B/SS,675.9,519.0,515.4,577.0
693821,,Bryce Elder,P,SP,SP,SP,267.2,518.5,69.2,156.3
669467,,Andre Pallante,P,SP,SP,SP,519.2,516.6,134.9,162.7
656775,,Cedric Mullins,H,OF,OF,OF,527.3,516.2,468.6,498.0
628452,,Raisel Iglesias,P,RP,RP,RP,505.1,512.3,68.0,67.3
660821,,Jesús Sánchez,H,OF,OF,OF,449.5,511.8,368.0,497.0
663697,,Jonathan India,H,2B,2B,2B,699.0,511.1,600.3,567.0
543760,,Marcus Semien,H,2B,2B,2B,732.9,511.0,619.3,534.0
666969,,Adolis García,H,OF,OF,OF,618.4,509.3,534.2,547.0
676684,,Will Vest,P,RP,RP,RP,387.9,508.3,68.0,68.7
663568,,Stephen Kolek,P,SP,SP,SP,288.3,508.2,79.2,112.7
683146,,Brett Baty,H,3B,3B,3B,180.6,505.5,174.1,432.0
669720,,Austin Hays,H,OF,OF,OF,403.8,504.8,370.6,416.0
678606,,José A. Ferrer,P,RP,RP,RP,338.9,504.8,62.0,76.3
687462,,Spencer Horwitz,H,1B/2B,1B/2B,1B/2B,490.9,504.4,395.2,411.0
669093,,Jeremiah Estrada,P,RP,RP,RP,409.9,502.8,63.0,73.0
663436,,Davis Martin,P,SP,SP,SP,448.8,502.1,133.2,142.7
642100,,Gabe Speier,P,RP,RP,RP,309.0,497.5,58.0,62.0
608348,,Carson Kelly,H,C,C,C,265.0,497.2,267.5,421.0
691026,,Masyn Winn,H,SS,SS,SS,669.7,495.4,595.9,537.0
663586,,Austin Riley,H,3B,3B,3B,837.1,493.9,622.6,447.0
592791,,Jameson Taillon,P,SP,SP,SP,598.8,493.3,167.8,129.7
664208,,Phil Maton,P,RP,RP,RP,306.4,492.8,63.0,61.3
673962,,Josh Jung,H,3B,3B,3B,515.0,491.4,465.9,511.0
686668,,Brenton Doyle,H,OF,OF,OF,656.0,490.9,587.5,538.0
673540,,Kodai Senga,P,SP,SP,SP,734.8,490.7,163.3,113.3
595345,,Steven Okert,P,RP,RP,RP,222.0,489.5,52.0,71.7
691587,,Eury Pérez,P,SP,SP,SP,363.4,486.1,80.6,95.3
691176,,Jasson Domínguez,H,OF,OF,OF,537.7,481.4,454.2,429.0
643377,,Griffin Jax,P,RP,RP,RP,455.2,479.9,70.0,66.0
683769,,Hunter Gaddis,P,RP,RP,RP,324.2,479.1,65.0,66.7
676282,,Joey Cantillo,P,SP,SP,SP,473.5,478.7,100.7,95.3
656794,,Sean Newcomb,P,SP,RP,SP,161.7,477.4,45.1,92.3
676572,,Eric Wagaman,H,3B,3B,3B,187.0,477.1,179.4,514.0
547179,,Michael Lorenzen,P,SP,SP,SP,515.2,476.4,152.3,141.7
670242,,Matt Wallner,H,OF,OF,OF,550.2,476.3,457.6,392.0
592094,,Jason Adam,P,RP,RP,RP,409.7,476.3,67.0,65.3
665966,,Carlos Narváez,H,Util,Util,Util,188.0,475.6,210.5,446.0
593958,,Eduardo Rodriguez,P,SP,SP,SP,636.1,474.8,153.3,154.3
607192,,Tyler Glasnow,P,SP,SP,SP,784.4,473.9,143.7,90.3
680730,,Mitchell Parker,P,SP,SP,SP,568.8,473.2,154.4,164.7
595777,,Jurickson Profar,H,OF,OF,OF,707.0,473.0,597.6,371.0
596146,,Max Kepler,H,OF,OF,OF,450.1,473.0,416.1,474.0
519317,,Giancarlo Stanton,H,OF,OF,OF,363.0,470.6,291.3,281.0
669224,,Austin Wells,H,C,C,C,504.1,470.4,454.3,448.0
677944,,Slade Cecconi,P,SP,RP,SP,194.5,469.6,47.5,132.0
621381,,Matt Strahm,P,RP,RP,RP,400.4,469.6,66.0,62.3
668901,,Mark Vientos,H,1B/3B,1B/3B,1B/3B,730.6,469.4,587.0,463.0
683734,,Andrew Vaughn,H,1B,1B,1B,686.3,468.2,599.6,447.0
669387,,Carmen Mlodzinski,P,SP,RP,SP,268.7,466.0,72.7,99.0
663978,,Chris Paddack,P,SP,SP,SP,542.2,465.3,134.5,158.0
607625,,Seth Lugo,P,SP,SP,SP,763.7,464.6,190.3,145.3
686797,,Brooks Lee,H,2B/3B/SS,2B/3B/SS,2B/3B/SS,372.4,464.5,351.2,527.0
664034,,Ty France,H,1B,1B,1B,474.0,463.6,435.6,490.0
686973,,Louis Varland,P,RP,RP,RP,364.4,460.9,69.0,72.7
660825,,Eduard Bazardo,P,RP,RP,RP,212.1,458.6,48.0,78.7
664770,,Nathan Lukes,H,OF,OF,OF,105.9,458.3,100.2,438.0
668941,,JoJo Romero,P,RP,RP,RP,338.0,457.6,62.0,61.0
656550,,Grant Holmes,P,SP,SP,SP,490.1,457.2,124.2,115.0
670955,,Edwin Uceta,P,RP,RP,RP,348.0,455.9,65.0,76.0
609280,,Miguel Andujar,H,OF,OF,OF,406.6,455.1,365.3,341.0
623474,,Jimmy Herget,P,RP,RP,RP,175.7,454.7,50.0,83.3
623352,,Josh Hader,P,RP,RP,RP,544.6,453.9,68.0,52.7
500779,,Jose Quintana,P,SP,SP,SP,486.9,453.9,135.7,131.7
502054,,Tommy Pham,H,OF,OF,OF,409.3,451.7,399.2,449.0
666808,,Camilo Doval,P,RP,RP,RP,425.8,451.7,62.0,65.3
663853,,Romy Gonzalez,H,1B/2B/3B/OF/SS,1B/2B/3B/OF/SS,1B/2B/3B/OF/SS,135.6,451.4,123.2,341.0
527038,,Wilmer Flores,H,1B/3B,1B/3B,1B/3B,309.6,450.9,283.8,463.0
671289,,Tyler Freeman,H,2B/3B/OF/SS,2B/3B/OF/SS,2B/3B/OF/SS,302.4,448.8,254.4,428.0
657649,,Jared Koenig,P,RP,RP,RP,337.0,448.4,62.0,66.0
573204,,Caleb Thielbar,P,RP,RP,RP,301.7,446.9,56.0,58.0
681190,,Randy Vásquez,P,SP,SP,SP,305.2,446.3,93.7,133.7
641816,,Tyler Mahle,P,SP,SP,SP,521.7,445.4,138.3,86.7
643565,,Mike Tauchman,H,OF,OF,OF,347.9,444.4,319.1,385.0
675911,,Spencer Strider,P,SP,SP,SP,717.5,444.1,128.6,125.3
681911,,Alex Vesia,P,RP,RP,RP,321.8,442.6,58.0,59.7
445276,,Kenley Jansen,P,RP,RP,RP,418.9,441.0,60.0,59.0
596133,,Luke Weaver,P,RP,RP,RP,380.8,440.9,68.0,64.7
571945,,Miles Mikolas,P,SP,SP,SP,602.4,440.8,169.3,156.3
640448,,Kyle Finnegan,P,RP,RP,RP,417.0,440.6,63.0,57.0
664126,,Pete Fairbanks,P,RP,RP,RP,436.5,439.4,60.0,60.3
650489,,Willi Castro,H,2B/3B/OF/SS,2B/3B/OF/SS,2B/3B/OF/SS,551.8,438.2,536.7,454.0
656730,,Trevor Megill,P,RP,RP,RP,479.3,436.3,64.0,47.0
687911,,Bryan King,P,RP,RP,RP,319.7,435.2,62.0,68.0
641755,,Tyler Kinley,P,RP,RP,RP,357.6,435.1,64.0,72.7
641927,,Bailey Ober,P,SP,SP,SP,719.1,432.5,171.0,146.3
624428,,Adam Frazier,H,2B/OF,2B/OF,2B/OF,158.3,432.4,176.1,459.0
680573,,Simeon Woods Richardson,P,SP,SP,SP,429.1,432.2,129.2,111.3
680732,,Sean Burke,P,SP,SP,SP,554.0,429.6,169.5,134.3
672761,,Wenceel Pérez,H,OF,OF,OF,309.0,429.5,307.5,383.0
668933,,Graham Ashcraft,P,RP,RP,RP,247.8,427.1,55.0,65.3
673357,,Luis Robert Jr.,H,OF,OF,OF,653.0,426.7,567.5,431.0
676879,,Aaron Ashby,P,RP,RP,RP,224.9,423.0,52.9,66.7
641302,,Tyler Alexander,P,SP,RP,SP,190.6,422.8,53.9,97.7
656641,,Jacob Latz,P,SP,RP,SP,193.1,422.4,48.0,85.7
664076,,Garrett Cleavinger,P,RP,RP,RP,371.6,422.2,63.0,61.3
622554,,Seranthony Domínguez,P,RP,RP,RP,352.1,421.8,63.0,62.7
650859,,Luis Rengifo,H,2B/3B/OF/SS,2B/3B/OF/SS,2B/3B/OF/SS,532.5,420.9,468.3,541.0
694738,,Landen Roupp,P,SP,SP,SP,576.6,420.2,137.1,106.7
571927,,Steven Matz,P,RP,SP,RP,538.4,420.1,127.1,76.7
669160,,Dustin May,P,SP,SP,SP,383.9,419.8,80.6,132.3
682622,,Noelvi Marte,H,3B,3B,3B,146.4,419.3,149.8,360.0
676059,,Jordan Westburg,H,2B/3B,2B/3B,2B/3B,639.6,419.0,517.7,352.0
676694,,Jake Meyers,H,OF,OF,OF,368.8,418.5,367.8,381.0
656546,,Jeff Hoffman,P,RP,RP,RP,490.6,418.3,65.0,68.0
605170,,Victor Caratini,H,1B/C,1B/C,1B/C,240.6,417.7,225.4,386.0
676609,,José Caballero,H,2B/3B/SS,2B/3B/SS,2B/3B/SS,270.0,417.6,275.6,370.0
595879,,Javier Báez,H,SS,SS,SS,292.4,416.1,320.7,437.0
694037,,Daniel Palencia,P,RP,RP,RP,178.3,415.8,38.0,52.7
663559,,Bailey Falter,P,SP,SP,SP,481.9,415.8,144.9,125.3
663647,,Ke'Bryan Hayes,H,3B,3B,3B,494.8,415.3,474.1,570.0
624424,,Michael Conforto,H,OF,OF,OF,460.4,414.5,402.1,486.0
450203,,Charlie Morton,P,SP,SP,SP,620.4,412.7,158.6,142.0
681347,,Mike Burrows,P,SP,RP,SP,115.1,411.7,28.0,96.0
676254,,Ryan Walker,P,RP,RP,RP,531.1,411.7,68.0,61.3
677950,,Alek Thomas,H,OF,OF,OF,304.1,408.7,270.3,469.0
467793,,Carlos Santana,H,1B,1B,1B,539.6,408.2,491.2,474.0
676508,,Ben Casparius,P,RP,RP,RP,188.9,405.5,47.0,77.7
669276,,Dylan Lee,P,RP,RP,RP,346.2,404.0,62.0,68.3
669711,,Greg Weissert,P,RP,RP,RP,291.4,403.8,60.0,67.0
663485,,Cole Sands,P,RP,RP,RP,364.5,403.7,64.0,72.0
663623,,Jake Irvin,P,SP,SP,SP,610.1,401.6,168.8,180.0
571948,,Hoby Milner,P,RP,RP,RP,270.9,401.2,58.0,70.3
700249,,Cade Povich,P,SP,SP,SP,257.3,401.2,65.5,112.3
641329,,Bryan Baker,P,RP,RP,RP,234.8,400.8,52.0,68.7
571448,,Nolan Arenado,H,3B,3B,3B,655.9,400.4,583.3,436.0
678495,,Randy Rodríguez,P,RP,RP,RP,271.6,398.3,56.0,50.7
666139,,Josh Lowe,H,OF,OF,OF,567.7,397.9,475.2,435.0
676395,,Robert Garcia,P,RP,RP,RP,396.0,396.4,64.0,64.0
676962,,Ben Brown,P,SP,SP,SP,521.8,393.9,111.1,106.3
641154,,Pablo López,P,SP,SP,SP,910.9,393.7,193.1,75.7
672356,,Gabriel Arias,H,1B/3B/OF/SS,1B/3B/OF/SS,1B/3B/OF/SS,291.2,393.3,293.9,471.0
672282,,Reid Detmers,P,RP,SP,RP,494.5,392.5,106.8,63.7
657571,,Caleb Ferguson,P,RP,RP,RP,334.7,392.5,61.0,65.3
668674,,Lucas Erceg,P,RP,RP,RP,426.2,392.3,67.0,61.3
682657,,Angel Martínez,H,OF,OF,OF,112.4,392.1,118.5,484.0
647336,,Michael Soroka,P,SP,SP,SP,514.0,390.7,135.1,89.7
684320,,Yariel Rodríguez,P,RP,SP,RP,520.1,389.8,113.5,73.0
687363,,Victor Scott II,H,OF,OF,OF,331.2,389.2,363.8,463.0
668904,,Royce Lewis,H,3B,3B,3B,594.7,389.0,468.8,403.0
607200,,Erick Fedde,P,SP,SP,SP,633.7,387.5,166.9,141.0
663969,,Tyler Phillips,P,RP,RP,RP,210.3,385.3,50.0,77.7
682052,,Jacob Lopez,P,SP,RP,SP,95.6,381.6,22.0,92.7
680736,,Justin Wrobleski,P,RP,RP,RP,158.3,380.5,40.0,66.7
552640,,Andrew Kittredge,P,RP,RP,RP,145.4,379.5,34.0,53.0
657376,,Clarke Schmidt,P,SP,SP,SP,583.3,378.8,146.9,78.7
672515,,Gabriel Moreno,H,C,C,C,518.4,378.7,424.0,309.0
662139,,Daulton Varsho,H,OF,OF,OF,511.9,377.3,482.8,271.0
678662,,Ezequiel Tovar,H,SS,SS,SS,692.4,376.3,617.6,390.0
643396,,Isiah Kiner-Falefa,H,2B/3B/OF/SS,2B/3B/OF/SS,2B/3B/OF/SS,432.4,376.2,453.0,459.0
661403,,Emmanuel Clase,P,RP,RP,RP,522.9,376.1,66.0,47.3
663886,,Tyler Stephenson,H,C,C,C,416.6,376.0,371.7,342.0
516782,,Starling Marte,H,OF,OF,OF,298.0,375.3,272.6,329.0
656555,,Rhys Hoskins,H,1B,1B,1B,557.2,373.9,492.2,328.0
663947,,Tyler Holton,P,SP,RP,SP,353.8,373.6,63.0,78.7
702352,,Spencer Bivens,P,RP,RP,RP,227.2,372.8,53.0,81.0
676664,,JP Sears,P,SP,SP,SP,576.4,371.1,177.7,135.7
669357,,Nolan Gorman,H,2B/3B,2B/3B,2B/3B,411.8,370.2,373.1,402.0
621383,,Tanner Banks,P,RP,RP,RP,346.7,370.0,68.0,67.3
650644,,Aaron Civale,P,SP,SP,SP,564.7,369.4,149.0,102.0
602104,,Ramón Urías,H,1B/2B/3B,1B/2B/3B,1B/2B/3B,248.4,369.4,234.0,391.0
666310,,Bo Naylor,H,C,C,C,418.4,368.4,398.4,414.0
642397,,Gregory Soto,P,RP,RP,RP,349.1,368.1,61.0,60.3
657585,,Reed Garrett,P,RP,RP,RP,375.6,367.8,66.0,55.3
681351,,Logan O'Hoppe,H,C,C,C,465.3,367.5,417.3,451.0
687401,,Joey Ortiz,H,2B/3B/SS,2B/3B/SS,2B/3B/SS,536.1,366.7,489.4,506.0
605540,,Brandon Woodruff,P,SP,SP,SP,715.2,365.8,156.7,64.7
669394,,Jake Burger,H,1B/3B,1B/3B,1B/3B,627.1,364.1,529.1,376.0
682847,,Luis Ortiz,P,SP,SP,SP,467.7,363.5,137.9,88.7
670167,,John Schreiber,P,RP,RP,RP,306.9,363.4,62.0,64.0
666142,,Cole Ragans,P,SP,SP,SP,895.9,362.4,182.6,61.7
673929,,Jordan Leasure,P,RP,RP,RP,296.7,361.1,63.0,64.3
669622,,Anthony Bender,P,RP,RP,RP,355.3,360.9,61.0,50.0
643376,,Danny Jansen,H,C,C,C,351.0,360.7,317.8,337.0
592836,,Taijuan Walker,P,SP,RP,SP,239.7,360.6,74.7,123.7
669707,,Jared Triolo,H,1B/2B/3B,1B/2B/3B,1B/2B/3B,255.6,360.5,259.8,376.0
682177,,Daniel Schneemann,H,3B/OF/SS,3B/OF/SS,3B/OF/SS,199.7,360.2,223.8,422.0
689147,,Orion Kerkering,P,RP,RP,RP,391.1,360.2,63.0,60.0
656976,,Pavin Smith,H,1B/OF,1B/OF,1B/OF,333.2,360.2,291.1,288.0
669743,,Alex Call,H,OF,OF,OF,232.2,356.3,226.6,322.0
666214,,Joey Wentz,P,SP,RP,SP,318.8,355.9,65.0,98.0
686993,,Justin Sterner,P,RP,RP,RP,253.5,355.8,58.0,65.0
660162,,Yoán Moncada,H,3B,3B,3B,404.2,355.7,411.6,289.0
669477,,Casey Schmitt,H,2B/3B/SS,2B/3B/SS,2B/3B/SS,114.2,354.7,121.9,348.0
666374,,Matt Brash,P,RP,RP,RP,280.5,354.5,50.0,47.3
693304,,Nick Gonzales,H,2B/SS,2B/SS,2B/SS,434.0,353.1,396.2,408.0
669221,,Sean Murphy,H,C,C,C,357.9,350.9,320.3,337.0
656986,,Bennett Sousa,P,RP,RP,RP,178.8,350.5,43.0,50.7
605483,,Blake Snell,P,SP,SP,SP,861.7,350.4,170.0,61.3
676534,,Calvin Faucher,P,RP,RP,RP,407.8,350.3,63.0,60.3
669199,,Lake Bachar,P,RP,RP,RP,267.0,349.4,60.0,71.0
592454,,Tommy Kahnle,P,RP,RP,RP,347.0,348.2,61.0,63.0
681297,,Colton Cowser,H,OF,OF,OF,587.4,348.0,499.0,360.0
700241,,Michael McGreevy,P,SP,SP,SP,343.1,347.3,84.7,95.7
656945,,Tanner Scott,P,RP,RP,RP,503.0,347.1,66.0,57.0
683232,,Nick Mears,P,RP,RP,RP,326.3,347.0,58.0,56.7
518585,,Fernando Cruz,P,RP,RP,RP,373.8,344.9,61.0,48.0
682626,,Francisco Alvarez,H,C,C,C,393.9,343.7,337.6,277.0
605130,,Scott Barlow,P,RP,RP,RP,285.6,343.3,58.0,68.3
593974,,Wandy Peralta,P,RP,RP,RP,229.5,343.2,52.0,71.7
681982,,Grant Anderson,P,RP,RP,RP,98.0,342.7,24.0,69.7
668709,,JJ Bleday,H,OF,OF,OF,696.5,342.2,605.2,344.0
542881,,Tyler Anderson,P,SP,SP,SP,530.5,341.5,171.4,136.3
668939,,Adley Rutschman,H,C,C,C,695.1,341.0,570.0,365.0
623211,,Huascar Brazobán,P,RP,RP,RP,202.9,338.8,47.0,63.0
643289,,Mauricio Dubón,H,1B/2B/3B/OF/SS,1B/2B/3B/OF/SS,1B/2B/3B/OF/SS,322.6,336.8,334.6,398.0
663687,,Hogan Harris,P,RP,RP,RP,254.4,336.6,62.0,64.7
681857,,Reese Olson,P,SP,SP,SP,615.7,335.8,143.9,68.7
500743,,Miguel Rojas,H,2B/3B/SS,2B/3B/SS,2B/3B/SS,101.2,335.1,105.7,317.0
681393,,Connor Norby,H,2B/3B,2B/3B,2B/3B,538.7,334.6,516.0,337.0
669242,,Tommy Edman,H,2B/OF/SS,2B/OF/SS,2B/OF/SS,489.1,334.3,459.9,377.0
642133,,Rowdy Tellez,H,1B,1B,1B,314.3,334.2,297.7,312.0
656731,,Tylor Megill,P,SP,SP,SP,421.4,333.9,93.6,68.3
664728,,Kyle Isbel,H,OF,OF,OF,421.4,333.8,415.8,409.0
596001,,Jakob Junis,P,RP,RP,RP,348.7,333.4,68.8,66.7
657612,,Tim Hill,P,RP,RP,RP,231.7,332.6,57.0,67.0
681460,,Brooks Baldwin,H,2B,2B,2B,215.6,331.3,223.1,328.0
663698,,Joey Bart,H,C,C,C,333.8,330.8,332.1,332.0
656222,,Jalen Beeks,P,RP,RP,RP,231.3,330.3,50.0,57.3
571946,,Shelby Miller,P,RP,RP,RP,260.0,330.1,56.0,46.0
572955,,Pierce Johnson,P,RP,RP,RP,373.6,330.0,64.0,59.0
676130,,José Buttó,P,RP,RP,RP,337.2,328.4,63.0,67.0
607455,,Anthony Banda,P,RP,RP,RP,292.2,327.6,57.0,65.0
672275,,Patrick Bailey,H,C,C,C,437.8,327.2,459.4,452.0
669211,,Keegan Akin,P,RP,RP,RP,414.0,325.3,70.0,63.3
543309,,Kyle Higashioka,H,C,C,C,256.8,324.4,261.0,327.0
641680,,Jonah Heim,H,C,C,C,307.5,324.1,318.2,433.0
657097,,Jacob Webb,P,RP,RP,RP,261.9,324.0,58.0,66.0
676428,,Brant Hurter,P,RP,RP,RP,272.2,320.8,55.0,63.0
621053,,Tyler Ferguson,P,RP,RP,RP,312.4,320.2,62.0,58.0
458677,,Justin Wilson,P,RP,RP,RP,297.9,320.0,58.0,48.3
656288,,Griffin Canning,P,SP,SP,SP,458.9,319.5,122.6,76.3
672582,,Angel Zerpa,P,RP,RP,RP,334.1,318.2,61.0,64.7
472610,,Luis García,P,RP,RP,RP,142.1,317.9,33.0,55.3
605400,,Aaron Nola,P,SP,SP,SP,815.9,317.3,187.7,94.3
686780,,Pedro Pagés,H,C,C,C,219.5,316.7,235.2,389.0
691594,,Javier Sanoja,H,Util,Util,Util,227.4,316.0,237.3,342.0
672841,,Carlos Vargas,P,RP,RP,RP,238.9,315.2,54.0,77.0
664854,,Ryan Helsley,P,RP,RP,RP,545.6,314.4,66.0,56.0
660853,,Enyel De Los Santos,P,RP,RP,RP,250.6,313.7,54.0,66.0
663624,,Ryan Mountcastle,H,1B,1B,1B,532.4,313.5,457.4,357.0
606160,,Rafael Montero,P,RP,RP,RP,187.6,312.8,48.0,60.3
624641,,Edmundo Sosa,H,2B/3B/SS,2B/3B/SS,2B/3B/SS,190.0,311.2,196.8,261.0
669372,,J.T. Ginn,P,SP,SP,SP,306.5,311.2,88.8,90.3
623437,,Justin Topa,P,RP,RP,RP,239.5,310.6,52.0,60.0
669724,,Brenan Hanifee,P,RP,RP,RP,277.3,310.1,57.0,60.0
677587,,Brayan Rocchio,H,SS,SS,SS,474.2,308.6,459.4,383.0
656271,,Brock Burke,P,RP,RP,RP,338.5,308.1,66.0,61.7
663465,,Kolby Allard,P,RP,RP,RP,87.8,308.1,22.0,65.0
680767,,Victor Vodnik,P,RP,RP,RP,321.2,306.7,65.0,50.7
642585,,Félix Bautista,P,RP,RP,RP,508.1,304.0,60.0,34.7
666134,,Nolan Jones,H,1B/OF,1B/OF,1B/OF,386.5,302.8,353.9,403.0
666624,,Christopher Morel,H,2B/3B/OF,2B/3B/OF,2B/3B/OF,500.4,302.1,431.0,305.0
676617,,Riley O'Brien,P,RP,RP,RP,247.0,301.8,53.0,48.0
669203,,Corbin Burnes,P,SP,SP,SP,897.8,301.6,189.8,64.3
624585,,Jorge Soler,H,OF,OF,OF,633.5,300.6,516.8,315.0
805673,,Zebby Matthews,P,SP,SP,SP,438.7,299.1,107.0,79.3
615698,,Cal Quantrill,P,SP,SP,SP,454.1,296.5,146.4,117.7
650633,,Michael King,P,SP,SP,SP,820.1,295.9,179.5,73.3
664199,,Taylor Clarke,P,RP,RP,RP,85.2,295.3,22.0,55.3
676914,,Davis Schneider,H,2B/OF,2B/OF,2B/OF,265.4,293.2,253.5,227.0
691723,,Coby Mayo,H,3B,3B,3B,144.3,293.1,134.1,294.0
608701,,Rob Refsnyder,H,OF,OF,OF,234.3,292.5,198.1,209.0
621111,,Walker Buehler,P,SP,SP,SP,549.4,291.8,152.4,126.0
649966,,Luis Urías,H,2B/3B,2B/3B,2B/3B,298.5,290.1,300.1,330.0
571760,,Andrew Heaney,P,SP,SP,SP,558.2,287.4,143.3,122.3
665926,,Andrés Giménez,H,2B,2B,2B,648.7,286.0,594.6,369.0
666974,,Yennier Cano,P,RP,RP,RP,357.1,284.9,62.0,58.0
686611,,Dylan Crews,H,OF,OF,OF,584.8,282.5,543.5,322.0
657514,,Brennan Bernardino,P,RP,RP,RP,266.1,280.6,55.0,51.7
691023,,Jordan Walker,H,OF,OF,OF,532.2,280.2,475.5,396.0
685126,,Brandon Eisert,P,RP,RP,RP,148.7,276.9,37.0,69.7
667472,,Dane Myers,H,OF,OF,OF,261.5,276.8,270.1,333.0
543056,,Danny Coulombe,P,RP,RP,RP,290.5,276.1,56.0,43.0
666023,,Freddy Fermin,H,C,C,C,291.2,273.0,278.8,347.0
672456,,Keider Montero,P,SP,SP,SP,190.4,272.1,50.4,90.7
686563,,Jonathan Cannon,P,SP,SP,SP,476.3,271.8,158.7,103.7
621051,,Steven Wilson,P,RP,RP,RP,96.8,270.4,32.0,55.3
545341,,Randal Grichuk,H,OF,OF,OF,235.0,268.9,212.9,293.0
592426,,Luke Jackson,P,RP,RP,RP,331.3,265.6,60.0,51.0
669911,,Michael Toglia,H,1B/OF,1B/OF,1B/OF,550.6,264.1,474.8,337.0
641343,,Jake Bauers,H,1B/OF,1B/OF,1B/OF,111.8,264.1,121.0,218.0
572191,,Michael A. Taylor,H,OF,OF,OF,142.2,262.5,173.3,325.0
592866,,Trevor Williams,P,SP,SP,SP,457.3,261.8,136.9,82.7
592773,,Ryne Stanek,P,RP,RP,RP,311.0,261.7,58.0,56.0
663941,,Tristan Beck,P,RP,RP,RP,180.4,261.0,42.0,56.7
677942,,Blaze Alexander,H,2B/SS,2B/SS,2B/SS,118.1,259.9,135.7,266.0
676106,,Emerson Hancock,P,SP,SP,SP,200.6,259.7,67.5,90.0
592779,,Brock Stewart,P,RP,RP,RP,267.4,259.6,50.0,37.7
643410,,Mark Leiter Jr.,P,RP,RP,RP,319.8,259.0,58.0,48.3
607481,,Aaron Bummer,P,RP,RP,RP,381.2,258.6,61.0,54.3
694497,,Evan Carter,H,OF,OF,OF,331.6,258.3,293.0,220.0
453286,,Max Scherzer,P,SP,SP,SP,551.1,258.1,124.5,85.0
666181,,Will Benson,H,OF,OF,OF,154.6,257.8,144.1,253.0
663738,,Daniel Lynch IV,P,RP,RP,RP,284.5,257.7,70.0,67.7
656457,,Tyler Gilbert,P,SP,RP,SP,257.3,256.9,58.0,51.0
621438,,Tyrone Taylor,H,OF,OF,OF,308.7,256.7,301.5,341.0
656234,,Jake Bird,P,RP,RP,RP,259.5,255.4,61.0,55.3
682243,,Bryce Miller,P,SP,SP,SP,744.0,254.6,177.7,90.3
666171,,Ryan Zeferjahn,P,RP,RP,RP,268.2,253.8,61.0,57.0
527048,,Martín Pérez,P,SP,SP,SP,418.2,252.6,137.2,56.0
641598,,Mitch Garver,H,C,C,C,304.0,252.3,300.9,290.0
571657,,Kyle Farmer,H,2B/3B/SS,2B/3B/SS,2B/3B/SS,191.1,251.8,184.1,300.0
506433,,Yu Darvish,P,SP,SP,SP,555.0,250.0,137.3,72.0
670541,,Yordan Alvarez,H,OF,OF,OF,1036.3,249.7,597.7,199.0
455119,,Chris Martin,P,RP,RP,RP,400.2,248.7,58.0,42.3
657044,,Ryan Thompson,P,RP,RP,RP,312.5,247.5,63.0,41.3
695336,,Thomas Saggese,H,2B,2B,2B,233.0,247.4,245.0,295.0
578428,,Jose Iglesias,H,2B/3B,2B/3B,2B/3B,259.7,245.8,271.8,343.0
673513,,Yuki Matsui,P,RP,RP,RP,318.3,244.9,58.0,63.3
592626,,Joc Pederson,H,OF,OF,OF,531.8,243.9,398.4,306.0
687765,,Mitch Spence,P,SP,SP,SP,414.6,243.1,109.7,84.7
674444,,Steven Cruz,P,RP,RP,RP,186.7,237.8,48.0,45.7
696285,,Jacob Young,H,OF,OF,OF,408.9,237.2,427.8,364.0
670764,,Taylor Walls,H,2B/3B/SS,2B/3B/SS,2B/3B/SS,210.0,236.9,237.1,317.0
573124,,Taylor Rogers,P,RP,RP,RP,339.2,234.6,62.0,50.7
624431,,Jose Trevino,H,C,C,C,214.3,233.8,216.7,302.0
608718,,Brent Suter,P,RP,RP,RP,254.1,232.0,64.0,67.7
663855,,Jordan Hicks,P,SP,SP,SP,556.8,230.5,137.9,67.3
667297,,Tommy Nance,P,RP,RP,RP,169.1,229.3,42.0,31.7
620443,,Luis Torrens,H,C,C,C,189.0,227.6,206.3,283.0
678368,,Valente Bellozo,P,SP,SP,SP,194.2,227.4,69.4,81.3
806185,,Hayden Birdsong,P,SP,SP,SP,487.2,226.3,112.8,65.7
641584,,Jake Fraley,H,OF,OF,OF,423.0,226.3,360.0,217.0
682254,,Mason Montgomery,P,RP,RP,RP,307.8,226.2,60.0,46.0
669438,,Mason Englert,P,RP,RP,RP,218.8,225.5,53.0,44.7
671212,,Joe Boyle,P,SP,RP,SP,310.2,222.2,70.3,52.0
489446,,Kirby Yates,P,RP,RP,RP,377.1,221.4,60.0,41.3
664238,,Dylan Moore,H,1B/2B/3B/OF/SS,1B/2B/3B/OF/SS,1B/2B/3B/OF/SS,313.2,220.9,315.0,243.0
640455,,Sean Manaea,P,SP,SP,SP,663.9,220.8,162.4,60.7
548384,,Brooks Raley,P,RP,RP,RP,82.5,219.5,20.0,25.7
608566,,Germán Márquez,P,SP,SP,SP,540.0,219.2,160.3,126.3
661563,,Luis Gil,P,SP,SP,SP,398.8,218.1,99.0,57.0
669397,,Nick Allen,H,SS,SS,SS,165.2,217.7,177.0,416.0
642708,,Amed Rosario,H,2B/3B/OF/SS,2B/3B/OF/SS,2B/3B/OF/SS,232.9,216.2,237.1,191.0
681870,,Erik Sabrowski,P,RP,RP,RP,204.8,216.1,46.0,29.3
642232,,Ryan Yarbrough,P,SP,RP,SP,147.2,214.9,44.0,64.0
681892,,Kody Funderburk,P,RP,RP,RP,219.0,214.4,48.0,41.0
676974,,Max Meyer,P,SP,SP,SP,567.0,213.7,147.0,64.7
678554,,Curtis Mead,H,2B/3B,2B/3B,2B/3B,267.5,212.2,244.2,264.0
669854,,Ronel Blanco,P,SP,SP,SP,605.3,211.4,159.7,48.3
641933,,Tyler O'Neill,H,OF,OF,OF,481.2,210.9,412.3,209.0
553869,,Elias Díaz,H,C,C,C,235.3,210.1,276.7,283.0
669289,,Santiago Espinal,H,2B/3B/SS,2B/3B/SS,2B/3B/SS,218.1,209.6,215.7,328.0
686580,,Justin Slaten,P,RP,RP,RP,359.7,207.5,64.0,34.0
680742,,Jonathan Bowlan,P,RP,RP,RP,171.6,207.1,44.0,44.3
807799,,Masataka Yoshida,H,OF,OF,OF,204.9,206.2,166.2,205.0
669084,,DL Hall,P,RP,RP,RP,200.2,206.1,45.8,38.7
663743,,Nick Fortes,H,C,C,C,280.8,205.7,309.9,242.0
655889,,Manuel Rodríguez,P,RP,RP,RP,320.6,205.3,61.0,30.3
700669,,Gordon Graceffo,P,RP,RP,RP,203.6,203.6,57.1,43.0
571771,,Enrique Hernández,H,1B/2B/3B/OF/SS,1B/2B/3B/OF/SS,1B/2B/3B/OF/SS,223.7,202.4,225.8,256.0
668964,,Tobias Myers,P,SP,SP,SP,533.3,202.0,145.0,50.7
663767,,Chase Shugart,P,RP,RP,RP,80.3,201.4,22.0,45.0
680694,,Kyle Bradish,P,SP,RP,SP,116.6,201.1,22.0,32.0
668984,,Casey Legumina,P,RP,RP,RP,154.0,200.2,41.0,49.7
682120,,Tim Herrin,P,RP,RP,RP,345.7,200.0,62.0,42.7
685314,,Andrew Saalfrank,P,RP,RP,RP,108.8,195.9,26.0,29.0
700242,,Trey Sweeney,H,SS,SS,SS,287.0,194.9,312.1,326.0
679358,,Eric Orze,P,RP,RP,RP,195.2,193.3,48.0,41.7
641656,,Ian Hamilton,P,RP,RP,RP,345.9,192.7,60.0,40.0
682641,,Luis Matos,H,OF,OF,OF,282.6,188.4,271.4,184.0
672782,,Yoendrys Gómez,P,SP,RP,SP,185.2,188.1,46.0,62.7
700363,,AJ Smith-Shawver,P,SP,SP,SP,524.6,187.7,135.0,44.3
664192,,Joey Lucchesi,P,RP,RP,RP,88.1,187.5,23.1,38.3
677958,,Kumar Rocker,P,SP,SP,SP,585.4,187.2,132.4,64.3
672391,,Kaleb Ort,P,RP,RP,RP,276.2,185.0,58.0,46.0
595928,,John Curtiss,P,RP,RP,RP,77.5,184.4,24.0,36.7
657557,,Paul DeJong,H,3B/SS,3B/SS,3B/SS,289.8,182.4,335.1,208.0
670042,,Luke Raley,H,1B/OF,1B/OF,1B/OF,489.4,182.0,449.9,219.0
686681,,Michael Massey,H,2B,2B,2B,482.7,181.7,440.7,277.0
666149,,Tyler Fitzgerald,H,OF/SS,OF/SS,OF/SS,416.3,181.4,411.7,243.0
642152,,Lou Trivino III,P,RP,RP,RP,327.6,181.3,66.0,47.7
701581,,David Festa,P,SP,SP,SP,374.0,181.3,85.4,53.3
678020,,Seth Halvorsen,P,RP,RP,RP,299.5,180.8,63.0,39.7
656180,,Riley Adams,H,C,C,C,139.5,180.7,144.9,286.0
670224,,Kameron Misner,H,Util,Util,Util,113.9,180.4,132.7,217.0
605177,,Andrew Chafin,P,RP,RP,RP,196.1,180.1,43.0,33.7
668820,,Max Kranick,P,RP,RP,RP,208.4,178.9,51.0,37.0
660688,,Keibert Ruiz,H,C,C,C,447.6,178.8,421.5,267.0
605447,,Jordan Romano,P,RP,RP,RP,390.3,177.7,59.0,42.7
688363,,Graham Pauley,H,Util,Util,Util,156.7,176.8,161.8,184.0
678226,,Daysbel Hernández,P,RP,RP,RP,314.6,176.7,58.0,37.0
693312,,Kyle Nicolas,P,RP,RP,RP,190.2,175.9,46.0,38.0
678009,,Parker Meadows,H,OF,OF,OF,436.8,175.6,405.1,213.0
621366,,Ryan Borucki,P,RP,RP,RP,235.6,175.4,52.0,35.0
685299,,Tanner Gordon,P,SP,RP,SP,106.6,175.1,34.9,75.3
689266,,Dylan Dodd,P,RP,RP,RP,138.1,174.7,35.0,35.0
669062,,Erik Miller,P,RP,RP,RP,371.5,174.6,61.0,30.0
660787,,Yerry De los Santos,P,RP,RP,RP,126.3,173.4,34.0,35.7
622608,,Antonio Senzatela,P,SP,SP,SP,418.8,173.2,148.2,130.0
628451,,Andy Ibáñez,H,1B/2B/3B/OF,1B/2B/3B/OF,1B/2B/3B/OF,157.4,172.8,164.5,193.0
673490,,Ha-Seong Kim,H,2B/3B/SS,2B/3B/SS,2B/3B/SS,447.5,171.4,396.6,191.0
594902,,Ben Lively,P,SP,SP,SP,425.2,170.9,136.0,44.7
677161,,Zack Kelly,P,RP,RP,RP,213.1,170.6,50.0,35.3
690925,,Clayton Beeter,P,RP,RP,RP,120.8,169.8,26.0,25.3
671131,,Jackson Rutledge,P,RP,RP,RP,153.8,168.7,40.0,73.3
621237,,José Alvarado,P,RP,RP,RP,377.3,168.0,61.0,26.0
518595,,Travis d'Arnaud,H,C,C,C,227.3,167.3,211.7,231.0
519151,,Ryan Pressly,P,RP,RP,RP,444.6,164.5,61.0,41.3
670912,,Johan Oviedo,P,SP,SP,SP,401.6,163.1,110.0,40.3
664983,,Jake McCarthy,H,OF,OF,OF,527.5,163.0,454.9,222.0
663423,,Trent Thornton,P,RP,RP,RP,337.1,162.9,67.0,42.3
666397,,Edouard Julien,H,2B,2B,2B,318.9,162.8,306.5,208.0
642136,,Matt Thaiss,H,C,C,C,141.9,162.0,151.4,190.0
669456,,Shane Bieber,P,SP,SP,SP,428.3,161.7,91.7,40.3
666152,,David Hamilton,H,2B/SS,2B/SS,2B/SS,147.9,159.7,145.3,194.0
690986,,Kyle Harrison,P,SP,SP,SP,423.9,158.7,95.0,35.7
686799,,Jack Kochanowicz,P,SP,SP,SP,379.9,158.5,129.1,111.0
664141,,JT Brubaker,P,RP,RP,RP,238.6,157.3,60.2,28.7
655316,,Andruw Monasterio,H,2B/3B,2B/3B,2B/3B,99.9,156.1,106.5,135.0
641401,,Connor Brogdon,P,RP,RP,RP,82.8,155.5,22.0,47.0
677588,,José Tena,H,2B/3B/SS,2B/3B/SS,2B/3B/SS,219.9,155.2,224.8,169.0
663368,,Blake Perkins,H,OF,OF,OF,254.3,153.7,263.1,171.0
672578,,Carlos Hernández,P,RP,RP,RP,218.8,151.5,50.0,43.3
677955,,Jaden Hill,P,RP,RP,RP,120.0,151.3,34.0,29.3
605452,,Joe Ross,P,RP,RP,RP,273.7,149.8,62.9,51.0
665871,,Javier Assad,P,SP,SP,SP,481.0,149.1,135.9,37.0
680474,,Max Schuemann,H,3B/OF/SS,3B/OF/SS,3B/OF/SS,122.0,148.9,146.1,213.0
676917,,Cade Cavalli,P,SP,SP,SP,381.9,148.8,98.0,48.7
695549,,Jackson Jobe,P,SP,SP,SP,421.7,147.9,130.0,49.0
682668,,Luisangel Acuña,H,SS,SS,SS,214.5,147.5,228.2,193.0
664875,,Justin Lawrence,P,RP,RP,RP,266.5,147.3,57.0,17.7
554340,,Yimi García,P,RP,RP,RP,370.2,147.0,61.0,21.0
623993,,Anthony Santander,H,1B/OF,1B/OF,1B/OF,801.6,145.3,635.3,221.0
657077,,Alex Verdugo,H,OF,OF,OF,202.7,145.1,193.9,213.0
457759,,Justin Turner,H,1B/2B/3B,1B/2B/3B,1B/2B/3B,326.3,144.5,309.4,191.0
677649,,Ezequiel Duran,H,1B/2B/3B/OF/SS,1B/2B/3B/OF/SS,1B/2B/3B/OF/SS,181.5,144.5,179.7,219.0
570482,,Gio Urshela,H,1B/3B/SS,1B/3B/SS,1B/3B/SS,323.2,142.3,323.6,197.0
456781,,Donovan Solano,H,1B/2B/3B,1B/2B/3B,1B/2B/3B,257.7,142.1,266.8,179.0
656464,,Kevin Ginkel,P,RP,RP,RP,311.6,141.9,51.0,25.7
680779,,Henry Davis,H,C/OF,C/OF,C/OF,105.0,139.3,106.6,283.0
518489,,Ryan Brasier,P,RP,RP,RP,292.0,138.6,52.0,26.0
676661,,Max Lazar,P,RP,RP,RP,149.8,138.2,40.0,41.3
677960,,Ryan Weathers,P,SP,SP,SP,398.0,136.4,106.7,38.3
642731,,Thairo Estrada,H,2B/SS,2B/SS,2B/SS,425.4,136.2,383.1,165.0
596103,,Austin Slater,H,OF,OF,OF,205.2,136.2,205.5,160.0
670156,,Miles Mastrobuoni,H,2B/3B/OF/SS,2B/3B/OF/SS,2B/3B/OF/SS,88.7,135.8,100.8,175.0
605347,,Jorge López,P,RP,RP,RP,304.2,134.2,60.0,24.7
665804,,Miguel Amaya,H,C,C,C,316.6,133.9,307.0,103.0
621107,,Zach Eflin,P,SP,SP,SP,716.7,132.7,175.9,71.3
664774,,LaMonte Wade Jr.,H,1B/OF,1B/OF,1B/OF,532.3,132.3,448.5,242.0
674370,,Osvaldo Bido,P,SP,SP,SP,445.4,132.0,121.1,79.7
518934,,DJ LeMahieu,H,1B/3B,1B/3B,1B/3B,203.1,131.9,207.3,142.0
677347,,Kyren Paris,H,2B/SS,2B/SS,2B/SS,100.7,131.6,126.0,140.0
595014,,Blake Treinen,P,RP,RP,RP,375.0,129.1,59.0,26.7
681869,,Shawn Dubin,P,RP,RP,RP,121.8,128.1,28.0,33.7
621112,,Paul Blackburn,P,RP,SP,RP,358.8,126.6,88.7,39.0
642121,,Cole Sulser,P,RP,RP,RP,107.1,126.4,28.0,22.7
543877,,Christian Vázquez,H,C,C,C,180.4,125.2,214.6,214.0
660896,,Jorge Alcala,P,RP,RP,RP,316.9,124.5,61.0,55.0
680728,,Adrian Del Castillo,H,C,C,C,134.1,124.4,125.0,131.0
679032,,Johan Rojas,H,OF,OF,OF,267.4,124.1,271.2,172.0
656537,,Derek Hill,H,OF,OF,OF,314.9,123.3,323.1,149.0
679885,,Justin Martinez,P,RP,RP,RP,480.6,123.0,67.0,15.3
622786,,Jesus Tinoco,P,RP,RP,RP,358.6,118.6,64.0,19.3
672724,,Oswald Peraza,H,2B/3B,2B/3B,2B/3B,194.8,118.5,195.8,265.0
683618,,Edgardo Henriquez,P,RP,RP,RP,86.5,117.8,22.0,19.0
687396,,Brent Headrick,P,RP,RP,RP,118.0,116.8,28.0,23.0
667463,,John King,P,RP,RP,RP,287.9,116.3,60.0,48.3
669261,,Jack Suwinski,H,OF,OF,OF,288.0,116.2,265.7,178.0
645444,,Jose Herrera,H,C,C,C,100.9,115.8,121.8,204.0
681807,,David Fry,H,1B/C/OF,1B/C/OF,1B/C/OF,211.6,115.7,186.8,157.0
676092,,Collin Snider,P,RP,RP,RP,309.8,114.8,65.0,26.3
669234,,Justyn-Henry Malloy,H,OF,OF,OF,121.2,114.6,117.5,127.0
670223,,Matt Mervis,H,1B,1B,1B,343.1,114.0,344.3,134.0
656240,,Scott Blewett,P,RP,RP,RP,137.2,113.4,39.0,44.3
687863,,Porter Hodge,P,RP,RP,RP,371.9,113.1,63.0,33.0
695238,,Will Wagner,H,2B,2B,2B,355.4,112.6,307.8,149.0
669713,,Hayden Wesneski,P,SP,SP,SP,474.1,112.3,128.9,32.0
689017,,Landon Knack,P,SP,RP,SP,184.5,112.3,44.9,42.3
621121,,Lance McCullers Jr.,P,SP,SP,SP,460.7,111.9,109.3,55.3
690916,,Richard Fitts,P,SP,RP,SP,197.0,108.9,57.5,45.0
663604,,Brandon Lockridge,H,Util,Util,Util,156.1,108.8,177.7,148.0
668942,,Josh Rojas,H,2B/3B,2B/3B,2B/3B,302.0,108.1,305.2,211.0
606115,,Orlando Arcia,H,SS,SS,SS,462.4,108.0,475.1,214.0
668670,,Jake Rogers,H,C,C,C,304.9,107.9,329.2,142.0
701305,,Zach Dezenzo,H,1B,1B,1B,146.4,107.5,144.0,109.0
677008,,Heston Kjerstad,H,OF,OF,OF,368.7,107.4,329.2,167.0
621345,,A.J. Minter,P,RP,RP,RP,343.0,106.8,57.0,11.0
596142,,Gary Sánchez,H,C,C,C,221.6,106.4,217.8,101.0
592155,,Cam Booser,P,RP,RP,RP,257.1,106.2,55.0,31.0
683083,,Nasim Nuñez,H,SS,SS,SS,95.7,106.1,108.2,92.0
642215,,Weston Wilson,H,OF,OF,OF,104.3,105.2,105.0,125.0
519326,,Hunter Strickland,P,RP,RP,RP,70.0,105.0,21.0,22.0
502085,,David Robertson,P,RP,RP,RP,251.0,104.7,48.0,17.7
687330,,Kevin Kelly,P,RP,RP,RP,280.7,104.2,57.0,39.7
663372,,Ryan Feltner,P,SP,SP,SP,560.8,103.5,168.0,30.3
660761,,José Suarez,P,RP,RP,RP,232.1,102.8,54.8,19.3
681293,,Spencer Arrighetti,P,SP,SP,SP,538.3,102.7,141.3,35.3
640451,,Hunter Harvey,P,RP,RP,RP,341.7,102.3,59.0,10.7
606303,,Joel Payamps,P,RP,RP,RP,326.7,101.1,61.0,26.3
664139,,Ian Gibaut,P,RP,RP,RP,163.5,101.0,46.0,25.3
606965,,Chris Devenski,P,RP,RP,RP,99.1,100.0,26.0,16.7
665750,,Leody Taveras,H,OF,OF,OF,360.2,100.0,337.1,180.0
687952,,Christian Encarnacion-Strand,H,1B,1B,1B,464.4,98.6,375.3,137.0
573186,,Marcus Stroman,P,SP,SP,SP,530.6,98.4,162.6,39.0
623149,,Paul Sewald,P,RP,RP,RP,306.5,97.5,59.0,19.7
669308,,Sean Reynolds,P,RP,RP,RP,181.6,96.6,48.0,27.0
665828,,Oswaldo Cabrera,H,1B/2B/3B/OF/SS,1B/2B/3B/OF/SS,1B/2B/3B/OF/SS,340.2,95.8,322.1,122.0
543859,,Michael Tonkin,P,RP,RP,RP,227.5,95.7,51.0,24.0
593576,,Héctor Neris,P,RP,RP,RP,275.4,95.1,56.0,26.7
681676,,Ryan Fernandez,P,RP,RP,RP,345.3,95.1,65.0,30.3
680704,,Nick Sandlin,P,RP,RP,RP,297.6,94.7,60.0,16.3
595978,,Austin Hedges,H,C,C,C,77.1,94.0,129.9,180.0
694361,,Will Klein,P,RP,RP,RP,87.2,91.1,22.0,15.3
665052,,Griffin Conine,H,OF,OF,OF,253.3,90.3,268.7,86.0
645302,,Victor Robles,H,OF,OF,OF,513.1,90.1,487.0,114.0
685107,,Anthony Veneziano,P,RP,RP,RP,266.8,90.0,58.0,25.0
642528,,Jonathan Loáisiga,P,RP,RP,RP,175.1,89.0,40.0,29.7
681546,,James Outman,H,OF,OF,OF,143.9,87.3,137.3,148.0
686790,,Trevor McDonald,P,RP,RP,RP,156.4,86.9,38.0,15.0
676356,,Jonny DeLuca,H,OF,OF,OF,398.2,86.8,381.3,59.0
657136,,Connor Wong,H,1B/2B/C,1B/2B/C,1B/2B/C,362.5,86.4,362.0,188.0
800049,,Adam Mazur,P,SP,SP,SP,112.1,86.0,35.3,30.0
669674,,Sam Long,P,RP,RP,RP,248.5,85.6,56.0,40.3
686642,,Fraser Ellard,P,RP,RP,RP,296.5,84.7,62.0,17.0
686826,,Bryce Jarvis,P,RP,RP,RP,166.7,84.1,48.0,22.0
608385,,Jesse Winker,H,OF,OF,OF,429.1,83.8,365.3,81.0
664062,,Tony Gonsolin,P,SP,SP,SP,334.7,82.9,96.2,36.0
692285,,Luis Guerrero,P,RP,RP,RP,208.7,82.9,52.0,17.3
657240,,Julian Merryweather,P,RP,RP,RP,333.0,82.7,61.0,18.7
664294,,Dauri Moreta,P,RP,RP,RP,128.5,82.1,30.0,16.7
593423,,Frankie Montas,P,SP,SP,SP,420.7,81.9,105.1,38.7
680880,,Grant Holman,P,RP,RP,RP,187.2,81.7,48.0,23.0
665561,,Rafael Marchán,H,C,C,C,139.1,81.6,146.0,118.0
663837,,Matt Vierling,H,3B/OF,3B/OF,3B/OF,431.4,81.5,414.2,100.0
687830,,Sawyer Gipson-Long,P,RP,RP,RP,169.2,81.1,37.2,31.3
657041,,Lane Thomas,H,OF,OF,OF,587.4,80.2,533.9,142.0
683409,,Angel Chivilli,P,RP,RP,RP,205.1,79.6,53.0,58.7
669422,,Matt Sauer,P,RP,RP,RP,66.5,77.7,20.0,29.7
671213,,Triston Casas,H,1B,1B,1B,643.8,77.7,487.8,112.0
689690,,Alek Jacob,P,RP,RP,RP,219.6,77.3,53.0,33.3
643338,,Chad Green,P,RP,RP,RP,324.1,76.3,63.0,43.7
657006,,Justin Steele,P,RP,SP,RP,774.7,75.6,168.6,22.7
650893,,Génesis Cabrera,P,RP,RP,RP,136.7,75.5,35.0,42.7
676760,,Ron Marinaccio,P,RP,RP,RP,146.3,75.3,38.0,10.7
621035,,Chris Taylor,H,2B/3B/OF/SS,2B/3B/OF/SS,2B/3B/OF/SS,186.8,74.9,206.2,125.0
656629,,Michael Kopech,P,RP,RP,RP,287.0,74.8,53.0,11.0
605361,,Nick Martini,H,OF,OF,OF,111.2,74.8,100.6,111.0
680700,,Richie Palacios,H,2B/OF,2B/OF,2B/OF,292.3,74.2,268.8,48.0
544150,,Albert Suárez,P,RP,RP,RP,327.0,73.9,70.9,11.7
471911,,Carlos Carrasco,P,SP,SP,SP,180.5,73.3,52.3,45.7
663898,,Brendan Rodgers,H,2B,2B,2B,268.1,71.8,277.9,128.0
656848,,Michael Petersen,P,RP,RP,RP,153.5,70.5,44.0,18.0
664849,,Danny Young,P,RP,RP,RP,290.1,68.3,56.0,8.3
682988,,Tyler Locklear,H,1B,1B,1B,107.1,67.9,111.4,116.0
640902,,Jhonny Pereda,H,C,C,C,108.9,67.6,122.1,78.0
676801,,Chas McCormick,H,OF,OF,OF,304.3,66.9,289.1,116.0
594580,,Sam Moll,P,RP,RP,RP,259.6,66.9,58.0,18.3
592192,,Mark Canha,H,1B/OF,1B/OF,1B/OF,247.4,66.7,223.7,125.0
606992,,Eric Haase,H,C/OF,C/OF,C/OF,95.3,65.1,110.3,77.0
621199,,Matt Bowman,P,RP,RP,RP,142.0,64.7,39.0,24.7
670102,,Bowden Francis,P,SP,SP,SP,595.8,64.3,159.2,64.0
686894,,Joey Wiemer,H,OF,OF,OF,109.5,63.8,126.2,61.0
687922,,Easton Lucas,P,SP,RP,SP,91.8,63.6,24.0,24.3
641835,,Tim Mayza,P,RP,RP,RP,236.4,63.5,55.0,16.7
671286,,Johnathan Rodríguez,H,OF,OF,OF,117.8,63.4,110.3,77.0
641540,,Dane Dunning,P,RP,RP,RP,110.6,63.3,26.9,20.7
676702,,Hunter Stratton,P,RP,RP,RP,153.7,62.9,38.0,19.0
643361,,Kevin Herget,P,RP,RP,RP,137.0,62.0,34.0,13.0
678877,,Jhonkensy Noel,H,OF,OF,OF,274.4,60.6,245.6,153.0
689225,,Beau Brieske,P,RP,RP,RP,369.8,59.9,66.0,22.0
688297,,Chris Roycroft,P,RP,RP,RP,232.5,59.7,54.0,20.7
673380,,Dedniel Núñez,P,RP,RP,RP,253.6,59.6,49.0,9.7
702674,,Caden Dana,P,SP,SP,SP,105.0,59.6,35.9,32.3
674944,,Sean Guenther,P,RP,RP,RP,186.4,59.5,44.0,10.3
681882,,Colin Selby,P,RP,RP,RP,215.5,59.4,48.0,14.0
518886,,Craig Kimbrel,P,RP,RP,RP,254.2,59.2,50.0,12.0
670174,,Josh Winckowski,P,RP,RP,RP,118.3,57.7,28.0,11.7
669003,,Garrett Mitchell,H,OF,OF,OF,480.0,57.4,430.9,78.0
542932,,Jon Berti,H,2B/3B/OF/SS,2B/3B/OF/SS,2B/3B/OF/SS,107.3,56.9,116.4,107.0
640462,,A.J. Puk,P,RP,RP,RP,447.2,56.8,64.0,8.0
622761,,Jorge Mateo,H,2B/SS,2B/SS,2B/SS,182.1,55.3,187.5,83.0
519008,,T.J. McFarland,P,RP,RP,RP,267.8,53.7,60.0,15.7
681508,,Mickey Gasper,H,Util,Util,Util,108.7,53.5,102.8,110.0
664913,,Seth Brown,H,1B/OF,1B/OF,1B/OF,252.5,52.3,231.5,76.0
669620,,Brady Basso,P,RP,RP,RP,174.2,52.1,39.1,11.7
681217,,Chase Silseth,P,RP,RP,RP,268.8,52.1,60.9,11.0
596112,,Robert Stephenson,P,RP,RP,RP,171.8,51.5,38.0,10.0
624415,,Cavan Biggio,H,1B/2B/3B/OF,1B/2B/3B/OF,1B/2B/3B/OF,130.4,51.3,144.6,83.0
696136,,Jordan Wicks,P,RP,SP,RP,186.5,51.1,46.9,14.3
642016,,Daniel Robert,P,RP,RP,RP,108.6,51.0,28.0,13.0
663432,,Tanner Rainey,P,RP,RP,RP,104.5,50.7,32.0,9.7
623465,,Evan Phillips,P,RP,RP,RP,272.9,50.5,50.0,5.7
605154,,John Brebbia,P,RP,RP,RP,305.2,50.4,58.0,23.3
686751,,Seth Johnson,P,RP,RP,RP,64.1,50.2,20.0,12.7
663804,,Jackson Kowar,P,RP,RP,RP,138.6,50.2,34.0,17.0
656557,,Tanner Houck,P,SP,SP,SP,774.7,49.9,182.7,43.7
694362,,Blake Dunn,H,OF,OF,OF,166.8,49.7,185.8,75.0
694377,,Nick Yorke,H,Util,Util,Util,178.5,49.6,168.8,72.0
694363,,Jared Shuster,P,RP,RP,RP,132.7,48.7,40.0,15.7
663542,,Bryan Hudson,P,RP,RP,RP,331.2,48.4,60.0,15.0
670059,,Colin Holderman,P,RP,RP,RP,348.8,47.3,62.0,25.7
691783,,Jordan Lawlar,H,SS,SS,SS,182.3,46.3,177.7,74.0
686676,,Korey Lee,H,C,C,C,169.6,45.5,206.3,40.0
687362,,Connor Gillispie,P,SP,RP,SP,226.9,45.4,71.7,26.0
521230,,Liam Hendriks,P,RP,RP,RP,393.2,45.3,61.0,13.7
665155,,Nick Maton,H,2B/3B,2B/3B,2B/3B,112.7,45.2,119.2,63.0
621028,,Kevin Newman,H,1B/2B/3B/SS,1B/2B/3B/SS,1B/2B/3B/SS,158.1,44.3,187.3,116.0
592669,,Hunter Renfroe,H,OF,OF,OF,336.7,43.2,302.5,108.0
685801,,Hunter Bigge,P,RP,RP,RP,245.7,43.2,55.0,15.0
689172,,Brett Wisely,H,2B/OF/SS,2B/OF/SS,2B/OF/SS,116.4,43.1,129.8,63.0
605463,,Tayler Scott,P,RP,RP,RP,325.5,43.1,65.0,27.3
666277,,George Soriano,P,RP,RP,RP,220.0,42.7,53.0,36.7
676775,,Keaton Winn,P,RP,RP,RP,257.4,42.5,54.8,10.0
680869,,Zack Gelof,H,2B,2B,2B,356.7,42.4,348.7,101.0
681867,,Cooper Criswell,P,RP,RP,RP,116.4,42.0,30.7,17.7
664351,,Luis Contreras,P,RP,RP,RP,226.4,41.6,54.0,12.0
623433,,Nick Anderson,P,RP,RP,RP,134.9,41.4,35.0,14.7
663609,,Luken Baker,H,1B,1B,1B,193.0,40.5,181.4,41.0
666163,,Ben Rortvedt,H,C,C,C,216.4,40.3,242.8,128.0
614179,,José Ruiz,P,RP,RP,RP,291.8,39.2,62.0,16.3
666464,,Jerar Encarnacion,H,OF,OF,OF,213.3,39.0,199.9,56.0
666150,,Dominic Fletcher,H,OF,OF,OF,104.5,39.0,122.3,34.0
518792,,Jason Heyward,H,OF,OF,OF,265.8,38.8,260.0,95.0
641313,,Tim Anderson,H,SS,SS,SS,121.0,38.0,143.9,90.0
608717,,Chris Stratton,P,RP,RP,RP,214.7,37.0,54.0,21.0
663773,,Bryan Hoeing,P,RP,RP,RP,256.5,36.8,56.0,8.0
656582,,Connor Joe,H,1B/OF,1B/OF,1B/OF,152.9,36.6,152.3,80.0
691441,,Cristian Mena,P,RP,RP,RP,95.1,36.2,23.1,6.7
681146,,Jonah Bride,H,1B/3B,1B/3B,1B/3B,409.0,36.2,385.4,125.0
608671,,Travis Jankowski,H,OF,OF,OF,107.7,35.2,119.4,50.0
669060,,Bryse Wilson,P,SP,SP,SP,276.0,33.8,96.7,47.3
687377,,Orlando Ribalta,P,RP,RP,RP,184.2,33.5,50.0,24.3
672284,,Jarred Kelenic,H,OF,OF,OF,163.1,32.8,152.1,65.0
672335,,Cionel Pérez,P,RP,RP,RP,286.6,32.6,59.0,21.7
677651,,Luis Garcia,P,RP,SP,RP,259.7,32.3,63.6,7.7
677592,,Everson Pereira,H,OF,OF,OF,103.2,31.9,102.0,73.0
656248,,Sean Bouchard,H,OF,OF,OF,236.3,30.8,200.6,73.0
596295,,Austin Gomber,P,SP,SP,SP,381.5,30.7,143.1,57.7
694350,,Zach Brzykcy,P,RP,RP,RP,107.0,29.6,28.0,23.0
608665,,Kendall Graveman,P,RP,RP,RP,243.1,29.3,53.0,17.7
641585,,J.P. France,P,RP,RP,RP,101.7,28.4,27.2,4.0
664123,,Scott Effross,P,RP,RP,RP,90.3,28.0,24.0,10.7
642048,,Tayler Saucedo,P,RP,RP,RP,307.9,27.7,61.0,13.3
691172,,Yosver Zulueta,P,RP,RP,RP,145.6,27.0,36.0,7.3
663546,,Sean Hjelle,P,RP,RP,RP,238.3,26.8,50.0,15.0
669208,,Ryan Bliss,H,2B,2B,2B,294.4,26.7,308.6,39.0
686730,,Carson Spiers,P,RP,RP,RP,167.9,26.0,51.0,13.3
676116,,Ryan Noda,H,1B/OF,1B/OF,1B/OF,104.8,25.3,109.1,59.0
676680,,Tom Cosgrove,P,RP,RP,RP,151.1,24.8,40.0,4.0
665625,,Elvis Peguero,P,RP,RP,RP,273.1,24.6,56.0,9.3
665923,,Esteury Ruiz,H,OF,OF,OF,118.2,24.4,107.5,23.0
682171,,Penn Murfee,P,RP,RP,RP,252.8,23.4,60.0,12.7
677020,,Josh Walker,P,RP,RP,RP,137.5,23.2,32.0,5.0
682848,,Endy Rodríguez,H,C,C,C,352.6,22.2,344.3,57.0
606930,,Jacob Barnes,P,RP,RP,RP,200.5,21.9,50.0,8.0
676604,,Tyler Zuber,P,RP,RP,RP,102.3,21.7,30.0,12.0
663992,,Richard Lovelady,P,RP,RP,RP,294.6,20.2,59.0,11.7
687847,,Marc Church,P,RP,RP,RP,286.7,20.1,61.0,4.7
605131,,Austin Barnes,H,C,C,C,104.0,20.1,117.4,44.0
600869,,Jeimer Candelario,H,1B/3B,1B/3B,1B/3B,498.9,19.2,445.3,91.0
605182,,Mike Clevinger,P,RP,RP,RP,371.4,18.9,64.0,5.7
642520,,Gerson Garabito,P,RP,RP,RP,261.2,18.9,60.0,8.0
607680,,Kevin Pillar,H,OF,OF,OF,137.2,18.9,144.5,43.0
672012,,Tyler Black,H,Util,Util,Util,159.2,18.3,154.0,13.0
677976,,Randy Dobnak,P,RP,RP,RP,171.7,18.0,42.0,5.3
554431,,Tyler Matzek,P,RP,RP,RP,141.1,17.3,38.0,6.3
650559,,Bryan De La Cruz,H,OF,OF,OF,133.2,17.2,134.6,50.0
664747,,Alexis Díaz,P,RP,RP,RP,292.0,16.9,52.0,17.7
621114,,Ryan Burr,P,RP,RP,RP,206.3,15.2,44.0,2.0
622534,,Manuel Margot,H,OF,OF,OF,161.5,14.6,162.4,20.0
670810,,Logan Gillaspie,P,RP,RP,RP,159.4,14.3,46.0,7.0
605242,,Michael Fulmer,P,RP,RP,RP,179.5,14.0,44.0,5.7
690829,,Ben Joyce,P,RP,RP,RP,393.0,13.8,62.0,4.3
622569,,Pablo Reyes,H,2B/3B/SS,2B/3B/SS,2B/3B/SS,98.0,13.4,101.1,34.0
612434,,Miguel Castro,P,RP,RP,RP,90.1,13.1,24.0,6.0
628317,,Kenta Maeda,P,RP,RP,RP,349.5,12.5,76.9,8.0
663878,,Nate Pearson,P,RP,RP,RP,327.7,11.7,63.0,14.7
622780,,Angel Perdomo,P,RP,RP,RP,109.5,11.5,23.0,3.3
672279,,Michael Siani,H,OF,OF,OF,165.6,11.4,199.4,19.0
686554,,Oliver Dunn,H,3B,3B,3B,265.8,11.3,283.2,41.0
650671,,José Quijada,P,RP,RP,RP,138.3,11.3,32.0,1.3
666168,,Mason Thompson,P,RP,RP,RP,160.9,11.0,42.0,10.7
666619,,Gregory Santos,P,RP,RP,RP,377.3,11.0,62.0,7.0
682610,,Roddery Muñoz,P,RP,RP,RP,88.5,9.8,24.0,11.0
674285,,Eduardo Salazar,P,RP,RP,RP,207.2,9.3,52.0,29.0
607732,,Jacob Stallings,H,C,C,C,253.8,9.2,261.5,129.0
592351,,Jon Gray,P,RP,SP,RP,425.9,9.1,109.3,14.0
663321,,Nick Hernandez,P,RP,RP,RP,123.5,8.8,32.0,10.7
622253,,Dillon Tate,P,RP,RP,RP,97.5,8.8,26.0,6.3
686753,,Drey Jameson,P,RP,RP,RP,274.8,7.8,63.2,3.0
518397,,Scott Alexander,P,RP,RP,RP,237.7,7.4,56.0,17.7
681432,,Luke Little,P,RP,RP,RP,206.0,7.1,40.0,2.7
669304,,Jose F Miranda,H,1B/3B,1B/3B,1B/3B,474.0,7.0,412.9,36.0
674072,,Tommy Henry,P,RP,RP,RP,145.8,6.8,36.9,6.7
681799,,Ethan Roberts,P,RP,RP,RP,111.2,6.7,28.0,9.0
675989,,Cody Bolton,P,RP,RP,RP,139.0,6.4,35.0,2.0
592178,,Kris Bryant,H,1B/OF,1B/OF,1B/OF,414.8,6.4,383.5,41.0
493603,,Adam Ottavino,P,RP,RP,RP,129.9,6.3,31.0,1.7
489119,,Wade Miley,P,RP,SP,RP,180.0,5.9,62.1,12.0
621363,,Colin Poche,P,RP,RP,RP,243.4,5.6,56.0,9.3
678225,,Jihwan Bae,H,2B/OF,2B/OF,2B/OF,153.0,5.4,151.5,25.0
695257,,Billy Cook,H,OF,OF,OF,127.9,5.2,131.4,6.0
690291,,Jace Jung,H,3B,3B,3B,229.3,5.0,228.6,55.0
682868,,Bryan Ramos,H,3B,3B,3B,177.8,5.0,182.7,12.0
700270,,Yilber Díaz,P,RP,RP,RP,211.7,4.8,49.1,3.0
680577,,DaShawn Keirsey Jr.,H,Util,Util,Util,122.0,4.8,132.2,88.0
676969,,Brett de Geus,P,RP,RP,RP,96.7,3.2,28.0,2.0
674441,,Jacob Hurtubise,H,OF,OF,OF,113.9,2.6,117.8,15.0
680118,,Dairon Blanco,H,OF,OF,OF,160.5,2.6,137.6,8.0
681962,,Vinny Capra,H,Util,Util,Util,145.5,2.2,170.2,105.0
696131,,Mason Black,P,RP,RP,RP,172.7,2.0,40.0,4.0
493329,,Yuli Gurriel,H,1B,1B,1B,108.6,1.3,110.2,40.0
656638,,Alex Lange,P,RP,RP,RP,183.5,1.2,39.0,1.0
687529,,Grant McCray,H,OF,OF,OF,177.6,0.9,197.8,26.0
600917,,José Leclerc,P,RP,RP,RP,353.6,0.9,64.0,9.0
642350,,Jose Siri,H,OF,OF,OF,335.1,0.8,365.3,36.0
668952,,Ryan Kreidler,H,3B/SS,3B/SS,3B/SS,79.3,0.2,100.3,44.0
547001,,Cody Poteet,P,RP,RP,RP,112.7,0.1,26.0,2.7
666215,,Forrest Whitley,P,RP,RP,RP,284.0,-0.5,55.0,12.0
605513,,Spencer Turnbull,P,RP,SP,RP,179.5,-0.6,46.0,6.3
666120,,Ian Anderson,P,RP,SP,RP,351.8,-0.7,91.6,9.3
664948,,Anthony Misiewicz,P,RP,RP,RP,99.2,-1.1,25.0,4.7
663474,,Triston McKenzie,P,RP,SP,RP,309.0,-1.6,85.4,5.7
669004,,MJ Melendez,H,C/OF,C/OF,C/OF,506.6,-1.8,448.1,65.0
686823,,Will Brennan,H,OF,OF,OF,183.4,-2.2,171.0,13.0
683627,,Anthony Molina,P,RP,RP,RP,68.0,-2.3,22.0,34.7
625643,,Reynaldo López,P,RP,SP,RP,803.3,-2.7,178.9,5.0
608371,,Lucas Sims,P,RP,RP,RP,265.0,-2.7,58.0,12.3
656257,,Jeff Brigham,P,RP,RP,RP,76.2,-2.8,20.0,3.3
669134,,Luis Campusano,H,C,C,C,236.7,-3.0,213.6,27.0
691011,,Drew Romo,H,C,C,C,183.3,-3.0,190.2,3.0
669459,,Kyle Nelson,P,RP,RP,RP,128.9,-3.1,32.0,2.0
656458,,Lucas Gilbreath,P,RP,RP,RP,167.8,-3.5,48.0,1.0
689958,,Andrew Walters,P,RP,RP,RP,226.4,-3.6,50.0,1.3
671305,,Michel Otañez,P,RP,RP,RP,300.9,-5.3,52.0,5.3
663362,,Matt Waldron,P,RP,SP,RP,229.8,-5.4,64.4,4.7
670032,,Nicky Lopez,H,2B/3B/SS,2B/3B/SS,2B/3B/SS,150.2,-6.4,179.6,28.0
641482,,Nestor Cortes,P,SP,SP,SP,599.8,-7.4,142.1,34.3
676272,,Bobby Miller,P,RP,RP,RP,216.1,-11.2,46.8,5.0
675650,,Michael Mercado,P,RP,RP,RP,99.5,-12.3,30.0,3.0
669212,,Eli Morgan,P,RP,RP,RP,221.7,-14.8,52.0,7.3
657024,,Erik Swanson,P,RP,RP,RP,189.0,-17.9,46.0,5.3
683155,,Joey Estes,P,RP,SP,RP,317.3,-18.4,117.1,11.0
700187,,Troy Taylor,P,RP,RP,RP,263.9,-19.7,56.0,6.7
687134,,Bradley Blalock,P,SP,RP,SP,130.4,-20.0,51.2,58.7
660730,,Elvin Rodríguez,P,RP,RP,RP,130.4,-20.8,34.0,19.7
678821,,Luis Peralta,P,RP,RP,RP,265.1,-24.8,62.0,19.0
694646,,Chayce McDermott,P,RP,RP,RP,142.6,-25.0,30.0,8.7
445926,,Jesse Chavez,P,RP,RP,RP,174.2,-25.4,44.0,8.0
702795,,Ryan Loutos,P,RP,RP,RP,117.7,-26.4,32.0,12.0
647315,,Zach Pop,P,RP,RP,RP,135.3,-41.9,35.0,6.7
573009,,Joe Mantiply,P,RP,RP,RP,297.3,-53.6,59.0,9.7
502043,,Kyle Gibson,P,RP,SP,RP,435.8,-71.2,118.5,12.3
