mlbam,fg_id,name,group,pos,proj,actual,proj_pt,actual_pt
650911,20778,Cristopher Sanchez,P,SP,437.3,936.9,95.8,152.7
592450,15640,Aaron Judge,H,,969.9,912.3,468.5,453.0
665742,20123,Juan Soto,H,,754.5,901.6,472.7,490.0
660271,19755,Shohei Ohtani,H,,871.8,898.8,451.4,495.0
669373,22267,Tarik Skubal,P,SP,729.8,854.1,123.7,135.7
663728,21534,Cal Raleigh,H,,542.9,815.5,398.2,488.0
656941,16478,Kyle Schwarber,H,,711.5,797.4,459.3,498.0
701762,35110,Nick Kurtz,H,,345.3,775.1,352.1,386.0
694973,33677,Paul Skenes,P,SP,681.4,768.1,127.8,119.0
543807,12856,George Springer,H,,475.4,763.9,415.3,408.0
676979,27463,Garrett Crochet,P,SP,634.8,756.7,126.4,137.0
691406,28163,Junior Caminero,H,,510.1,748.7,414.6,464.0
621566,14344,Matt Olson,H,,661.5,727.3,470.2,507.0
608070,13510,Jose Ramirez,H,,680.6,713.7,450.9,470.0
657277,17995,Logan Webb,P,SP,689.8,713.2,138.2,139.7
677594,23697,Julio Rodriguez,H,,657.4,703.2,463.8,488.0
672695,22799,Geraldo Perdomo,H,,424.1,702.3,412.1,505.0
650490,16578,Yandy Diaz,H,,535.7,699.9,438.0,446.0
592332,14107,Kevin Gausman,P,SP,529.3,685.8,135.5,135.0
624413,19251,Pete Alonso,H,,649.4,683.8,463.7,484.0
808967,33825,Yoshinobu Yamamoto,P,SP,581.8,679.4,113.5,115.7
596019,12916,Francisco Lindor,H,,653.0,679.0,472.7,501.0
665489,19611,Vladimir Guerrero Jr.,H,,721.1,677.6,468.7,459.0
686469,27676,Vinnie Pasquantino,H,,523.4,672.9,423.9,467.0
669432,22286,Trevor Rogers,P,SP,79.5,668.7,22.1,109.7
660670,18401,Ronald Acuna Jr.,H,,658.6,668.4,422.1,408.0
677951,25764,Bobby Witt Jr.,H,,697.4,668.0,461.1,460.0
608331,13743,Max Fried,P,SP,609.8,663.8,126.3,132.7
606466,13613,Ketel Marte,H,,658.9,663.1,426.9,446.0
667670,19627,Brent Rooker,H,,633.8,655.2,417.6,471.0
686613,25880,Hunter Brown,P,SP,597.4,651.7,125.5,123.7
601713,15454,Nick Pivetta,P,SP,478.5,648.7,117.9,125.3
693433,30279,Bryan Woo,P,SP,511.0,642.3,108.1,129.0
641355,15998,Cody Bellinger,H,,476.9,640.8,377.5,466.0
682829,26668,Elly De La Cruz,H,,587.8,637.1,452.9,473.0
592885,11477,Christian Yelich,H,,511.7,627.7,400.5,432.0
624133,17277,Ranger Suarez,P,SP,403.1,626.1,94.8,133.0
571510,15440,Matthew Boyd,P,SP,508.0,625.9,114.1,124.3
646240,17350,Rafael Devers,H,,653.9,624.3,432.1,493.0
642547,18679,Freddy Peralta,P,SP,542.4,624.1,123.1,116.7
553993,12552,Eugenio Suarez,H,,518.4,621.4,412.1,448.0
665487,19709,Fernando Tatis Jr.,H,,717.1,620.5,465.4,482.0
664285,17295,Framber Valdez,P,SP,550.4,619.2,120.2,129.0
607074,16137,Carlos Rodon,P,SP,515.3,618.3,126.0,129.7
683737,26319,Michael Busch,H,,452.3,617.7,392.9,405.0
666200,19959,Jesus Luzardo,P,SP,421.9,616.3,96.7,123.7
596115,12564,Trevor Story,H,,413.1,614.2,389.5,448.0
683002,26289,Gunnar Henderson,H,,663.8,611.9,445.2,467.0
668930,22186,Brice Turang,H,,426.6,611.1,429.3,446.0
682998,25878,Corbin Carroll,H,,693.5,607.9,460.6,404.0
666182,19612,Bo Bichette,H,,529.9,607.6,444.0,397.0
668227,19290,Randy Arozarena,H,,548.3,607.6,449.1,500.0
621439,14161,Byron Buxton,H,,464.0,601.4,328.3,369.0
607043,12927,Brandon Nimmo,H,,488.6,599.4,395.9,455.0
666176,20220,Jo Adell,H,,233.6,595.6,219.8,432.0
665862,20454,Jazz Chisholm Jr.,H,,393.2,592.8,291.5,406.0
592518,11493,Manny Machado,H,,579.0,591.7,455.5,476.0
680776,24617,Jarren Duran,H,,526.5,591.2,428.1,457.0
607208,16252,Trea Turner,H,,583.6,590.4,454.4,419.0
678394,23920,Brayan Bello,P,SP,366.3,590.1,108.9,131.3
669923,25436,George Kirby,P,SP,526.0,588.8,114.0,122.3
514888,5417,Jose Altuve,H,,540.3,586.1,433.3,443.0
594798,10954,Jacob deGrom,P,SP,535.9,584.1,103.9,114.7
642715,15986,Willy Adames,H,,552.9,583.9,458.8,461.0
669194,26253,Ryne Nelson,P,SP,295.4,583.1,78.8,122.7
518692,5361,Freddie Freeman,H,,683.4,581.3,446.3,457.0
543243,12768,Sonny Gray,P,SP,532.1,576.7,116.6,124.7
545361,10155,Mike Trout,H,,499.0,574.7,309.7,435.0
671096,29911,Andrew Abbott,P,SP,296.8,574.7,96.2,131.3
695578,29518,James Wood,H,,570.9,572.8,412.1,464.0
664023,17919,Ian Happ,H,,515.9,571.5,435.4,461.0
621493,17548,Taylor Ward,H,,585.0,570.4,443.6,453.0
647304,18839,Josh Naylor,H,,543.7,568.8,417.0,391.0
672580,22715,Maikel Garcia,H,,428.8,568.5,404.2,462.0
665152,19350,Dean Kremer,P,SP,295.7,559.2,106.1,116.0
645261,18684,Sandy Alcantara,P,SP,491.4,557.9,123.7,127.7
518876,11156,Merrill Kelly,P,SP,446.9,554.9,116.9,126.0
696100,29715,Hunter Goodman,H,,322.7,554.9,279.3,379.0
682985,25976,Riley Greene,H,,604.6,554.7,435.9,446.0
608337,15474,Lucas Giolito,P,SP,308.8,554.3,96.1,124.7
521692,7304,Salvador Perez,H,,428.9,553.1,391.5,442.0
669127,25816,Shea Langeliers,H,,455.5,549.0,339.4,335.0
690990,31872,Cade Horton,P,SP,195.9,547.2,53.8,103.7
657656,17128,Ramon Laureano,H,,251.2,546.4,213.3,385.0
682990,25977,Quinn Priester,P,SP,209.6,544.2,57.9,118.7
663903,25377,Brady Singer,P,SP,344.3,541.4,112.2,118.0
691016,27467,Tyler Soderstrom,H,,463.6,541.3,388.2,403.0
592662,11486,Robbie Ray,P,SP,482.2,540.9,117.6,125.0
656849,20302,David Peterson,P,SP,395.7,536.2,106.7,118.3
673548,30116,Seiya Suzuki,H,,484.2,536.0,354.3,439.0
656302,18525,Dylan Cease,P,SP,636.1,535.0,134.7,114.0
676475,27615,Alec Burleson,H,,315.1,533.1,286.4,406.0
670770,19522,TJ Friedl,H,,438.9,529.7,400.2,473.0
663538,21479,Nico Hoerner,H,,461.1,529.0,440.4,448.0
572233,13419,Christian Walker,H,,517.6,528.4,438.2,431.0
668909,30122,Gavin Williams,P,SP,501.9,524.9,116.5,119.7
676440,30134,Tanner Bibee,P,SP,478.4,522.5,120.3,124.3
622491,15689,Luis Castillo,P,SP,492.4,522.2,124.4,124.3
661388,20503,William Contreras,H,,537.2,521.7,426.3,457.0
663757,18564,Trent Grisham,H,,356.0,521.5,296.3,426.0
686752,26221,Ryan Pepiot,P,SP,367.7,520.3,111.0,111.3
681624,24816,Andy Pages,H,,457.1,519.0,378.1,434.0
666160,19956,Mickey Moniak,H,,295.2,517.8,262.8,316.0
665795,21690,Edward Cabrera,P,SP,315.8,516.0,88.5,103.3
477132,2036,Clayton Kershaw,P,SP,222.0,514.0,67.4,106.7
668804,19326,Bryan Reynolds,H,,546.9,513.2,439.4,431.0
650402,16997,Gleyber Torres,H,,501.7,509.2,435.9,462.0
664040,18882,Brandon Lowe,H,,479.7,506.9,361.9,364.0
621043,14162,Carlos Correa,H,,489.6,505.5,394.6,423.0
657746,21390,Joe Ryan,P,SP,492.3,505.2,106.6,114.0
687263,31347,Zach Neto,H,,535.3,500.9,428.9,415.0
667755,22100,Jose Soriano,P,SP,396.6,500.3,104.3,111.0
665161,21636,Jeremy Pena,H,,530.4,500.1,456.7,327.0
702070,30184,Noah Cameron,P,SP,168.7,498.6,41.3,119.0
668678,19291,Zac Gallen,P,SP,513.4,498.6,125.0,130.3
656427,17479,Jack Flaherty,P,SP,503.7,496.9,118.5,107.7
605288,12718,Adrian Houser,P,SP,212.2,496.6,76.6,119.0
547180,11579,Bryce Harper,H,,704.8,492.1,459.3,351.0
682928,25768,CJ Abrams,H,,515.6,491.7,417.0,466.0
679529,27465,Spencer Torkelson,H,,451.8,488.2,388.5,434.0
605137,13145,Josh Bell,H,,404.2,488.1,383.7,364.0
608369,13624,Corey Seager,H,,533.6,487.0,343.7,338.0
608379,14078,Michael Wacha,P,SP,390.2,486.6,101.6,116.0
691587,27768,Eury Perez,P,SP,227.5,486.1,55.3,95.3
547973,10233,Aroldis Chapman,P,RP,240.3,485.4,27.6,42.3
687462,26477,Spencer Horwitz,H,,373.0,484.0,326.1,386.0
702332,29646,Caleb Durbin,H,,282.0,482.5,315.0,389.0
694192,28806,Jackson Chourio,H,,525.9,482.3,438.2,360.0
669358,22264,Shane Baz,P,SP,326.9,481.4,92.1,117.3
683004,30146,Jack Leiter,P,SP,278.6,480.6,87.6,115.7
694671,33333,Wyatt Langford,H,,576.9,479.7,424.2,395.0
650333,18568,Luis Arraez,H,,514.5,479.6,450.5,486.0
575929,11609,Willson Contreras,H,,550.9,478.0,425.6,354.0
593871,13152,Jorge Polanco,H,,443.5,477.7,372.8,381.0
669302,22250,Logan Gilbert,P,SP,522.9,477.2,104.4,100.7
700250,29576,Ben Rice,H,,241.0,476.0,188.8,357.0
676391,20352,Ernie Clement,H,,197.7,475.6,231.4,436.0
686217,29622,Sal Frelick,H,,330.0,472.5,347.8,403.0
680718,24598,Addison Barger,H,,262.9,471.3,261.1,404.0
519317,4949,Giancarlo Stanton,H,,240.8,470.6,190.7,281.0
641793,15823,Zack Littell,P,SP,250.1,470.1,86.4,127.3
595777,10815,Jurickson Profar,H,,279.0,468.2,249.3,355.0
669364,22266,Xavier Edwards,H,,348.4,466.7,342.6,425.0
605141,13611,Mookie Betts,H,,687.5,466.2,466.4,451.0
656876,25385,Drew Rasmussen,P,SP,408.5,464.0,92.3,98.0
678882,24262,Ceddanne Rafaela,H,,244.3,463.5,261.6,414.0
641487,15491,J.P. Crawford,H,,426.4,463.5,415.8,450.0
670280,19569,David Bednar,P,RP,229.1,462.4,28.0,48.0
656605,17594,Mitch Keller,P,SP,428.5,459.4,121.5,118.3
671739,25931,Michael Harris II,H,,505.6,459.0,422.1,434.0
668715,26323,Spencer Steer,H,,412.1,458.6,357.5,384.0
669016,20202,Brandon Marsh,H,,359.3,458.4,320.0,328.0
434378,8700,Justin Verlander,P,SP,327.9,457.8,92.9,100.0
682663,26546,Agustin Ramirez,H,,344.9,457.7,324.6,477.0
663656,18345,Kyle Tucker,H,,775.9,456.7,464.1,362.0
671056,20599,Ivan Herrera,H,,356.7,456.5,293.3,378.0
579328,20633,Yusei Kikuchi,P,SP,413.4,456.4,123.2,118.7
672640,19608,Otto Lopez,H,,379.5,455.0,394.0,458.0
645277,16556,Ozzie Albies,H,,518.7,454.8,450.5,450.0
664056,18030,Harrison Bader,H,,309.7,451.1,304.0,356.0
672386,22581,Alejandro Kirk,H,,328.0,450.9,309.5,351.0
691718,27769,Pete Crow-Armstrong,H,,514.9,448.8,431.5,431.0
656811,16442,Ryan O'Hearn,H,,415.9,448.4,324.3,385.0
671218,22515,Heliot Ramos,H,,506.2,448.1,410.5,480.0
694297,27782,Brandon Pfaadt,P,SP,337.0,447.3,96.3,120.0
607067,12317,Colin Rea,P,SP,322.9,445.3,97.3,117.7
671922,27867,Cade Smith,P,RP,224.5,444.3,29.4,51.3
630105,18036,Jake Cronenworth,H,,468.1,444.0,430.6,420.0
671732,22542,Lawrence Butler,H,,499.7,441.3,431.3,418.0
628452,17130,Raisel Iglesias,P,RP,237.5,440.7,29.9,47.0
702616,31781,Jackson Holliday,H,,424.0,440.6,382.3,478.0
542888,12857,Shawn Armstrong,P,RP,152.5,439.6,27.8,54.3
695243,31757,Mason Miller,P,RP,282.5,439.1,29.8,45.0
666157,26378,Nick Lodolo,P,SP,336.0,437.8,100.4,98.0
543294,12049,Kyle Hendricks,P,SP,227.5,436.7,96.9,117.3
701350,sa3020211,Roman Anthony,H,,269.9,435.9,246.8,303.0
554430,10310,Zack Wheeler,P,SP,675.0,434.9,133.6,79.0
621242,14710,Edwin Diaz,P,RP,269.8,434.7,27.5,46.3
571578,9323,Patrick Corbin,P,SP,206.0,433.5,76.4,112.7
519242,10603,Chris Sale,P,SP,680.1,431.0,128.6,64.0
673237,23003,Yainer Diaz,H,,439.7,430.0,383.7,387.0
605280,13649,Clay Holmes,P,SP,413.7,429.5,95.2,111.0
670970,20039,Adrian Morejon,P,RP,150.3,428.6,26.2,52.3
675911,27498,Spencer Strider,P,SP,590.6,427.2,113.9,116.0
686948,31539,Drake Baldwin,H,,219.1,426.2,221.8,351.0
643217,17901,Andrew Benintendi,H,,306.4,425.9,282.8,371.0
643446,15362,Jeff McNeil,H,,403.7,424.9,395.9,390.0
671289,22532,Tyler Freeman,H,,147.0,424.2,127.0,395.0
676879,23550,Aaron Ashby,P,RP,114.2,423.0,21.3,66.7
680757,24610,Steven Kwan,H,,511.5,421.0,450.9,475.0
643565,15274,Mike Tauchman,H,,293.5,420.4,307.2,369.0
605488,17677,Jeffrey Springs,P,SP,337.2,420.1,111.0,118.0
700932,29794,Kyle Manzardo,H,,402.0,419.5,366.3,352.0
672820,22896,Lenyn Sosa,H,,221.9,419.4,245.8,374.0
621020,18314,Dansby Swanson,H,,540.1,418.0,464.1,429.0
701538,29490,Jackson Merrill,H,,530.4,417.8,445.6,381.0
677944,27500,Slade Cecconi,P,SP,192.4,416.8,49.7,121.0
687597,31431,Jordan Beck,H,,439.6,416.6,375.3,430.0
695418,31972,Brad Lord,P,SP,232.6,416.6,53.0,95.3
593428,12161,Xander Bogaerts,H,,523.8,413.4,455.5,359.0
543760,12533,Marcus Semien,H,,483.5,411.7,442.9,328.0
676477,20191,Garrett Whitlock,P,RP,192.4,411.3,29.6,45.7
607192,14374,Tyler Glasnow,P,SP,419.1,411.1,89.9,72.3
663554,20492,Casey Mize,P,SP,366.4,411.0,101.0,106.3
681082,26294,Bryson Stott,H,,428.5,410.6,402.0,372.0
681347,24728,Mike Burrows,P,SP,214.5,409.7,59.5,91.0
678246,20178,Miguel Vargas,H,,423.7,408.5,400.8,373.0
656716,19392,Zach McKinstry,H,,267.7,408.4,303.5,328.0
808982,33824,Jung Hoo Lee,H,,532.1,408.2,434.1,405.0
663568,21487,Stephen Kolek,P,SP,212.4,405.1,60.8,87.3
701542,30182,Will Warren,P,SP,363.7,404.9,91.9,115.7
650556,16609,Bryan Abreu,P,RP,193.2,404.4,31.4,48.3
678692,24094,Ronny Henriquez,P,RP,164.0,401.9,28.0,49.3
669065,26151,Kyle Stowers,H,,414.0,401.3,389.3,267.0
694384,33189,Nolan Schanuel,H,,463.5,399.6,405.5,370.0
671106,27589,Logan Allen,P,SP,289.9,398.8,98.8,112.3
656305,16505,Matt Chapman,H,,592.7,398.2,462.8,324.0
695657,sa3017170,Colson Montgomery,H,,122.4,396.8,164.8,284.0
669257,19197,Will Smith,H,,455.9,395.4,347.0,274.0
677952,sa3008470,Braxton Ashcraft,P,SP,102.5,394.8,25.6,69.7
670955,20539,Edwin Uceta,P,RP,158.7,394.6,29.0,54.3
605135,12304,Chris Bassitt,P,SP,455.8,394.4,124.2,113.0
669701,26396,Josh Smith,H,,372.0,393.1,343.7,400.0
661395,21029,Jhoan Duran,P,RP,252.8,393.0,29.8,47.7
573262,14854,Mike Yastrzemski,H,,403.6,390.8,368.0,376.0
621244,14168,Jose Berrios,P,SP,375.8,389.9,124.1,108.0
683146,26123,Brett Baty,H,,123.1,389.7,125.7,333.0
502054,2967,Tommy Pham,H,,189.9,389.6,203.0,312.0
650644,19479,Aaron Civale,P,SP,332.0,389.6,103.3,95.0
663158,30115,Robert Suarez,P,RP,225.5,388.7,28.1,48.7
663616,21501,Trevor Larnach,H,,350.8,388.7,290.3,363.0
623474,17556,Jimmy Herget,P,RP,100.0,388.6,26.1,59.3
663993,19566,Nathaniel Lowe,H,,493.5,387.6,426.8,395.0
660821,19913,Jesus Sanchez,H,,412.2,387.0,365.5,369.0
663574,19926,Tony Santillan,P,RP,149.1,386.6,27.8,49.7
657757,19901,Gavin Sheets,H,,343.4,386.3,333.2,382.0
656641,21306,Jacob Latz,P,SP,117.7,385.6,25.7,73.3
670242,26466,Matt Wallner,H,,290.3,384.0,247.5,325.0
642207,15816,Devin Williams,P,RP,222.2,382.1,28.7,44.0
643511,15541,Tyler Rogers,P,RP,177.6,381.6,29.3,55.0
690993,27899,Colt Keith,H,,353.7,379.3,313.3,318.0
671277,20391,Luis Garcia Jr.,H,,414.4,378.9,383.7,352.0
676282,23335,Joey Cantillo,P,SP,190.0,378.6,38.4,71.0
663853,21562,Romy Gonzalez,H,,183.7,378.5,180.4,283.0
693821,27779,Bryce Elder,P,SP,203.6,376.5,58.9,112.3
805779,33266,Jacob Wilson,H,,437.2,376.1,407.8,319.0
807713,33322,Matt Shaw,H,,366.6,376.1,344.4,352.0
571970,13301,Max Muncy,H,,431.8,376.0,364.1,200.0
664761,21618,Alec Bohm,H,,476.8,373.3,425.7,305.0
542303,10324,Marcell Ozuna,H,,612.3,372.9,435.8,386.0
641857,15112,Ryan McMahon,H,,499.0,372.8,413.1,381.0
681343,31687,Shane Smith,P,SP,323.1,372.4,90.7,93.0
666018,21837,Jonathan Aranda,H,,386.1,371.5,319.0,253.0
552640,12828,Andrew Kittredge,P,RP,157.7,370.1,29.5,52.0
666971,19238,Lourdes Gurriel Jr.,H,,474.2,369.9,383.3,347.0
592206,11737,Nick Castellanos,H,,500.0,369.6,449.4,377.0
668941,19574,JoJo Romero,P,RP,153.7,369.4,27.9,44.7
592663,11739,J.T. Realmuto,H,,407.2,369.4,341.8,375.0
607259,12730,Nick Martinez,P,SP,327.1,368.8,96.0,108.0
669022,22201,MacKenzie Gore,P,SP,575.2,368.7,129.0,97.3
680574,29695,Matt McLain,H,,492.7,366.7,390.3,396.0
678024,30105,Mike Vasil,P,RP,175.3,366.5,44.7,72.7
683734,26197,Andrew Vaughn,H,,369.6,366.0,349.1,254.0
605540,16162,Brandon Woodruff,P,SP,471.2,365.8,110.0,64.7
660825,20997,Eduard Bazardo,P,RP,116.4,363.2,23.0,54.0
668904,20437,Royce Lewis,H,,468.7,362.4,381.0,348.0
684007,33829,Shota Imanaga,P,SP,364.7,358.6,98.0,100.0
693307,27464,Dillon Dingler,H,,204.0,357.4,217.5,323.0
607536,16256,Kyle Freeland,P,SP,271.4,357.2,100.2,112.0
457705,9847,Andrew McCutchen,H,,331.6,357.0,307.4,377.0
686797,31595,Brooks Lee,H,,305.3,356.3,333.2,395.0
622554,19249,Seranthony Dominguez,P,RP,146.8,355.0,28.8,46.3
606192,13066,Teoscar Hernandez,H,,626.0,354.4,437.3,396.0
641745,15734,Brad Keller,P,RP,157.1,353.1,28.5,45.3
642701,17878,Dennis Santana,P,RP,158.8,352.3,27.3,49.0
669387,27572,Carmen Mlodzinski,P,RP,144.0,352.2,39.0,59.3
608032,14542,Carlos Estevez,P,RP,196.5,351.4,27.5,44.3
641941,14771,Emilio Pagan,P,RP,191.7,351.3,29.2,45.7
641755,18297,Tyler Kinley,P,RP,131.1,350.8,28.9,52.7
671737,22543,Taj Bradley,P,SP,375.7,349.5,111.5,86.0
663697,21523,Jonathan India,H,,461.1,349.3,414.1,367.0
678606,24017,Jose A. Ferrer,P,RP,175.6,347.4,27.4,50.0
664208,18064,Phil Maton,P,RP,166.7,347.4,29.2,43.3
666139,19953,Josh Lowe,H,,378.2,346.0,304.4,401.0
686668,25479,Brenton Doyle,H,,516.0,345.4,436.4,364.0
666969,19287,Adolis Garcia,H,,469.0,345.2,414.4,349.0
680573,24494,Simeon Woods Richardson,P,SP,162.7,344.2,49.2,73.7
445276,3096,Kenley Jansen,P,RP,219.7,344.1,27.2,42.7
680777,24618,Ryan Jeffers,H,,310.9,343.5,265.0,309.0
593958,13164,Eduardo Rodriguez,P,SP,344.8,343.4,85.2,109.7
450203,4676,Charlie Morton,P,SP,273.9,342.8,87.8,101.0
662253,20373,Andres Munoz,P,RP,268.6,342.1,27.4,39.7
642100,17170,Gabe Speier,P,RP,183.5,341.5,26.1,42.0
543135,9132,Nathan Eovaldi,P,SP,507.7,341.3,116.0,62.7
693304,27490,Nick Gonzales,H,,306.5,341.1,278.8,405.0
650859,19858,Luis Rengifo,H,,365.8,340.3,382.0,374.0
669093,22210,Jeremiah Estrada,P,RP,186.1,340.1,26.8,51.0
676684,19769,Will Vest,P,RP,208.5,337.9,29.1,46.0
802415,31912,Chandler Simpson,H,,318.4,337.5,338.5,334.0
681297,29591,Colton Cowser,H,,378.3,337.4,319.4,342.0
676059,27815,Jordan Westburg,H,,367.4,334.7,294.8,254.0
664770,18123,Nathan Lukes,H,,212.3,333.7,202.7,332.0
669467,26108,Andre Pallante,P,SP,298.6,333.6,82.5,106.7
622663,15890,Luis Severino,P,SP,373.8,331.8,123.9,97.0
681481,25961,Kerry Carpenter,H,,427.0,331.1,317.3,278.0
500779,11423,Jose Quintana,P,SP,300.4,329.4,91.8,97.7
656794,16943,Sean Newcomb,P,RP,151.2,327.7,38.4,52.3
605483,13543,Blake Snell,P,SP,301.3,325.8,70.2,52.3
663893,21574,Brendon Little,P,RP,161.5,325.6,26.4,44.3
592791,11674,Jameson Taillon,P,SP,383.6,324.2,110.8,73.0
682052,25098,Jacob Lopez,P,SP,131.7,322.7,31.2,78.7
663886,17988,Tyler Stephenson,H,,327.4,322.5,288.0,274.0
650489,17338,Willi Castro,H,,399.7,322.4,376.1,336.0
668881,22182,Hunter Greene,P,SP,565.4,321.3,128.4,58.0
669720,19363,Austin Hays,H,,394.1,321.3,347.6,308.0
680977,24679,Brendan Donovan,H,,483.1,321.2,415.7,303.0
675848,23237,Juan Mejia,P,RP,97.6,321.1,23.3,53.7
672282,27468,Reid Detmers,P,RP,264.2,319.5,61.4,43.3
647336,18383,Michael Soroka,P,SP,394.4,318.0,93.1,70.0
686701,29863,Ryan Bergert,P,SP,82.3,317.9,22.2,72.3
666158,19955,Gavin Lux,H,,372.2,316.8,362.5,327.0
665019,20572,Kody Clemens,H,,143.7,316.5,152.0,329.0
691026,27479,Masyn Winn,H,,467.2,316.2,430.6,373.0
573204,10078,Caleb Thielbar,P,RP,133.5,314.6,26.5,40.3
694477,30113,Chad Patrick,P,SP,188.5,314.4,52.4,66.7
681517,24763,Kyle Leahy,P,RP,149.4,314.1,28.6,59.0
669357,22263,Nolan Gorman,H,,342.2,313.7,315.0,304.0
669707,25807,Jared Triolo,H,,156.5,313.3,160.6,280.0
701358,35108,Cam Smith,H,,365.1,311.9,348.6,350.0
686973,27691,Louis Varland,P,RP,226.8,311.4,47.2,49.7
663969,20629,Tyler Phillips,P,RP,159.0,311.3,41.5,52.3
683011,27647,Anthony Volpe,H,,490.0,310.6,463.6,390.0
682622,26517,Noelvi Marte,H,,214.3,310.0,209.6,287.0
681911,25007,Alex Vesia,P,RP,177.8,310.0,26.9,37.3
666374,25756,Matt Brash,P,RP,169.4,308.3,26.1,41.7
683769,25636,Hunter Gaddis,P,RP,176.8,306.9,28.1,45.7
643377,20253,Griffin Jax,P,RP,204.9,305.1,30.5,43.3
656730,17722,Trevor Megill,P,RP,200.5,304.3,27.0,30.7
657649,27517,Jared Koenig,P,RP,158.0,304.2,25.8,44.3
805367,31580,Chase Meidroth,H,,374.3,304.1,387.2,396.0
700241,29869,Michael McGreevy,P,SP,229.5,304.0,53.6,90.0
660271,19755,Shohei Ohtani,P,SP,223.9,303.9,47.3,47.0
624428,15223,Adam Frazier,H,,128.6,303.5,150.8,300.0
621381,13799,Matt Strahm,P,RP,195.2,303.3,29.6,41.7
595345,13580,Steven Okert,P,RP,137.9,303.3,25.1,48.0
687401,25493,Joey Ortiz,H,,364.4,303.1,405.4,335.0
700337,28022,Edgar Quero,H,,214.9,302.8,216.5,300.0
676572,23395,Eric Wagaman,H,,255.4,300.5,277.0,335.0
669224,27562,Austin Wells,H,,362.5,299.1,324.7,284.0
680885,31846,Spencer Schwellenbach,P,SP,520.1,297.7,118.4,49.3
668901,22184,Mark Vientos,H,,501.7,295.0,453.8,276.0
624424,16376,Michael Conforto,H,,357.2,293.7,325.0,308.0
665833,21711,Oneil Cruz,H,,546.7,293.1,415.8,357.0
605170,14968,Victor Caratini,H,,164.3,293.0,161.6,284.0
681190,24719,Randy Vasquez,P,SP,236.2,292.6,84.5,84.7
596146,12144,Max Kepler,H,,345.7,292.5,329.9,297.0
680732,29878,Sean Burke,P,SP,216.2,292.1,98.7,80.3
672582,22717,Angel Zerpa,P,RP,147.0,290.0,26.2,46.3
694037,27914,Daniel Palencia,P,RP,190.1,289.6,29.2,36.0
805673,31827,Zebby Matthews,P,SP,309.6,288.9,81.4,76.3
669372,27889,J.T. Ginn,P,SP,260.8,288.8,71.7,72.7
608324,17678,Alex Bregman,H,,610.7,288.1,460.8,269.0
663457,21454,Lars Nootbaar,H,,445.4,287.9,372.3,354.0
680767,24614,Victor Vodnik,P,RP,80.3,287.3,22.6,42.7
664076,17897,Garrett Cleavinger,P,RP,171.3,286.5,28.4,42.3
665966,19722,Carlos Narvaez,H,,212.7,286.1,229.9,306.0
663436,21448,Davis Martin,P,SP,235.9,286.0,91.3,86.0
641329,19804,Bryan Baker,P,RP,155.7,284.2,29.5,47.3
676755,20385,Isaac Mattson,P,RP,97.1,284.1,21.4,46.0
673357,20043,Luis Robert Jr.,H,,539.3,283.9,434.0,240.0
669276,19996,Dylan Lee,P,RP,175.3,283.4,27.4,47.3
516782,9241,Starling Marte,H,,240.1,282.3,231.4,230.0
592094,11861,Jason Adam,P,RP,191.4,281.9,28.7,40.7
677587,23690,Brayan Rocchio,H,,141.6,281.7,178.8,281.0
663460,21455,Kris Bubic,P,SP,439.5,281.5,99.7,55.0
682626,26121,Francisco Alvarez,H,,292.4,280.9,279.2,199.0
669461,22294,Matthew Liberatore,P,SP,367.4,279.8,91.1,99.3
500743,7802,Miguel Rojas,H,,100.8,278.6,116.3,240.0
664034,17982,Ty France,H,,405.5,277.5,389.7,298.0
608348,13620,Carson Kelly,H,,271.0,277.2,240.5,296.0
662139,19918,Daulton Varsho,H,,492.9,276.8,425.2,196.0
676609,23401,Jose Caballero,H,,193.4,276.2,200.0,242.0
691176,28080,Jasson Dominguez,H,,436.5,276.0,367.7,263.0
543309,5517,Kyle Higashioka,H,,186.8,275.9,213.1,250.0
677950,23792,Alek Thomas,H,,304.2,275.1,320.9,329.0
502671,9218,Paul Goldschmidt,H,,513.2,274.2,425.5,330.0
670036,19330,Matt Festa,P,RP,141.5,273.9,26.2,45.7
663978,20099,Chris Paddack,P,SP,298.6,273.6,91.1,106.0
669711,20375,Greg Weissert,P,RP,138.8,273.4,26.3,46.0
609280,15878,Miguel Andujar,H,,321.7,272.5,310.0,190.0
666214,19962,Joey Wentz,P,SP,101.9,272.4,22.7,75.7
663647,18577,Ke'Bryan Hayes,H,,372.4,271.8,405.9,371.0
656550,16944,Grant Holmes,P,SP,298.8,271.5,84.5,63.3
673962,26299,Josh Jung,H,,487.0,270.7,414.4,345.0
676534,20116,Calvin Faucher,P,RP,166.4,270.4,28.7,44.3
670167,20020,John Schreiber,P,RP,156.4,269.4,26.2,44.0
676254,20423,Ryan Walker,P,RP,252.2,269.1,28.7,43.3
663947,26231,Tyler Holton,P,SP,152.1,268.4,25.7,55.3
593974,14295,Wandy Peralta,P,RP,100.8,268.1,22.5,53.0
656775,17929,Cedric Mullins,H,,499.3,268.0,411.8,303.0
668933,27552,Graham Ashcraft,P,RP,155.2,267.0,27.8,41.3
656546,17432,Jeff Hoffman,P,RP,238.9,266.5,27.7,45.7
453286,3137,Max Scherzer,P,SP,317.0,266.3,84.0,82.0
547179,14843,Michael Lorenzen,P,SP,320.6,265.1,96.0,84.3
663687,21520,Hogan Harris,P,RP,116.8,264.7,25.0,50.3
664126,17998,Pete Fairbanks,P,RP,231.7,264.0,28.4,39.3
663485,21461,Cole Sands,P,RP,177.2,263.4,29.1,50.3
702352,30226,Spencer Bivens,P,RP,117.9,262.5,23.6,55.7
643289,16530,Mauricio Dubon,H,,173.3,262.0,212.3,319.0
607455,14706,Anthony Banda,P,RP,114.4,262.0,24.8,41.3
672275,27478,Patrick Bailey,H,,295.7,261.9,358.2,308.0
682657,26540,Angel Martinez,H,,180.2,261.8,192.3,357.0
640448,15009,Kyle Finnegan,P,RP,225.8,261.3,28.8,38.3
641302,17735,Tyler Alexander,P,RP,111.2,260.7,23.2,64.0
673929,29950,Jordan Leasure,P,RP,175.4,260.7,29.5,46.3
689414,29844,Liam Hicks,H,,142.1,260.1,156.1,294.0
656986,21345,Bennett Sousa,P,RP,133.5,257.3,24.5,35.0
596001,13619,Jakob Junis,P,RP,116.4,256.5,25.5,44.3
670623,20036,Isaac Paredes,H,,554.7,255.3,414.8,219.0
684320,33838,Yariel Rodriguez,P,RP,225.9,254.7,44.3,47.7
602104,18795,Ramon Urias,H,,210.4,254.7,208.4,280.0
642397,19677,Gregory Soto,P,RP,142.6,253.5,28.1,43.0
677800,23772,Wilyer Abreu,H,,459.8,252.9,351.8,228.0
680755,24609,Braydon Fisher,P,RP,105.7,251.6,21.3,43.0
657571,19349,Caleb Ferguson,P,RP,166.5,251.3,28.0,43.3
571948,13346,Hoby Milner,P,RP,137.3,251.0,26.4,48.7
506433,13074,Yu Darvish,P,SP,289.9,250.0,78.5,72.0
700249,30055,Cade Povich,P,SP,275.0,249.7,88.6,66.0
678662,24064,Ezequiel Tovar,H,,508.8,249.7,426.7,289.0
623352,14212,Josh Hader,P,RP,269.2,246.9,29.5,30.7
656271,17968,Brock Burke,P,RP,150.8,244.8,27.9,43.7
643376,16535,Danny Jansen,H,,253.2,243.2,222.4,212.0
607625,12447,Seth Lugo,P,SP,435.3,242.1,120.9,88.7
691594,28253,Javier Sanoja,H,,134.1,241.8,140.9,229.0
664199,17611,Taylor Clarke,P,RP,86.1,240.8,22.4,48.0
672356,22563,Gabriel Arias,H,,284.2,237.1,314.4,298.0
666808,21992,Camilo Doval,P,RP,191.7,236.4,26.8,42.0
621383,16990,Tanner Banks,P,RP,132.9,236.3,26.4,44.3
807712,33321,Luke Keaschall,H,,143.2,235.0,133.5,181.0
663586,18360,Austin Riley,H,,626.0,234.9,465.3,225.0
660162,17232,Yoan Moncada,H,,421.2,234.1,367.4,199.0
694497,27790,Evan Carter,H,,302.3,230.6,268.1,183.0
641927,21224,Bailey Ober,P,SP,405.8,230.6,109.5,95.0
676395,23363,Robert Garcia,P,RP,186.2,230.1,29.9,43.0
666310,21865,Bo Naylor,H,,290.7,228.9,292.3,279.0
657612,16814,Tim Hill,P,RP,124.4,228.6,26.1,44.3
669394,22275,Jake Burger,H,,420.6,227.8,343.7,226.0
519141,11426,Drew Pomeranz,P,RP,136.9,226.8,27.2,38.3
657376,19899,Clarke Schmidt,P,SP,348.7,225.7,90.8,41.3
605130,14993,Scott Barlow,P,RP,134.4,223.5,27.8,46.7
661403,21032,Emmanuel Clase,P,RP,274.8,223.2,28.8,26.3
680730,27636,Mitchell Parker,P,SP,332.7,222.6,97.4,109.3
666134,20529,Nolan Jones,H,,253.6,220.9,249.0,269.0
640455,15873,Sean Manaea,P,SP,346.2,220.8,94.1,60.7
669622,19742,Anthony Bender,P,RP,196.9,220.1,29.3,30.0
527038,5827,Wilmer Flores,H,,383.5,219.6,339.4,267.0
686780,25782,Pedro Pages,H,,165.9,219.1,187.6,259.0
643396,16512,Isiah Kiner-Falefa,H,,358.7,218.8,392.1,311.0
672515,22664,Gabriel Moreno,H,,383.0,218.6,346.7,167.0
661563,21052,Luis Gil,P,SP,246.0,218.1,64.5,57.0
623437,15145,Justin Topa,P,RP,119.3,217.5,25.7,44.3
595879,12979,Javier Baez,H,,332.6,216.7,360.8,282.0
458677,4301,Justin Wilson,P,RP,114.7,214.7,24.3,32.0
806188,31815,Cade Gibson,P,RP,135.3,213.2,26.0,42.3
666023,21840,Freddy Fermin,H,,160.9,212.6,189.4,248.0
668674,19360,Lucas Erceg,P,RP,192.2,211.9,28.8,39.3
668390,22113,Cole Winn,P,RP,104.2,211.8,23.6,38.3
678495,23974,Randy Rodriguez,P,RP,160.2,211.5,24.9,29.0
676962,23590,Ben Brown,P,SP,328.7,211.4,70.8,60.0
676130,23313,Jose Butto,P,RP,120.2,211.3,23.8,40.3
657585,16866,Reed Garrett,P,RP,149.8,211.1,28.1,34.3
669199,19222,Lake Bachar,P,RP,130.1,210.8,27.3,44.3
681393,29592,Connor Norby,H,,398.4,210.4,379.8,224.0
642585,20666,Felix Bautista,P,RP,238.2,210.1,28.1,20.0
669743,19296,Alex Call,H,,219.5,209.4,241.8,196.0
606160,12760,Rafael Montero,P,RP,91.1,208.8,22.3,43.3
624641,17022,Edmundo Sosa,H,,148.5,208.5,148.2,190.0
694738,30076,Landen Roupp,P,SP,350.7,208.2,85.3,54.7
682177,25180,Daniel Schneemann,H,,224.2,206.9,239.4,299.0
669084,22207,DL Hall,P,RP,115.7,206.1,23.2,38.7
666974,25911,Yennier Cano,P,RP,175.1,204.6,31.5,42.0
664728,21614,Kyle Isbel,H,,332.2,204.4,367.0,276.0
673540,31838,Kodai Senga,P,SP,463.5,204.3,110.5,63.0
571945,9803,Miles Mikolas,P,SP,291.6,204.2,95.5,105.0
687473,26440,Ryan Gusto,P,SP,233.1,204.0,64.9,66.3
669160,19716,Dustin May,P,SP,241.4,203.6,61.3,81.7
681982,20546,Grant Anderson,P,RP,132.0,203.0,24.5,43.0
545341,10243,Randal Grichuk,H,,199.6,202.7,182.3,221.0
657097,19274,Jacob Webb,P,RP,146.0,202.6,29.2,43.7
596133,16918,Luke Weaver,P,RP,212.6,201.8,30.7,42.0
687888,26056,Brandon Walter,P,SP,125.9,201.3,29.5,48.7
676694,20308,Jake Meyers,H,,319.9,201.3,310.6,211.0
664854,18138,Ryan Helsley,P,RP,264.8,201.2,29.9,39.0
680694,24586,Kyle Bradish,P,SP,90.0,201.1,20.0,32.0
663465,18694,Kolby Allard,P,RP,108.4,200.9,24.2,47.0
571927,13361,Steven Matz,P,RP,260.0,200.7,69.5,45.7
672456,22630,Keider Montero,P,SP,146.9,200.7,47.4,60.0
642133,15679,Rowdy Tellez,H,,287.8,200.6,276.9,189.0
572955,13435,Pierce Johnson,P,RP,163.7,200.5,28.0,41.0
666624,21897,Christopher Morel,H,,283.9,199.0,242.9,172.0
467793,2396,Carlos Santana,H,,340.8,197.0,351.9,276.0
686993,27694,Justin Sterner,P,RP,145.7,196.8,28.4,40.0
669211,19362,Keegan Akin,P,RP,167.0,196.2,29.5,40.3
702284,sa3020459,Cole Young,H,,133.5,195.7,152.6,257.0
691023,27475,Jordan Walker,H,,378.0,195.0,387.1,244.0
685126,27668,Brandon Eisert,P,RP,152.5,194.7,27.4,49.0
571448,9777,Nolan Arenado,H,,501.1,194.4,449.3,235.0
608701,13770,Rob Refsnyder,H,,175.2,192.8,142.7,155.0
669221,19352,Sean Murphy,H,,276.0,192.7,232.6,214.0
605400,16149,Aaron Nola,P,SP,418.4,191.4,114.4,44.7
660853,18403,Enyel De Los Santos,P,RP,122.5,191.0,24.8,44.3
592426,11752,Luke Jackson,P,RP,189.5,191.0,28.5,36.3
676106,27470,Emerson Hancock,P,SP,166.8,190.8,52.8,50.7
663623,21504,Jake Irvin,P,SP,298.2,189.9,111.0,119.7
672841,22915,Carlos Vargas,P,RP,144.1,188.9,25.5,52.0
663624,18373,Ryan Mountcastle,H,,365.6,188.3,329.2,177.0
696149,sa3017428,Bubba Chandler,P,RP,246.6,188.3,65.5,31.3
657044,16647,Ryan Thompson,P,RP,138.9,186.7,25.4,22.3
676664,23429,JP Sears,P,SP,302.4,184.7,114.3,81.7
681892,24993,Kody Funderburk,P,RP,111.3,184.6,22.9,33.7
592779,16727,Brock Stewart,P,RP,143.9,184.6,27.7,28.0
680742,24607,Jonathan Bowlan,P,RP,83.1,184.6,20.5,39.3
592454,11384,Tommy Kahnle,P,RP,182.7,184.3,27.7,43.3
683232,25376,Nick Mears,P,RP,136.5,183.4,25.1,36.0
695336,27883,Thomas Saggese,H,,112.9,183.0,114.6,251.0
693312,27775,Kyle Nicolas,P,RP,69.6,181.8,20.8,30.3
615698,19312,Cal Quantrill,P,SP,232.7,181.7,87.8,76.7
572191,11489,Michael A. Taylor,H,,146.4,181.4,174.6,223.0
663559,20070,Bailey Falter,P,SP,293.1,180.8,91.4,71.3
592836,11836,Taijuan Walker,P,SP,164.2,180.5,49.1,84.3
671212,29608,Joe Boyle,P,SP,178.6,180.2,43.8,47.0
621053,19481,Tyler Ferguson,P,RP,130.1,179.2,27.0,35.0
668709,26368,JJ Bleday,H,,354.6,177.0,310.0,155.0
608372,35321,Tomoyuki Sugano,P,SP,248.8,177.0,110.6,98.3
676428,30133,Brant Hurter,P,RP,132.2,176.1,23.0,37.0
678009,23800,Parker Meadows,H,,231.3,175.6,227.3,213.0
578428,10231,Jose Iglesias,H,,168.6,175.2,191.0,231.0
665926,19950,Andres Gimenez,H,,419.2,175.0,395.5,226.0
687363,31349,Victor Scott II,H,,305.0,174.9,363.4,288.0
689266,29928,Dylan Dodd,P,RP,127.9,174.7,33.3,35.0
669724,22304,Brenan Hanifee,P,RP,146.8,174.4,26.4,36.0
641598,15161,Mitch Garver,H,,196.0,173.0,191.8,198.0
571946,10197,Shelby Miller,P,RP,150.1,171.5,26.7,25.3
668939,26288,Adley Rutschman,H,,502.2,171.4,409.8,176.0
673490,27506,Ha-Seong Kim,H,,329.9,171.4,295.6,191.0
663698,21524,Joey Bart,H,,258.9,170.3,256.2,173.0
669242,19470,Tommy Edman,H,,498.8,170.3,422.3,236.0
641680,16930,Jonah Heim,H,,217.0,169.9,232.7,289.0
592626,11899,Joc Pederson,H,,379.6,168.4,296.6,162.0
656222,17192,Jalen Beeks,P,RP,135.3,167.7,24.8,32.3
664983,21622,Jake McCarthy,H,,141.2,167.4,138.7,175.0
621051,20353,Steven Wilson,P,RP,154.6,166.6,28.8,39.7
670764,22458,Taylor Walls,H,,119.3,166.6,147.3,181.0
676467,31312,Colton Gordon,P,SP,260.8,166.6,74.6,76.3
688138,33699,Logan Evans,P,SP,110.2,166.5,32.0,54.3
656945,17586,Tanner Scott,P,RP,264.5,165.8,31.0,33.3
663743,21538,Nick Fortes,H,,108.8,165.2,150.4,191.0
657514,16835,Brennan Bernardino,P,RP,126.0,164.3,25.6,30.7
542881,12880,Tyler Anderson,P,SP,325.0,163.5,116.7,81.3
682847,27646,Luis L. Ortiz,P,SP,359.7,163.4,91.1,40.3
670912,22487,Johan Oviedo,P,SP,126.1,163.1,37.8,40.3
669456,19427,Shane Bieber,P,SP,295.7,161.7,65.8,40.3
676508,30085,Ben Casparius,P,RP,170.8,160.9,39.0,44.0
570632,11589,Jose Urena,P,RP,90.2,160.0,37.0,41.7
607200,17425,Erick Fedde,P,SP,413.1,159.5,119.4,83.7
664141,17578,JT Brubaker,P,RP,67.9,157.3,23.5,28.7
666181,21853,Will Benson,H,,206.9,156.8,180.8,212.0
669438,22288,Mason Englert,P,RP,102.6,155.7,24.4,26.7
518585,7048,Fernando Cruz,P,RP,143.4,155.4,24.7,24.3
805123,31764,AJ Blubaugh,P,RP,86.4,154.8,23.0,28.0
663368,19921,Blake Perkins,H,,113.3,153.7,129.2,171.0
696285,29931,Jacob Young,H,,285.2,152.6,355.4,237.0
801403,33482,Chase Dollander,P,SP,202.2,152.1,67.5,59.3
655316,19455,Andruw Monasterio,H,,118.6,150.5,143.1,119.0
657557,18015,Paul DeJong,H,,157.6,150.4,180.1,151.0
641343,15194,Jake Bauers,H,,148.7,150.3,148.1,134.0
641401,21205,Connor Brogdon,P,RP,74.1,149.8,21.2,41.3
678554,23986,Curtis Mead,H,,153.4,149.6,161.9,184.0
682641,26467,Luis Matos,H,,180.5,149.5,176.6,115.0
668964,22191,Tobias Myers,P,RP,146.0,149.2,47.1,30.7
665871,21741,Javier Assad,P,SP,150.2,149.1,44.3,37.0
621111,19374,Walker Buehler,P,SP,294.0,149.1,87.7,90.0
676917,27473,Cade Cavalli,P,SP,189.9,148.8,51.4,48.7
810938,33197,Ben Williamson,H,,125.5,148.4,177.1,174.0
682254,29770,Mason Montgomery,P,RP,156.5,147.9,26.4,29.3
672016,29858,Denzel Clarke,H,,177.4,146.6,196.6,156.0
666171,25420,Ryan Zeferjahn,P,RP,170.4,145.7,28.6,39.0
456781,8623,Donovan Solano,H,,145.3,144.9,162.4,111.0
667472,22054,Dane Myers,H,,205.9,143.4,201.8,245.0
670541,19556,Yordan Alvarez,H,,616.6,142.4,358.3,78.0
663738,21537,Daniel Lynch IV,P,RP,182.9,141.5,42.7,45.0
592773,15947,Ryne Stanek,P,RP,153.4,140.6,26.9,38.3
677958,31843,Kumar Rocker,P,SP,201.7,140.1,51.1,44.3
605177,12988,Andrew Chafin,P,RP,146.1,139.5,25.4,26.7
641584,19260,Jake Fraley,H,,243.2,138.7,214.5,126.0
518489,5615,Ryan Brasier,P,RP,141.5,137.4,24.4,25.0
674444,23165,Steven Cruz,P,RP,116.9,137.1,23.0,29.3
641933,15711,Tyler O'Neill,H,,415.1,136.9,319.4,116.0
642731,16426,Thairo Estrada,H,,260.6,136.2,229.8,165.0
656976,19892,Pavin Smith,H,,295.9,135.5,268.4,134.0
677955,30250,Jaden Hill,P,RP,87.0,135.3,20.6,26.7
673513,33826,Yuki Matsui,P,RP,148.4,133.5,25.0,43.7
690987,27482,Robert Hassell III,H,,122.3,133.2,146.8,198.0
686611,33541,Dylan Crews,H,,362.0,132.1,331.9,149.0
695506,sa3025245,Jac Caglianone,H,,137.0,131.6,141.3,232.0
607481,16258,Aaron Bummer,P,RP,167.4,131.6,25.5,33.3
622608,15488,Antonio Senzatela,P,SP,199.5,129.8,93.1,80.3
700669,29519,Gordon Graceffo,P,RP,218.5,129.6,49.5,29.3
676661,23426,Max Lazar,P,RP,100.0,129.2,22.0,39.3
690986,27758,Kyle Harrison,P,SP,217.7,127.8,53.8,30.3
682120,25139,Tim Herrin,P,RP,168.0,127.5,26.8,25.7
688363,31363,Graham Pauley,H,,132.9,127.2,155.1,95.0
678368,23899,Valente Bellozo,P,RP,110.2,127.0,32.4,56.3
660787,21420,Yerry De los Santos,P,RP,105.0,126.9,22.7,26.0
621112,14739,Paul Blackburn,P,RP,127.3,126.6,36.2,39.0
518595,7739,Travis d'Arnaud,H,,197.9,126.5,194.4,158.0
642152,15043,Lou Trivino,P,RP,88.8,126.3,21.4,31.3
663423,17948,Trent Thornton,P,RP,94.9,125.5,22.4,27.0
623211,6107,Huascar Brazoban,P,RP,138.1,124.8,25.0,32.0
543056,13293,Danny Coulombe,P,RP,104.9,123.6,21.6,26.3
685299,27669,Tanner Gordon,P,SP,56.8,123.5,24.9,63.0
621438,13675,Tyrone Taylor,H,,292.2,122.6,318.1,194.0
681351,24729,Logan O'Hoppe,H,,439.6,122.3,347.8,285.0
571657,14813,Kyle Farmer,H,,196.0,121.5,192.0,156.0
642201,19346,Eli White,H,,132.1,120.4,139.4,145.0
691785,sa3017114,Marcelo Mayer,H,,249.2,120.3,237.8,136.0
649966,16622,Luis Urias,H,,242.3,119.5,229.8,195.0
641656,19261,Ian Hamilton,P,RP,129.8,118.6,24.1,25.3
808975,35322,Hyeseong Kim,H,,170.0,118.2,174.5,130.0
623168,13897,Tyler Heineman,H,,87.1,117.5,119.7,123.0
690928,30240,Hunter Dobbins,P,SP,160.5,116.8,46.4,28.7
620443,15905,Luis Torrens,H,,150.6,116.2,167.5,190.0
596103,16153,Austin Slater,H,,205.0,116.0,198.0,137.0
687064,27819,Brandon Young,P,SP,115.6,115.7,29.8,49.0
681807,24934,David Fry,H,,150.4,115.7,136.5,157.0
669397,22277,Nick Allen,H,,243.6,113.1,316.1,269.0
592866,16977,Trevor Williams,P,SP,261.4,113.1,88.1,33.3
666661,21924,Juan Morillo,P,RP,108.4,112.2,21.7,22.0
518934,9874,DJ LeMahieu,H,,221.0,112.1,248.4,118.0
553869,11680,Elias Diaz,H,,170.4,111.8,192.9,169.0
672578,22713,Carlos Hernandez,P,RP,86.7,111.2,23.2,24.3
672391,20061,Kaleb Ort,P,RP,135.9,111.1,27.6,34.0
642708,15518,Amed Rosario,H,,125.5,111.0,133.1,105.0
606996,19646,Kyle Hart,P,RP,136.7,109.9,39.1,22.0
608718,13942,Brent Suter,P,RP,102.0,109.9,25.2,40.3
641816,16358,Tyler Mahle,P,SP,395.4,109.6,105.6,26.7
656288,19867,Griffin Canning,P,SP,287.3,109.3,81.8,26.3
672744,22842,Alexander Canario,H,,192.2,108.9,207.9,140.0
573124,13449,Taylor Rogers,P,RP,148.5,108.3,27.2,31.7
596142,11442,Gary Sanchez,H,,131.7,107.6,127.8,66.0
701581,30056,David Festa,P,SP,303.0,107.3,70.8,40.3
663767,21544,Chase Shugart,P,RP,132.0,106.9,26.0,23.3
668984,25921,Casey Legumina,P,RP,152.3,106.2,27.4,33.0
669911,25845,Michael Toglia,H,,388.8,105.4,361.7,153.0
687765,27707,Mitch Spence,P,SP,170.0,104.8,42.5,53.0
502085,8241,David Robertson,P,RP,121.4,104.7,25.0,17.7
624585,14221,Jorge Soler,H,,471.6,102.4,400.6,121.0
670042,19354,Luke Raley,H,,233.2,101.0,205.5,135.0
620454,17169,Jose Castillo,P,RP,115.8,100.5,23.2,23.0
606115,13185,Orlando Arcia,H,,157.2,99.5,182.6,182.0
642232,16502,Ryan Yarbrough,P,SP,153.2,98.7,41.5,34.7
682243,29837,Bryce Miller,P,SP,381.9,97.9,97.8,50.7
686681,27684,Michael Massey,H,,309.3,97.9,315.0,99.0
806185,31635,Hayden Birdsong,P,SP,307.7,96.9,87.1,37.3
543859,10315,Michael Tonkin,P,RP,86.9,95.7,23.6,24.0
621121,14120,Lance McCullers Jr.,P,SP,329.3,95.2,90.7,43.0
642121,15256,Cole Sulser,P,RP,109.9,95.0,25.0,14.0
668942,19734,Josh Rojas,H,,232.6,94.0,269.2,160.0
679358,27626,Eric Orze,P,RP,135.5,93.9,26.4,23.3
656464,19876,Kevin Ginkel,P,RP,165.8,93.3,26.0,16.7
608566,15038,German Marquez,P,SP,246.2,93.2,102.7,79.3
624431,16725,Jose Trevino,H,,178.2,92.3,191.7,195.0
573186,13431,Marcus Stroman,P,SP,248.5,92.1,85.5,29.7
457759,5235,Justin Turner,H,,239.6,91.4,244.4,107.0
656555,16472,Rhys Hoskins,H,,478.6,90.8,395.5,141.0
687221,31382,Dalton Rushing,H,,130.2,90.2,121.4,141.0
677960,23796,Ryan Weathers,P,SP,367.3,90.2,97.4,28.3
643410,15551,Mark Leiter Jr.,P,RP,175.0,90.1,28.1,27.7
666397,27534,Edouard Julien,H,,125.1,89.3,118.9,104.0
489446,9073,Kirby Yates,P,RP,161.9,88.9,23.4,22.7
668670,19452,Jake Rogers,H,,202.3,88.8,225.4,117.0
678020,33294,Seth Halvorsen,P,RP,174.4,88.5,29.6,20.0
641154,17085,Pablo Lopez,P,SP,536.6,87.7,118.9,25.0
681676,24862,Ryan Fernandez,P,RP,112.9,87.5,24.0,21.7
519326,7836,Hunter Strickland,P,RP,103.6,85.9,25.9,19.3
701519,sa3017991,Travis Adams,P,RP,116.4,83.9,30.5,33.7
687330,25679,Kevin Kelly,P,RP,98.7,82.7,21.7,34.7
663837,21558,Matt Vierling,H,,297.3,82.5,279.7,99.0
623167,13896,Chris Flexen,P,RP,77.7,82.4,22.3,33.3
593423,14309,Frankie Montas,P,SP,270.6,81.9,76.2,38.7
687830,26048,Sawyer Gipson-Long,P,RP,107.1,81.1,26.8,31.3
666142,21846,Cole Ragans,P,RP,572.8,80.9,108.9,16.0
519151,7005,Ryan Pressly,P,RP,213.6,80.3,28.5,23.0
642528,19753,Jonathan Loaisiga,P,RP,144.5,79.5,28.1,27.0
680474,24488,Max Schuemann,H,,125.8,79.4,140.8,158.0
657041,16939,Lane Thomas,H,,393.7,79.2,366.3,89.0
669289,19997,Santiago Espinal,H,,191.4,78.9,219.5,171.0
695238,29634,Will Wagner,H,,100.4,78.3,105.8,81.0
695445,29574,Chase Lee,P,RP,113.8,78.3,21.0,25.0
687952,30011,Christian Encarnacion-Strand,H,,239.2,77.4,195.7,77.0
455119,11847,Chris Martin,P,RP,162.6,76.4,22.9,22.7
657136,19896,Connor Wong,H,,188.6,75.3,191.3,138.0
681869,24977,Shawn Dubin,P,RP,117.5,74.1,23.2,26.7
656731,21318,Tylor Megill,P,RP,255.6,73.8,55.7,20.3
669308,22253,Sean Reynolds,P,RP,128.8,73.4,23.7,20.0
667463,22051,John King,P,RP,125.4,73.2,25.3,32.0
672724,22823,Oswald Peraza,H,,184.2,72.5,195.6,195.0
669062,26252,Erik Miller,P,RP,158.0,72.3,25.5,12.7
543877,9774,Christian Vazquez,H,,161.3,72.1,204.6,133.0
674370,23150,Osvaldo Bido,P,RP,101.1,71.6,40.0,36.3
571771,10472,Enrique Hernandez,H,,196.4,71.0,198.6,141.0
605447,16122,Jordan Romano,P,RP,211.3,69.9,28.3,23.7
829272,sa3058454,Shinnosuke Ogasawara,P,RP,161.3,67.6,51.8,38.7
455117,6887,Martin Maldonado,H,,110.6,67.1,157.1,92.0
681857,24968,Reese Olson,P,RP,422.0,66.1,94.4,20.0
677588,23691,Jose Tena,H,,168.9,65.8,185.0,63.0
663604,21496,Brandon Lockridge,H,,153.2,65.6,191.0,83.0
671131,26215,Jackson Rutledge,P,RP,143.1,64.5,26.8,52.0
570482,10681,Gio Urshela,H,,125.7,64.3,135.9,90.0
660896,19459,Jorge Alcala,P,RP,106.6,63.6,23.6,37.7
544150,6175,Albert Suarez,P,RP,76.7,63.2,28.0,9.0
642136,19318,Matt Thaiss,H,,86.8,61.1,104.3,85.0
605452,12972,Joe Ross,P,RP,112.6,61.0,29.0,27.7
692225,33644,Kristian Campbell,H,,441.7,60.2,399.4,79.0
669203,19361,Corbin Burnes,P,RP,506.2,60.0,117.2,11.7
518886,6655,Craig Kimbrel,P,RP,86.4,59.2,20.4,12.0
702674,31508,Caden Dana,P,SP,121.7,59.1,43.5,29.3
686563,31730,Jonathan Cannon,P,SP,292.8,57.6,103.1,48.7
655889,20794,Manuel Rodriguez,P,RP,159.8,57.6,27.7,7.0
686580,25648,Justin Slaten,P,RP,164.5,56.1,28.9,13.3
690953,27756,Mick Abel,P,SP,81.4,56.0,21.4,33.0
681293,29921,Spencer Arrighetti,P,SP,221.9,55.8,62.0,25.7
664139,17871,Ian Gibaut,P,RP,88.6,55.4,22.5,12.7
595978,12976,Austin Hedges,H,,81.5,55.3,132.7,126.0
593576,11804,Hector Neris,P,RP,143.9,54.8,27.2,20.3
666149,26208,Tyler Fitzgerald,H,,416.8,53.8,391.7,130.0
642016,21229,Daniel Robert,P,RP,85.9,53.7,20.1,12.3
691783,29976,Jordan Lawlar,H,,265.0,53.3,253.6,63.0
621107,13774,Zach Eflin,P,SP,398.1,53.2,118.3,43.0
656537,16947,Derek Hill,H,,155.6,52.9,173.2,74.0
689017,27487,Landon Knack,P,RP,93.0,52.7,25.7,19.0
681217,30074,Chase Silseth,P,RP,137.4,52.1,40.4,11.0
596112,13594,Robert Stephenson,P,RP,99.8,51.5,23.2,10.0
645302,18363,Victor Robles,H,,194.2,49.5,195.7,68.0
679885,24453,Justin Martinez,P,RP,233.1,49.3,25.4,5.3
689690,29628,Alek Jacob,P,RP,98.1,49.2,22.5,11.7
666163,20287,Ben Rortvedt,H,,139.7,48.4,196.1,65.0
696136,30094,Jordan Wicks,P,RP,120.3,47.9,30.8,12.3
702176,31564,Alan Roden,H,,196.2,47.7,192.8,69.0
681882,24986,Colin Selby,P,RP,96.2,45.4,22.7,10.3
656234,21267,Jake Bird,P,RP,169.3,44.5,31.0,24.3
650893,17490,Genesis Cabrera,P,RP,78.6,44.3,20.1,35.0
701656,31475,Logan Henderson,P,RP,135.4,44.0,29.9,9.3
685107,27453,Anthony Veneziano,P,RP,74.6,43.7,20.6,8.3
673380,23055,Dedniel Nunez,P,RP,110.6,43.1,22.0,6.0
686799,27688,Jack Kochanowicz,P,SP,228.1,42.9,85.7,57.3
676775,23499,Keaton Winn,P,RP,147.3,42.5,35.8,10.0
680869,29766,Zack Gelof,H,,244.8,42.4,224.9,101.0
663855,19618,Jordan Hicks,P,RP,266.7,41.1,61.3,20.0
623149,13892,Paul Sewald,P,RP,108.5,40.9,21.7,8.0
676801,19599,Chas McCormick,H,,195.1,40.1,202.5,68.0
640451,15507,Hunter Harvey,P,RP,129.2,39.5,21.1,5.3
641555,20084,J.C. Escarra,H,,92.2,39.2,119.3,49.0
666464,21871,Jerar Encarnacion,H,,142.1,39.0,143.1,56.0
700242,29575,Trey Sweeney,H,,282.0,38.5,313.3,144.0
664238,18042,Dylan Moore,H,,322.5,38.3,276.9,117.0
678877,24257,Jhonkensy Noel,H,,155.9,37.2,169.2,66.0
657077,17027,Alex Verdugo,H,,136.3,37.0,139.4,88.0
642048,17888,Tayler Saucedo,P,RP,76.1,36.6,21.2,9.7
666277,21863,George Soriano,P,RP,90.3,36.5,22.7,18.3
680704,20517,Nick Sandlin,P,RP,105.7,36.1,22.0,8.3
664774,18126,LaMonte Wade Jr.,H,,329.9,35.0,314.8,93.0
676356,26365,Jonny DeLuca,H,,131.1,34.5,128.8,34.0
571760,15423,Andrew Heaney,P,SP,310.0,34.1,100.0,66.7
670224,26374,Kameron Misner,H,,233.1,33.7,271.2,71.0
592155,16061,Cam Booser,P,RP,141.1,33.1,29.5,12.7
690916,30160,Richard Fitts,P,SP,139.1,33.1,41.0,28.0
621028,17696,Kevin Newman,H,,98.2,33.1,138.7,67.0
677651,23735,Luis Garcia,P,RP,80.2,32.3,22.2,7.7
671221,20505,Drew Waters,H,,185.4,31.9,193.3,94.0
621366,16350,Ryan Borucki,P,RP,133.0,31.7,24.0,15.3
687931,sa3020529,Carson Whisenhunt,P,SP,92.3,31.7,23.1,23.3
682668,26548,Luisangel Acuna,H,,147.6,31.3,173.5,60.0
596295,16561,Austin Gomber,P,SP,117.4,30.7,56.4,57.7
683155,26257,Joey Estes,P,RP,108.2,29.0,47.4,4.0
679032,24336,Johan Rojas,H,,194.4,28.9,229.2,71.0
808963,35323,Roki Sasaki,P,RP,254.4,28.2,70.8,2.0
622786,16300,Jesus Tinoco,P,RP,160.4,27.9,29.3,4.3
678226,20271,Daysbel Hernandez,P,RP,146.0,27.5,26.7,15.0
663546,21481,Sean Hjelle,P,RP,90.4,26.8,22.4,15.0
691182,27962,Adael Amador,H,,142.1,25.5,140.6,37.0
595897,16074,Nick Burdi,P,RP,81.1,24.6,21.0,3.0
701305,31562,Zach Dezenzo,H,,155.2,24.4,169.4,17.0
664351,25839,Luis Contreras,P,RP,79.5,22.2,20.0,3.0
686676,25543,Korey Lee,H,,94.8,20.7,116.1,23.0
663432,17610,Tanner Rainey,P,RP,113.0,20.4,28.6,4.0
668820,22175,Max Kranick,P,RP,135.9,19.1,25.7,6.7
701121,31884,Logan VanWey,P,RP,83.6,18.8,20.7,2.0
688297,31261,Chris Roycroft,P,RP,96.7,18.3,24.0,10.7
641482,17874,Nestor Cortes,P,SP,148.8,18.1,38.5,26.3
677008,31166,Heston Kjerstad,H,,257.7,17.2,241.8,36.0
669020,22200,Ryan Rolison,P,RP,94.5,17.0,24.7,38.0
692230,30161,Carlos Rodriguez,P,RP,83.5,16.8,20.5,6.3
663898,17907,Brendan Rodgers,H,,185.8,16.2,207.4,22.0
663878,20160,Nate Pearson,P,RP,93.4,16.0,23.7,6.0
683090,25980,Matthew Lugo,H,,122.0,15.6,133.8,33.0
688642,31552,Zach Agnos,P,RP,181.7,15.1,30.3,17.3
683409,26790,Angel Chivilli,P,RP,126.5,14.4,28.9,29.7
641943,19818,Joshua Palacios,H,,93.8,14.0,103.4,42.0
660688,19610,Keibert Ruiz,H,,298.2,13.3,337.7,86.0
605347,14527,Jorge Lopez,P,RP,124.5,13.1,28.1,1.7
656240,16427,Scott Blewett,P,RP,106.4,12.7,24.2,24.0
671284,31522,Tim Elko,H,,176.7,12.6,184.3,40.0
669060,19990,Bryse Wilson,P,RP,105.4,12.0,45.9,14.3
608665,15514,Kendall Graveman,P,RP,109.0,11.7,24.2,13.7
678391,23917,Jorbit Vivas,H,,86.6,11.7,100.7,24.0
680951,30142,Doug Nikhazy,P,RP,117.4,11.4,30.9,1.0
689225,26079,Beau Brieske,P,RP,172.3,10.1,29.1,5.0
674285,23135,Eduardo Salazar,P,RP,75.4,9.4,21.4,13.3
592351,14916,Jon Gray,P,RP,226.5,9.1,65.6,14.0
623993,14551,Anthony Santander,H,,584.4,8.8,444.0,36.0
682825,25620,Luis Mey,P,RP,133.4,8.8,26.5,10.0
694363,27472,Jared Shuster,P,RP,87.7,8.7,23.3,4.3
592192,11445,Mark Canha,H,,153.5,8.5,146.2,56.0
642216,21238,Allan Winans,P,RP,127.3,7.7,32.0,9.3
687134,26419,Bradley Blalock,P,SP,67.4,7.6,27.3,42.7
664062,19388,Tony Gonsolin,P,RP,299.7,7.3,86.2,16.0
612434,15684,Miguel Castro,P,RP,118.1,6.8,25.3,2.7
673965,26255,Caleb Freeman,P,RP,68.1,6.8,21.9,1.0
489119,8779,Wade Miley,P,RP,63.2,5.9,29.3,12.0
605154,12777,John Brebbia,P,RP,120.2,4.3,24.4,9.0
643338,15552,Chad Green,P,RP,125.8,3.6,24.5,21.3
542932,12037,Jon Berti,H,,125.2,3.4,138.5,25.0
695549,30203,Jackson Jobe,P,RP,288.5,3.0,84.9,4.7
687863,26413,Porter Hodge,P,RP,171.9,2.4,22.4,13.7
691441,27974,Cristian Mena,P,RP,88.8,2.1,20.8,3.0
682848,25332,Endy Rodriguez,H,,214.0,1.5,215.8,7.0
663542,19924,Bryan Hudson,P,RP,111.9,0.7,22.6,4.7
666215,19586,Forrest Whitley,P,RP,111.3,0.7,22.6,9.3
665804,21693,Miguel Amaya,H,,186.7,0.6,188.0,5.0
670223,27845,Matt Mervis,H,,215.3,0.5,253.2,8.0
519008,3237,T.J. McFarland,P,RP,87.9,0.3,23.6,5.3
687223,31612,Carson Palmquist,P,SP,124.8,-0.4,52.8,26.0
605513,16207,Spencer Turnbull,P,RP,222.5,-0.6,63.5,6.3
695534,30170,Chase Petty,P,RP,83.5,-0.7,23.7,0.7
624415,19252,Cavan Biggio,H,,119.6,-1.0,127.6,1.0
521230,3548,Liam Hendriks,P,RP,147.8,-1.2,24.3,2.3
700363,29960,AJ Smith-Shawver,P,RP,289.9,-1.4,85.5,2.7
690291,31437,Jace Jung,H,,98.6,-2.0,104.8,2.0
608385,13590,Jesse Winker,H,,185.6,-3.0,173.5,3.0
642350,17452,Jose Siri,H,,144.9,-3.5,144.6,12.0
670102,20548,Bowden Francis,P,RP,246.7,-3.7,91.0,13.7
605361,12005,Nick Martini,H,,187.4,-4.4,188.1,10.0
669004,22197,MJ Melendez,H,,165.6,-4.5,169.7,13.0
677347,26420,Kyren Paris,H,,233.6,-5.0,266.7,5.0
671305,22533,Michel Otanez,P,RP,138.4,-5.2,26.4,1.7
663362,25550,Matt Waldron,P,RP,83.5,-5.4,24.3,4.7
682610,25311,Roddery Munoz,P,RP,69.6,-5.4,21.3,6.3
607732,13723,Jacob Stallings,H,,202.3,-5.5,223.0,46.0
680118,19779,Dairon Blanco,H,,126.4,-5.8,131.5,4.0
543518,12056,Scott McGough,P,RP,92.1,-7.0,22.9,11.0
669134,22217,Luis Campusano,H,,135.9,-9.0,137.2,17.0
650633,19853,Michael King,P,SP,586.6,-9.3,128.4,17.7
614179,14552,Jose Ruiz,P,RP,121.2,-9.7,27.1,4.0
665750,18900,Leody Taveras,H,,115.3,-9.9,134.0,42.0
694646,29866,Chayce McDermott,P,RP,84.0,-11.0,24.9,1.0
518397,10591,Scott Alexander,P,RP,101.0,-12.2,27.5,1.3
680684,31318,Gunnar Hoglund,P,RP,239.8,-13.2,88.9,11.0
676092,23307,Collin Snider,P,RP,122.7,-13.7,24.3,4.0
554340,12095,Yimi Garcia,P,RP,169.6,-14.1,27.0,1.0
676974,27474,Max Meyer,P,RP,339.4,-18.4,90.4,8.3
687424,26034,Anthony Maldonado,P,RP,87.2,-20.8,21.6,3.0
641312,19453,Shaun Anderson,P,RP,95.6,-40.6,24.6,1.3
