Name,OttoneuID,"FG MajorLeagueID","FG MinorLeagueID","MLB Org",Position(s),"Avg Salary","Median Salary","Min Salary","Max Salary","Last 10",Roster%
"Shohei Ohtani",33600,19755,,LAD,Util/SP,$76.31,$75.00,$51,$105,$81.70,100
"Aaron Judge",18312,15640,sa549847,NYY,OF,$70.28,$71.00,$40,$88,$65.70,98.305
"Juan Soto",23717,20123,sa906282,NYM,OF,$66.58,$66.00,$48,$83,$67.30,100
"Bobby Witt Jr.",36668,25764,sa3011225,KCR,SS,$50.93,$50.00,$29,$85,$61.00,100
"Ronald Acuña Jr.",23327,18401,sa877503,ATL,OF,$49.14,$48.00,$22,$70,$55.00,100
"Fernando Tatis Jr.",23682,19709,sa919910,SDP,2B/OF,$48.85,$49.00,$35,$62,$47.90,100
"José Ramírez",18284,13510,sa598784,CLE,3B,$47.66,$49.00,$28,$59,$38.10,98.305
"Yordan Alvarez",23795,19556,sa943524,HOU,OF,$45.93,$46.00,$31,$62,$48.10,100
"Tarik Skubal",35204,22267,sa3007593,LAD,SP,$43.42,$41.00,$28,$65,$53.80,100
"Vladimir Guerrero Jr.",18549,19611,sa920245,TOR,1B,$43.35,$45.00,$21,$60,$29.90,91.525
"Julio Rodriguez",33625,23697,sa3005720,SEA,OF,$41.27,$42.00,$24,$62,$39.20,100
"Yoshinobu Yamamoto",44525,33825,sa3023345,LAD,SP,$41.07,$41.00,$26,$59,$41.60,100
"Paul Skenes",43894,33677,sa3023079,PIT,SP,$40.98,$40.00,$26,$63,$51.60,98.305
"Kyle Tucker",18546,18345,sa874240,LAD,OF,$40.88,$41.00,$24,$58,$30.10,98.305
"Corbin Carroll",37182,25878,sa3010593,ARI,OF,$37.46,$38.00,$20,$56,$44.20,100
"Gunnar Henderson",37806,26289,sa3011484,BAL,SS,$36.03,$36.00,$15,$62,$38.30,100
"Bryce Harper",14982,11579,sa548033,PHI,1B/OF,$35.36,$34.00,$20,$57,$28.90,100
"Kyle Schwarber",18347,16478,sa709545,PHI,1B/OF,$35.12,$36.00,$19,$48,$43.50,100
"Francisco Lindor",18122,12916,sa597754,NYM,SS,$34.15,$35.00,$18,$50,$24.70,100
"Rafael Devers",18344,17350,sa828312,SFG,1B,$33.40,$34.00,$13,$53,$26.30,96.61
"Pete Alonso",23859,19251,sa873981,BAL,1B,$32.44,$32.00,$21,$43,$32.60,100
"Matt Olson",18386,14344,sa657863,ATL,1B,$32.32,$33.00,$19,$47,$25.70,100
"Mookie Betts",18276,13611,sa597889,LAD,SS,$30.24,$30.00,$15,$63,$24.90,100
"Freddie Freeman",5680,5361,sa390291,LAD,1B,$29.57,$27.50,$13,$80,$27.30,98.305
"Elly De La Cruz",36338,26668,sa3009289,CIN,SS,$29.39,$28.00,$14,$54,$39.50,100
"Logan Webb",21015,17995,sa828873,SFG,SP,$29.17,$29.00,$15,$45,$26.70,100
"Max Fried",18164,13743,sa657860,NYY,SP,$28.59,$29.00,$14,$43,$28.70,100
"Ketel Marte",18466,13613,sa597026,ARI,2B,$28.36,$29.50,$8,$42,$31.60,98.305
"Corey Seager",18216,13624,sa657913,TEX,SS,$28.05,$28.00,$9,$45,$16.70,100
"Trea Turner",18368,16252,sa599179,PHI,SS,$27.91,$29.00,$13,$45,$18.00,96.61
"Dylan Cease",21052,18525,sa829000,TOR,SP,$26.46,$26.00,$15,$41,$26.20,100
"Garrett Crochet",38312,27463,,BOS,SP,$26.00,$24.00,$5,$51,$37.70,100
"Framber Valdez",22426,17295,sa873146,DET,SP,$25.31,$26.00,$8,$36,$17.30,83.051
"Manny Machado",14934,11493,sa548155,SDP,3B,$25.00,$25.00,$12,$56,$17.70,98.305
"Logan Gilbert",33682,22250,sa3008598,SEA,SP,$24.93,$26.00,$12,$37,$28.90,100
"Seiya Suzuki",40927,30116,sa3018052,CHC,OF,$23.76,$24.00,$11,$36,$24.00,100
"Alex Bregman",18480,17678,sa659419,CHC,3B,$23.75,$24.00,$10,$35,$15.30,100
"Chris Sale",14393,10603,sa392121,ATL,SP,$23.36,$24.00,$11,$37,$27.20,100
"Zack Wheeler",15962,10310,sa500722,PHI,SP,$23.12,$23.00,$6,$44,$22.10,100
"George Kirby",36671,25436,sa3011526,SEA,SP,$23.05,$22.00,$12,$36,$24.60,96.61
"Junior Caminero",39108,28163,sa3015532,TBR,3B,$22.93,$19.00,$9,$57,$44.90,100
"Cristopher Sanchez",20975,20778,sa828749,PHI,SP,$21.90,$20.00,$7,$53,$37.10,100
"Jackson Chourio",39277,28806,sa3015704,MIL,OF,$21.76,$19.00,$8,$44,$33.60,100
"Bo Bichette",23767,19612,sa917949,NYM,SS/3B,$21.73,$21.00,$12,$39,$18.00,100
"Cal Raleigh",33654,21534,sa3008377,SEA,C,$21.52,$22.00,$10,$44,$16.60,94.915
"Riley Greene",36509,25976,sa3010694,DET,OF,$21.31,$21.00,$10,$51,$30.00,100
"Christian Yelich",14893,11477,sa548190,MIL,OF,$21.24,$22.00,$10,$30,$18.40,86.441
"James Wood",40188,29518,sa3016870,WSN,OF,$21.14,$18.00,$8,$43,$35.30,100
"Mike Trout",6305,10155,sa500736,LAA,OF,$21.10,$21.00,$9,$31,$19.20,100
"Austin Riley",22674,18360,sa874756,ATL,3B,$20.06,$20.00,$4,$39,$10.20,79.661
"Hunter Brown",37201,25880,sa3010571,HOU,SP,$20.02,$19.00,$9,$39,$31.50,98.305
"Tyler Glasnow",18236,14374,sa597835,LAD,SP,$19.14,$19.00,$11,$32,$18.50,100
"Randy Arozarena",23840,19290,sa914549,SEA,OF,$19.02,$19.00,$10,$31,$19.60,100
"Jazz Chisholm Jr.",23762,20454,sa919327,NYY,2B/3B,$18.93,$19.00,$11,$31,$17.30,98.305
"Freddy Peralta",19168,18679,sa737343,TBR,SP,$18.78,$19.00,$7,$30,$12.00,98.305
"Oneil Cruz",32291,21711,sa917318,PIT,OF,$18.64,$18.00,$11,$32,$17.20,100
"Kevin Gausman",18196,14107,sa548347,CHC,SP,$18.57,$18.50,$6,$32,$12.80,91.525
"Nick Kurtz",45716,35110,sa3025385,ATH,1B,$18.41,$15.00,$4,$51,$37.30,100
"Cody Bellinger",19328,15998,sa737794,NYY,OF,$18.31,$18.00,$9,$28,$19.70,100
"Jacob DeGrom",14294,10954,sa548447,TEX,SP,$18.12,$18.00,$7,$32,$23.20,98.305
"Blake Snell",18460,13543,sa597786,LAD,SP,$17.92,$17.00,$9,$30,$14.10,100
"Sonny Gray",18113,12768,sa455516,BOS,SP,$17.75,$18.00,$8,$32,$14.90,100
"Bryan Woo",41042,30279,sa3018290,SEA,SP,$17.66,$16.00,$7,$36,$27.30,100
"Jackson Merrill",40142,29490,sa3016829,SDP,OF,$16.88,$15.00,$6,$33,$25.10,100
"Jose Altuve",5918,5417,sa455591,HOU,2B/OF,$16.50,$16.00,$4,$32,$10.80,94.915
"Wyatt Langford",43896,33333,sa3022654,TEX,OF,$16.42,$14.00,$6,$38,$26.40,100
"Jesus Luzardo",23741,19959,sa917981,PHI,SP,$16.37,$16.00,$5,$39,$22.50,100
"William Contreras",22391,20503,sa872847,MIL,C,$16.33,$17.00,$9,$25,$16.10,98.305
"Joe Ryan",35196,21390,sa3007584,MIN,SP,$16.24,$16.00,$9,$25,$18.50,100
"Ian Happ",18479,17919,sa827194,CHC,OF,$16.12,$17.00,$8,$24,$15.30,96.61
"Brandon Nimmo",18126,12927,sa597760,TEX,OF,$15.83,$16.00,$6,$25,$14.10,100
"Jarren Duran",33685,24617,sa3006786,BOS,OF,$15.67,$15.00,$7,$29,$11.50,91.525
"Pete Crow-Armstrong",38327,27769,sa3014458,CHC,OF,$15.14,$14.00,$5,$33,$24.50,100
"Luis Castillo",23732,15689,sa657487,CHW,SP/RP,$14.96,$14.00,$6,$35,$5.40,44.068
"Teoscar Hernandez",23651,13066,sa596861,LAD,OF,$14.76,$15.00,$6,$29,$10.20,93.22
"Michael Harris II",37295,25931,sa3010684,ATL,OF,$14.69,$14.00,$8,$30,$12.90,100
"Mason Miller",40862,31757,sa3017934,SDP,RP,$14.59,$13.00,$7,$31,$22.30,100
"Will Smith",23654,19197,sa873265,LAD,C,$14.26,$14.00,$6,$25,$10.00,98.305
"Roman Anthony",42409,31812,sa3020211,BOS,OF,$14.17,$12.00,$4,$41,$28.70,100
"Spencer Strider",38736,27498,sa3015059,ATL,SP,$14.05,$12.00,$4,$35,$6.90,69.492
"Bryan Reynolds",23825,19326,sa873683,PIT,OF,$13.93,$13.00,$4,$27,$12.80,100
"Jhoan Duran",22559,21029,sa873347,PHI,RP,$13.86,$13.00,$9,$22,$17.60,100
"CJ Abrams",36922,25768,sa3010152,WSN,2B/SS,$13.80,$13.00,$8,$24,$16.90,100
"Cole Ragans",23625,21846,sa917938,KCR,SP,$13.69,$11.00,$4,$35,$7.80,81.356
"Michael King",31751,19853,sa874220,SDP,SP,$13.59,$13.00,$7,$23,$13.30,100
"Yandy Diaz",18517,16578,sa823741,TBR,1B,$13.22,$12.00,$6,$26,$16.80,100
"Brent Rooker",23793,19627,sa3003172,ATH,OF,$13.05,$12.00,$6,$33,$10.40,93.22
"Byron Buxton",18163,14161,sa657851,MIN,OF,$13.05,$13.00,$6,$24,$16.50,94.915
"Jackson Holliday",42126,31781,sa3020241,BAL,2B/SS,$13.04,$12.00,$6,$24,$10.60,94.915
"Josh Hader",18391,14212,sa658473,HOU,RP,$13.00,$13.00,$6,$26,$10.60,100
"Hunter Greene",23824,22182,sa3005315,CIN,SP,$12.97,$12.00,$5,$26,$9.70,59.322
"Munetaka Murakami",48240,37120,sa3063258,CHW,1B/3B,$12.95,$13.00,$4,$25,$12.40,100
"Josh Naylor",22655,18839,sa874243,SEA,1B,$12.90,$13.00,$6,$22,$10.60,83.051
"Andres Munoz",33259,20373,sa919548,SEA,RP,$12.88,$12.00,$9,$27,$14.00,100
"Kazuma Okamoto",48239,37123,sa3063134,TOR,1B/3B,$12.63,$13.00,$4,$21,$11.40,100
"Zach Neto",42156,31347,sa3019855,LAA,SS,$12.56,$10.00,$5,$31,$25.90,100
"Eury Perez",38559,27768,sa3014807,MIA,SP,$12.53,$12.00,$4,$27,$17.50,100
"Carlos Rodon",18359,16137,sa598286,NYY,SP,$12.37,$12.00,$3,$21,$12.60,100
"Taylor Ward",22048,17548,sa858832,SEA,OF,$12.37,$12.00,$6,$23,$12.60,64.407
"Willy Adames",18407,15986,sa736655,SFG,SS,$12.34,$12.00,$4,$20,$9.40,59.322
"MacKenzie Gore",23810,22201,sa3005068,TEX,SP,$12.02,$11.00,$5,$28,$16.50,96.61
"Adley Rutschman",37257,26288,sa3011643,BOS,C,$11.66,$10.00,$4,$33,$8.90,98.305
"Vinnie Pasquantino",37094,27676,sa1115762,KCR,1B,$11.57,$10.00,$4,$28,$8.40,94.915
"Edwin Diaz",23601,14710,sa657938,LAD,RP,$11.46,$9.50,$3,$31,$7.70,81.356
"Shota Imanaga",44526,33829,sa3023346,CHC,SP,$11.39,$11.00,$3,$24,$8.30,100
"Isaac Paredes",23831,20036,sa920275,HOU,1B/3B,$11.37,$11.00,$4,$20,$8.50,100
"Shane McClanahan",33647,21483,sa3008547,TBR,SP,$11.29,$11.00,$2,$32,$11.50,100
"Roki Sasaki",46091,35323,sa3025686,LAD,SP,$11.17,$10.00,$1,$34,$10.90,100
"Nathan Eovaldi",9335,9132,sa455169,TEX,SP,$11.11,$10.00,$5,$31,$6.40,76.271
"Ranger Suarez",31194,17277,sa659551,BOS,SP,$11.08,$11.00,$6,$20,$11.00,100
"Ozzie Albies",18397,16556,sa830219,ATL,2B,$11.04,$10.00,$4,$32,$10.50,94.915
"Tatsuya Imai",48241,37124,sa3062955,HOU,SP/RP,$10.97,$10.00,$1,$33,$5.50,49.153
"Sandy Alcantara",20732,18684,sa828383,MIA,SP,$10.95,$10.00,$5,$20,$11.10,100
"George Springer",18124,12856,sa526414,TOR,OF,$10.94,$10.00,$4,$26,$7.70,88.136
"Gerrit Cole",18116,13125,sa454389,NYY,SP,$10.90,$10.00,$3,$28,$12.60,100
"Zac Gallen",23779,19291,sa857550,ARI,SP,$10.88,$10.50,$3,$26,$3.40,27.119
"Nico Hoerner",33627,21479,sa3007867,CHC,2B/SS,$10.61,$11.00,$4,$17,$9.00,100
"Willson Contreras",12398,11609,sa508176,BOS,1B,$10.51,$10.00,$2,$21,$8.40,100
"Geraldo Perdomo",26198,22799,sa3003290,ARI,SS,$10.47,$10.50,$3,$25,$19.10,98.305
"Brendan Donovan",34619,24679,sa3006675,SEA,2B/SS/3B/OF,$10.41,$10.00,$5,$19,$10.60,83.051
"Jeremy Pena",35939,21636,sa876320,HOU,SS,$10.39,$10.00,$3,$22,$14.50,100
"Nick Pivetta",19398,15454,sa737889,SDP,SP,$10.31,$10.00,$2,$28,$7.90,100
"Steven Kwan",35824,24610,sa3008536,CLE,OF,$10.10,$10.00,$1,$19,$7.60,100
"Gleyber Torres",18487,16997,sa830372,DET,2B,$9.97,$10.00,$3,$20,$5.90,98.305
"Tanner Bibee",40978,30134,sa3018170,CLE,SP,$9.89,$10.00,$3,$19,$5.90,96.61
"Raisel Iglesias",18422,17130,sa830702,ATL,RP,$9.79,$9.00,$4,$21,$8.70,96.61
"Brandon Lowe",31741,18882,sa874181,PIT,2B,$9.73,$9.00,$3,$20,$9.10,100
"Luis Robert Jr.",23780,20043,sa3003396,BAL,OF,$9.70,$10.00,$1,$30,$5.10,45.763
"Spencer Schwellenbach",42737,31846,sa3020703,ATL,SP,$9.67,$9.00,$3,$22,$7.60,93.22
"Jacob Misiorowski",42711,31623,sa3020644,MIL,SP,$9.66,$8.00,$3,$31,$18.00,100
"Nick Lodolo",36686,26378,sa917947,CIN,SP,$9.59,$10.00,$4,$16,$6.50,74.576
"Devin Williams",19268,15816,sa737560,NYM,RP,$9.58,$8.50,$3,$18,$5.30,64.407
"Brice Turang",33634,22186,sa3008294,MIL,2B,$9.56,$9.00,$3,$22,$14.00,100
"Gavin Williams",40941,30122,sa3018106,CLE,SP,$9.51,$9.00,$5,$17,$8.40,100
"Shane Baz",23794,22264,sa3004765,BAL,SP,$9.46,$9.00,$2,$17,$6.90,100
"Maikel Garcia",26154,22715,sa3003246,KCR,2B/SS/3B/OF,$9.02,$7.00,$3,$29,$18.20,98.305
"Steven Matz",13962,13361,sa500832,TBR,SP/RP,$9.00,$9.00,$1,$17,$1.80,3.39
"Tyler Soderstrom",38388,27467,sa3014489,ATH,1B/OF,$8.98,$7.00,$3,$24,$17.60,100
"Michael Busch",37841,26319,sa3011540,CHC,1B,$8.83,$8.50,$4,$19,$11.40,98.305
"Shea Langeliers",36669,25816,sa3010329,ATH,C,$8.78,$8.00,$5,$26,$13.70,100
"Kerry Carpenter",37300,25961,sa3010689,DET,OF,$8.78,$9.00,$3,$14,$4.60,30.508
"Ben Rice",40255,29576,sa3016974,NYY,C/1B,$8.58,$7.00,$3,$26,$17.00,100
"Luis Arraez",20545,18568,sa828153,PHI,1B/2B,$8.52,$8.00,$2,$19,$8.20,98.305
"Aaron Nola",18357,16149,sa599230,PHI,SP,$8.47,$7.00,$1,$24,$5.50,89.831
"Bryce Miller",40550,29837,sa3017414,SEA,SP,$8.42,$7.00,$1,$19,$7.40,96.61
"Max Muncy",18255,13301,sa503373,LAD,3B,$8.32,$9.00,$1,$16,$8.30,100
"David Bednar",31951,19569,sa915715,NYY,RP,$8.20,$8.00,$4,$18,$11.70,100
"Salvador Perez",8626,7304,sa392995,KCR,C/1B,$8.14,$8.00,$2,$22,$3.40,71.186
"Ezequiel Tovar",35628,24064,sa3008239,COL,SS,$8.13,$9.00,$1,$13,$3.40,27.119
"Trey Yesavage",45790,35456,sa3045705,TOR,SP,$8.07,$7.00,$3,$31,$15.50,98.305
"Cade Smith",38754,27867,sa3015086,CLE,RP,$7.97,$7.00,$5,$24,$14.30,100
"Nolan McLean",44336,33703,sa3023053,NYM,SP,$7.93,$6.00,$3,$26,$16.00,100
"Matt McLain",40371,29695,sa3017154,CIN,2B/SS,$7.92,$8.00,$2,$19,$3.40,44.068
"Chase Burns",45706,35333,sa3028086,CIN,SP/RP,$7.92,$6.00,$3,$22,$18.50,100
"Drew Rasmussen",35922,25385,sa829799,TBR,SP,$7.90,$7.00,$4,$20,$10.40,100
"Jung Hoo Lee",44524,33824,sa3012640,SFG,OF,$7.90,$8.00,$2,$17,$6.10,98.305
"Matt Chapman",18378,16505,sa828672,SFG,3B,$7.88,$7.50,$1,$17,$4.10,54.237
"Jac Caglianone",45720,35041,sa3025245,KCR,1B/OF,$7.86,$7.00,$3,$25,$17.50,100
"Dylan Crews",43950,33541,sa3022882,WSN,OF,$7.86,$7.00,$2,$26,$6.50,96.61
"Heliot Ramos",23834,22515,sa3004693,NYY,OF,$7.72,$8.00,$5,$13,$6.00,72.881
"TJ Friedl",23788,19522,sa943754,CIN,OF,$7.71,$7.00,$3,$12,$2.20,11.864
"Jack Flaherty",20920,17479,sa828681,"DET AAA",SP,$7.70,$6.00,$2,$19,$4.00,55.932
"Eugenio Suarez",9668,12552,sa505033,CIN,3B,$7.66,$7.00,$1,$21,$4.10,74.576
"Hunter Goodman",40389,29715,sa3017173,COL,C,$7.63,$7.00,$3,$21,$15.70,100
"Cam Schlittler",43589,32095,sa3021981,NYY,SP,$7.63,$7.00,$3,$17,$10.60,100
"Bubba Chandler",40564,29868,sa3017428,PIT,SP,$7.61,$7.00,$4,$19,$10.30,100
"Wilyer Abreu",27058,23772,sa3005082,BOS,OF,$7.61,$7.00,$2,$20,$12.80,100
"Aroldis Chapman",5644,10233,sa523977,BOS,RP,$7.58,$7.00,$4,$16,$10.20,100
"Konnor Griffin",45769,35376,sa3065496,PIT,SS,$7.53,$5.00,$2,$35,$18.40,100
"Kyle Bradish",35874,24586,sa3008605,BAL,SP,$7.46,$6.00,$3,$26,$6.50,94.915
"Connelly Early",44515,33666,sa3023308,WSN,SP,$7.44,$7.00,$2,$18,$7.40,100
"Jordan Lawlar",40260,29976,sa3017662,ARI,2B/SS/3B/OF,$7.44,$8.00,$3,$14,$6.40,100
"Pete Fairbanks",20435,17998,sa827454,MIA,RP,$7.29,$7.50,$2,$14,$4.60,57.627
"Sal Stewart",42358,31505,sa3020130,CIN,1B/2B/3B,$7.24,$6.00,$3,$20,$13.50,100
"Robbie Ray",14941,11486,sa549085,SDP,SP,$7.23,$7.00,$1,$17,$4.00,81.356
"Alec Burleson",38368,27615,sa3014466,STL,1B/OF,$7.17,$6.00,$3,$17,$6.00,100
"Ceddanne Rafaela",33907,24262,sa3005581,BOS,2B/OF,$7.10,$7.00,$3,$16,$6.30,100
"Jacob Wilson",44003,33266,sa3022538,ATH,SS,$7.07,$6.00,$3,$14,$5.90,91.525
"Ryan Helsley",22651,18138,sa874172,BAL,RP,$7.07,$8.00,$2,$15,$3.10,72.881
"Ha-seong Kim",38127,27506,sa3011918,ATL,2B/SS,$7.00,$7.00,$7,$7,$1.60,1.695
"Xavier Edwards",33645,22266,sa3007018,MIA,2B/SS,$6.90,$7.00,$1,$13,$4.70,100
"Colson Montgomery",40262,29712,sa3017170,CHW,SS/3B,$6.85,$7.00,$3,$19,$10.50,100
"Colt Keith",38374,27899,sa3014474,DET,1B/2B/3B,$6.76,$7.00,$1,$16,$3.70,71.186
"Jonathan Aranda",33217,21837,sa919293,TBR,1B,$6.71,$6.00,$3,$17,$7.60,100
"Dansby Swanson",18506,18314,sa659260,CHC,SS,$6.70,$6.50,$2,$13,$5.90,74.576
"Jared Jones",38361,27863,sa3014459,PIT,SP,$6.69,$7.00,$1,$14,$4.80,100
"Samuel Basallo",39288,28824,sa3015716,BAL,C/1B,$6.63,$6.00,$4,$17,$10.90,100
"Corbin Burnes",23813,19361,sa873673,ARI,SP,$6.58,$6.00,$1,$17,$6.20,96.61
"Jose Soriano",32009,22100,sa916702,TOR,SP,$6.56,$6.00,$2,$17,$7.20,100
"Andy Pages",33949,24816,sa3005625,LAD,OF,$6.54,$6.00,$3,$22,$10.20,100
"Lourdes Gurriel Jr.",23722,19238,sa908697,FA,OF,$6.44,$3.00,$1,$15,$1.70,15.254
"Spencer Torkelson",38320,27465,sa3014504,DET,1B,$6.44,$6.00,$2,$13,$4.20,84.746
"Kyle Stowers",37480,26151,sa1115829,MIA,1B/OF,$6.39,$5.00,$3,$18,$13.90,100
"Noelvi Marte",36030,26517,sa3008745,"CIN AAA",3B/OF,$6.33,$6.00,$3,$12,$3.30,25.424
"Jordan Westburg",38398,27815,sa3014499,BAL,2B/3B,$6.30,$6.00,$2,$15,$5.90,89.831
"Ryan Pepiot",37649,26221,sa3011244,TBR,SP,$6.27,$6.00,$2,$14,$5.90,88.136
"Carlos Estevez",23613,14542,sa598491,KCR,RP,$6.27,$6.00,$3,$14,$2.10,25.424
"Jo Adell",23792,20220,sa3004837,CLE,OF,$6.18,$6.00,$3,$12,$6.20,93.22
"Robert Suarez",22078,30115,sa869798,ATL,RP,$6.08,$6.00,$2,$11,$3.80,83.051
"Bryson Stott",37531,26294,sa3011443,PHI,2B/SS/3B,$6.05,$6.00,$1,$11,$5.00,96.61
"Trevor Megill",20989,17722,sa828803,MIL,RP,$6.05,$6.00,$3,$11,$5.70,100
"Connor Joe",20332,16572,sa827153,"SEA AAA",1B/OF,$6.00,$6.00,$6,$6,$1.50,1.695
"Spencer Steer",37216,26323,sa3010586,CIN,1B/2B/OF,$6.00,$5.50,$1,$17,$4.00,84.746
"Erik Swanson",21160,16587,sa829145,FA,RP,$6.00,$6.00,$6,$6,$2.00,1.695
"Luke Keaschall",44057,33321,sa3022614,MIN,2B/OF,$6.00,$5.00,$3,$16,$6.60,100
"Scott Barlow",28784,14993,sa597976,"KCR AAA",RP,$6.00,$6.00,$6,$6,$1.50,1.695
"Roch Cholowsky",49401,,sa3028866,"CHW A+",Util,$5.98,$6.00,$1,$13,$5.50,86.441
"Brandon Woodruff",23693,16162,sa597893,MIL,SP,$5.94,$5.00,$2,$17,$3.70,83.051
"Shane Bieber",23814,19427,sa873698,TOR,SP,$5.94,$6.00,$2,$15,$5.30,52.542
"Lawrence Butler",34788,22542,sa3006873,ATH,OF,$5.82,$6.00,$2,$15,$7.10,93.22
"Ivan Herrera",26099,20599,sa3003191,STL,C,$5.81,$5.00,$1,$14,$8.60,100
"Brenton Doyle",36803,25479,sa3009965,CHW,OF,$5.80,$6.00,$2,$10,$2.10,8.475
"Braxton Ashcraft",35776,23793,sa3008470,PIT,SP/RP,$5.76,$5.00,$1,$14,$4.80,100
"Josh Lowe",23752,19953,sa917926,LAA,OF,$5.75,$4.50,$1,$13,$1.80,6.78
"Ryan Walker",35205,20423,sa3007594,"SFG AAA",RP,$5.75,$5.50,$3,$9,$1.90,6.78
"Mitch Keller",20936,17594,sa828700,PIT,SP,$5.70,$5.00,$1,$13,$3.30,45.763
"Masyn Winn",38404,27479,sa3014506,STL,SS,$5.70,$6.00,$1,$12,$3.20,50.847
"Jasson Dominguez",37635,28080,sa3014696,"NYY AAA",OF,$5.69,$6.00,$1,$12,$4.10,61.017
"Carter Jensen",40505,29478,sa3017339,KCR,C,$5.69,$5.00,$1,$13,$7.00,98.305
"Kevin McGonigle",44223,33572,sa3022895,DET,SS/3B,$5.68,$5.00,$2,$21,$11.50,100
"Travis Bazzana",45709,34967,sa3025129,CLE,2B,$5.66,$5.00,$1,$10,$4.20,100
"Trevor Rogers",33607,22286,sa3005423,BAL,SP,$5.60,$5.00,$2,$14,$7.40,96.61
"Drake Baldwin",42221,31539,sa3019920,ATL,C,$5.59,$5.00,$3,$17,$10.00,100
"Payton Tolle",46310,35466,sa3043900,BOS,SP,$5.54,$5.00,$1,$13,$6.10,100
"Kodai Senga",42723,31838,,NYM,SP/RP,$5.53,$4.00,$1,$19,$2.50,57.627
"JJ Wetherholt",45713,34985,sa3025154,STL,2B/SS,$5.51,$4.00,$2,$18,$10.50,100
"Jeremiah Estrada",27208,22210,sa3005339,SDP,RP,$5.50,$5.00,$1,$13,$3.90,54.237
"Daniel Palencia",38781,27914,sa3015122,CHC,RP,$5.44,$5.00,$2,$13,$4.70,84.746
"Royce Lewis",23796,20437,sa3004259,MIN,1B/2B/3B,$5.43,$5.00,$1,$17,$4.80,94.915
"Pablo Lopez",18786,17085,sa736473,MIN,SP,$5.42,$4.00,$1,$25,$6.10,88.136
"Kenley Jansen",2916,3096,sa295200,DET,RP,$5.37,$5.00,$2,$11,$3.80,72.881
"Jeff Hoffman",18364,17432,sa709602,MIN,RP,$5.33,$5.00,$2,$12,$3.60,93.22
"Parker Messick",42765,31986,sa3020748,CLE,SP,$5.29,$5.00,$1,$14,$5.00,100
"Griffin Jax",31438,20253,sa738570,TBR,SP/RP,$5.24,$5.00,$2,$11,$4.60,100
"Yainer Diaz",26292,23003,sa3003386,HOU,C,$5.18,$5.00,$1,$10,$2.70,37.288
"Emmet Sheehan",40552,29839,sa3017416,LAD,SP,$5.17,$5.00,$2,$18,$6.10,89.831
"Esmerlyn Valdez",39340,29005,sa3015768,PIT,OF,$5.14,$5.00,$1,$14,$7.60,96.61
"Francisco Alvarez",37427,26121,sa3010862,NYM,C,$5.13,$4.00,$1,$14,$3.60,77.966
"Daylen Lile",40714,29995,sa3017698,WSN,OF,$5.12,$5.00,$1,$11,$6.40,100
"Kris Bubic",35566,21455,sa3008128,LAD,SP/RP,$5.12,$5.00,$2,$14,$4.10,86.441
"Ryan Weathers",33670,23796,sa3008436,NYY,SP,$5.09,$5.00,$1,$16,$4.10,93.22
"Clay Holmes",23790,13649,sa598167,CHC,SP,$5.08,$5.00,$1,$16,$5.60,100
"Matthew Boyd",18465,15440,sa621603,CHC,SP,$5.03,$5.00,$1,$11,$4.70,98.305
"Andrew Painter",40829,30091,sa3017880,PHI,SP,$5.02,$5.00,$1,$12,$6.00,100
"Ryan Yarbrough",19747,16502,sa738545,NYY,SP/RP,$5.00,$5.00,$5,$5,$2.20,1.695
"JP Sears",23865,23429,sa3004100,"SDP AAA",SP/RP,$5.00,$5.00,$5,$5,$1.70,1.695
"Mitchell Parker",38689,27636,sa3014973,WSN,SP/RP,$5.00,$5.00,$3,$7,$1.40,3.39
"Brett Wisely",37125,27735,sa1170003,"ATL AAA",2B/SS,$5.00,$5.00,$5,$5,$1.50,1.695
"Giovanny Gallegos",31173,14986,sa659493,FA,RP,$5.00,$5.00,$5,$5,$1.70,1.695
"Ronny Mauricio",33640,23698,sa3006887,NYM,2B/SS/3B,$5.00,$5.00,$5,$5,$1.70,3.39
"Connor Phillips",38343,27649,sa3014433,CIN,RP,$5.00,$5.00,$5,$5,$1.90,1.695
"Mark Leiter Jr.",19574,15551,sa738283,ATH,RP,$5.00,$5.00,$5,$5,$1.30,1.695
"Brendan Rodgers",18476,17907,sa874238,BOS,2B,$5.00,$5.00,$5,$5,$1.80,1.695
"CJ Kayfus",44348,33704,sa3023068,"CLE AAA",1B/OF,$5.00,$5.00,$5,$5,$1.80,1.695
"Kyren Paris",38004,26420,sa3011768,LAA,2B/SS/OF,$5.00,$5.00,$5,$5,$1.70,1.695
"Marco Luciano",33646,25616,sa3010022,"NYY AAA",2B/OF,$5.00,$5.00,$5,$5,$2.20,1.695
"Kyle Manzardo",40508,29794,sa3017342,"CLE AAA",1B,$5.00,$5.00,$1,$8,$2.90,22.034
"Trevor Williams",18608,16977,sa708217,TEX,SP/RP,$5.00,$5.00,$5,$5,$1.30,1.695
"Xander Bogaerts",13117,12161,sa550735,SDP,SS,$4.97,$5.00,$1,$21,$2.20,57.627
"Edward Cabrera",33325,21690,sa920423,CHC,SP,$4.93,$4.00,$2,$11,$2.70,69.492
"Logan Henderson",42312,31475,sa3020080,MIL,SP,$4.90,$4.00,$1,$13,$6.30,100
"Cam Smith",45714,35108,sa3025358,HOU,OF,$4.88,$5.00,$1,$13,$4.60,100
"Alec Bohm",33609,21618,sa3007284,PHI,1B/3B,$4.88,$4.00,$1,$14,$2.40,81.356
"Mickey Moniak",23639,19956,sa917920,COL,OF,$4.82,$4.00,$1,$14,$4.60,96.61
"Carlos Correa",18160,14162,sa657850,HOU,SS/3B,$4.81,$5.00,$1,$9,$5.10,81.356
"Bryce Eldridge",44147,33390,sa3022757,SFG,1B,$4.80,$5.00,$1,$10,$4.50,100
"Jakob Marsee",42169,31370,sa3019868,MIA,OF,$4.80,$4.00,$1,$14,$4.60,83.051
"Evan Carter",38389,27790,sa3014490,TEX,OF,$4.78,$5.00,$1,$11,$2.30,45.763
"Grant Taylor",44544,33927,sa3023634,CHW,SP/RP,$4.76,$4.00,$3,$9,$5.90,100
"Abner Uribe",35602,25327,sa3008177,MIL,RP,$4.76,$4.50,$2,$9,$5.30,98.305
"Marcus Semien",18263,12533,sa546772,NYM,2B,$4.71,$5.00,$1,$11,$2.80,23.729
"Justin Steele",21039,17312,sa828960,CHC,RP,$4.71,$4.00,$1,$11,$4.90,93.22
"Andrew Abbott",40607,29911,sa3017529,CIN,SP,$4.70,$4.00,$1,$12,$3.10,72.881
"Grayson Rodriguez",33612,24492,sa3008130,LAA,SP,$4.68,$3.50,$1,$12,$3.70,64.407
"Jordan Beck",42277,31431,sa3019981,COL,OF,$4.67,$4.50,$2,$9,$2.10,10.169
"Joey Cantillo",27148,23335,sa3005246,CLE,SP/RP,$4.59,$4.00,$1,$12,$5.10,98.305
"Noah Cameron",40937,30184,sa3018097,KCR,SP,$4.53,$4.00,$1,$12,$2.90,100
"Garrett Whitlock",27185,20191,sa3005306,BOS,RP,$4.51,$4.00,$2,$9,$5.10,100
"Marcell Ozuna",6130,10324,sa503013,FA,Util,$4.50,$3.50,$1,$13,$1.30,10.169
"Bryan Abreu",20900,16609,sa828588,HOU,RP,$4.44,$4.00,$1,$10,$3.30,76.271
"A.J. Ewing",44286,33656,sa3022963,NYM,OF,$4.42,$4.00,$1,$10,$6.50,100
"Jorge Polanco",13217,13152,sa548087,NYM,2B/3B,$4.42,$3.50,$1,$10,$1.70,20.339
"Marcelo Mayer",40095,29668,sa3017114,SFG,2B/SS/3B,$4.41,$4.00,$1,$11,$2.40,62.712
"Camilo Doval",32051,21992,sa916835,SFG,RP,$4.40,$4.50,$1,$9,$2.30,33.898
"Sal Frelick",40298,29622,sa3017047,MIL,OF,$4.39,$4.00,$1,$12,$2.10,38.983
"Colton Cowser",39978,29591,sa3017018,BAL,OF,$4.38,$4.00,$1,$10,$3.20,35.593
"Trent Grisham",18547,18564,sa874246,NYY,OF,$4.36,$4.00,$1,$8,$3.40,71.186
"Walker Jenkins",43988,33571,sa3022894,MIN,OF,$4.36,$4.00,$1,$8,$3.40,100
"Kyle Finnegan",18619,15009,sa708446,DET,RP,$4.33,$4.00,$1,$9,$2.60,30.508
"Willi Castro",21708,17338,sa830274,COL,1B/2B/SS/3B/OF,$4.28,$4.00,$1,$10,$4.00,79.661
"Emerson Hancock",38315,27470,sa3014456,SEA,SP/RP,$4.28,$4.00,$1,$9,$4.50,98.305
"Owen Caissie",38367,27496,sa3014465,MIA,OF,$4.27,$4.00,$1,$10,$4.30,76.271
"Brandon Sproat",44534,33850,sa3023499,"MIL AAA",SP/RP,$4.21,$4.00,$1,$11,$2.80,47.458
"Matt Strahm",23691,13799,sa658557,FA,RP,$4.20,$4.00,$1,$8,$2.00,16.949
"Michael Wacha",18171,14078,sa621625,KCR,SP,$4.19,$4.00,$1,$10,$2.70,98.305
"Carson Benge",45947,35177,sa3025452,NYM,OF,$4.19,$3.00,$1,$13,$5.90,100
"Henry Bolte",42299,31448,sa3020006,ATH,OF,$4.17,$5.00,$1,$9,$3.20,100
"Merrill Kelly",17763,11156,sa552177,ARI,SP,$4.16,$4.00,$1,$7,$2.20,32.203
"Zebby Matthews",42653,31827,sa3020570,MIN,SP,$4.15,$4.00,$1,$11,$4.50,77.966
"Jesus Made",45064,,sa3024108,"MIL AA",SS,$4.14,$4.00,$1,$11,$4.90,100
"Carson Williams",40266,30038,sa3017795,"TBR AAA",SS,$4.13,$4.00,$1,$9,$2.70,25.424
"Trevor Story",18153,12564,sa597765,BOS,SS,$4.13,$3.50,$1,$14,$2.60,54.237
"Casey Mize",33616,20492,sa3008444,SDP,SP,$4.12,$3.50,$1,$11,$2.60,98.305
"Nolan Schanuel",43932,33189,sa3022430,LAA,1B,$4.10,$4.00,$1,$10,$1.90,49.153
"Brayan Bello",33767,23920,sa3005436,BOS,SP/RP,$4.10,$3.00,$1,$11,$4.10,66.102
"Will Warren",40972,30182,sa3018149,NYY,SP,$4.09,$4.00,$1,$10,$3.10,98.305
"Cade Horton",42719,31872,sa3020860,CHC,SP,$4.07,$3.00,$1,$10,$3.00,91.525
"Max Clark",43893,33381,sa3022683,DET,OF,$4.05,$4.00,$1,$8,$3.60,100
"Ryan O'Hearn",21156,16442,sa829141,PIT,1B/OF,$4.05,$4.00,$1,$10,$3.40,100
"Miguel Vargas",34804,20178,sa3006896,CHW,1B/3B,$4.03,$3.00,$1,$9,$3.90,100
"Jason Foley",31937,19531,sa915677,SFG,RP,$4.00,$4.00,$4,$4,$1.60,1.695
"Tyler Locklear",42267,31396,sa3019970,ARI,1B,$4.00,$4.00,$4,$4,$1.90,1.695
"Jonah Cox",44006,33270,sa3022541,SFG,2B/OF,$4.00,$4.00,$2,$6,$2.00,3.39
"Orelvis Martinez",33667,25967,sa3010692,FA,2B,$4.00,$4.00,$4,$4,$1.10,1.695
"Brent Suter",23829,13942,sa621681,ATL,RP,$4.00,$4.00,$4,$4,$1.40,1.695
"Luis Gil",23373,21052,sa877821,NYY,SP/RP,$4.00,$3.50,$1,$11,$2.60,13.559
"Yimi Garcia",10429,12095,sa506959,TOR,RP,$4.00,$4.00,$4,$4,$1.10,1.695
"Luis García Jr.",33548,20391,sa962605,NYY,1B/2B,$4.00,$3.00,$1,$10,$5.30,100
"Wenceel Perez",26234,22857,sa3003326,DET,OF,$4.00,$4.00,$4,$4,$1.80,1.695
"Cole Carrigg",44039,33253,sa3022596,COL,SS/OF,$3.98,$4.00,$1,$9,$4.50,100
"Chase DeLauter",42176,32127,sa3021053,CLE,OF,$3.98,$4.00,$1,$11,$5.90,100
"Jonah Tong",43841,32157,sa3022324,NYM,SP,$3.98,$3.50,$1,$14,$3.40,88.136
"Max Meyer",38307,27474,sa3014430,MIA,SP,$3.97,$3.00,$1,$11,$4.70,100
"Adolis García",23745,19287,sa908695,PHI,OF,$3.95,$3.00,$1,$12,$2.50,33.898
"Addison Barger",34817,24598,sa3006910,TOR,3B/OF,$3.91,$3.00,$1,$7,$2.40,57.627
"JJ Bleday",37797,26368,sa3011642,CIN,OF,$3.90,$4.00,$1,$8,$4.60,100
"Ryne Nelson",37826,26253,sa3011524,ARI,SP/RP,$3.87,$3.00,$1,$10,$2.10,38.983
"Brady Singer",33620,25377,sa3008613,CIN,SP,$3.84,$3.00,$1,$10,$2.70,42.373
"Daulton Varsho",23833,19918,sa3002838,HOU,OF,$3.81,$3.00,$1,$10,$3.40,61.017
"Sebastian Walcott",42991,,sa3021069,"TEX AAA",SS,$3.79,$3.00,$1,$10,$3.20,96.61
"Kade Anderson",47553,37238,sa3026056,SEA,SP,$3.78,$3.00,$1,$16,$2.80,100
"Agustin Ramirez",36325,26546,sa3009276,MIA,C,$3.76,$3.00,$2,$9,$2.50,28.814
"Otto Lopez",26570,19608,sa3004268,MIA,2B/SS,$3.75,$4.00,$1,$11,$2.90,100
"Christian Walker",18389,13419,sa503826,HOU,1B,$3.75,$3.00,$1,$13,$4.70,86.441
"Adrian Morejon",23672,20039,sa969093,SDP,RP,$3.73,$3.00,$2,$7,$4.00,100
"Dylan Beavers",42279,31695,sa3019983,BAL,OF,$3.73,$3.00,$1,$9,$2.50,67.797
"Jack Leiter",40155,30146,sa3018053,TEX,SP,$3.72,$4.00,$1,$8,$4.00,72.881
"Cade Cavalli",38334,27473,sa3014421,WSN,SP,$3.71,$4.00,$1,$11,$2.70,100
"Harrison Bader",21968,18030,sa857218,SFG,OF,$3.67,$3.00,$1,$9,$1.80,10.169
"Heston Kjerstad",38319,31166,sa3014439,BAL,OF,$3.67,$5.00,$1,$5,$1.70,5.085
"Mick Abel",38330,27756,sa3014534,MIN,SP,$3.66,$3.50,$1,$9,$3.80,94.915
"Quinn Mathews",44554,33851,sa3023407,STL,SP,$3.64,$3.00,$1,$9,$4.60,94.915
"Kristian Campbell",44308,33644,sa3023011,"BOS AAA",1B/2B/OF,$3.63,$3.00,$1,$10,$1.70,50.847
"Ethan Salas",42727,32051,sa3020881,SDP,C,$3.63,$3.00,$1,$13,$4.60,86.441
"Seranthony Dominguez",30196,19249,sa657573,SEA,RP,$3.63,$3.00,$1,$10,$2.40,40.678
"Alejandro Kirk",27207,22581,sa3005337,TOR,C,$3.61,$3.00,$1,$10,$4.80,94.915
"Gabriel Moreno",26134,22664,sa3003226,ARI,C,$3.58,$3.00,$1,$10,$2.30,100
"David Peterson",31541,20302,sa829588,CHC,SP/RP,$3.53,$3.00,$1,$12,$2.60,64.407
"Troy Melton",42712,31807,sa3020652,DET,SP/RP,$3.53,$3.00,$1,$9,$4.30,96.61
"Kyle Teel",43949,33549,sa3022886,CHW,C,$3.52,$3.00,$1,$9,$3.10,77.966
"Connor Prielipp",42794,31857,sa3020808,MIN,SP,$3.51,$3.00,$1,$10,$3.00,96.61
"Spencer Jones",42266,31532,sa3019969,NYY,OF,$3.51,$3.00,$1,$9,$3.70,100
"Leo De Vries",44539,,sa3023363,"ATH AA",SS,$3.51,$3.00,$1,$10,$4.00,100
"Sean Murphy",31687,19352,sa873680,ATL,C,$3.50,$3.50,$1,$6,$1.40,3.39
"Pierce Johnson",18330,13435,sa501771,CIN,RP,$3.50,$3.50,$1,$6,$1.00,3.39
"Moises Ballesteros",39285,28820,sa3015713,LAA,C/1B,$3.49,$3.00,$1,$7,$2.90,62.712
"Tanner Scott",21075,17586,sa829027,LAD,RP,$3.46,$3.00,$1,$9,$3.40,100
"Lucas Erceg",23656,19360,sa872722,KCR,RP,$3.44,$2.00,$1,$8,$2.00,15.254
"Ezequiel Duran",27162,23733,sa3005271,TEX,1B/2B/SS/3B/OF,$3.42,$3.00,$1,$10,$4.10,100
"Zack Gelof",40456,29766,sa3017286,ATH,2B/3B/OF,$3.42,$4.00,$1,$10,$4.40,100
"Emilio Pagan",19394,14771,sa737885,CIN,RP,$3.42,$3.00,$1,$11,$2.90,96.61
"Spencer Arrighetti",40615,29921,sa3017537,TOR,SP/RP,$3.42,$2.50,$1,$11,$2.90,40.678
"Giancarlo Stanton",5201,4949,sa390316,NYY,OF,$3.41,$3.00,$1,$8,$2.40,45.763
"Jackson Jobe",40097,30203,sa3018054,DET,SP,$3.41,$3.00,$1,$8,$4.00,100
"Jordan Walker",38366,27475,sa3014464,STL,OF,$3.41,$3.00,$1,$10,$5.80,100
"Angel Genao",39279,28811,sa3015706,CLE,2B/SS/3B,$3.40,$2.00,$1,$11,$2.40,76.271
"Colt Emerson",44248,33575,sa3022923,SEA,SS/3B,$3.39,$3.00,$1,$9,$3.40,100
"Braden Montgomery",45739,35423,sa3038253,CHW,OF,$3.39,$3.00,$1,$12,$4.10,91.525
"Josh Jung",37786,26299,sa3011468,TEX,3B,$3.39,$2.00,$1,$11,$4.00,96.61
"Cody Bradford",38365,27597,sa3014463,TEX,SP,$3.38,$3.00,$1,$9,$2.30,22.034
"Caleb Durbin",40398,29646,sa3017183,BOS,2B/3B,$3.37,$3.00,$1,$8,$3.00,100
"Tommy Edman",31703,19470,sa873704,LAD,2B/3B/OF,$3.36,$2.00,$1,$15,$3.40,89.831
"Brooks Lee",42146,31595,sa3019973,MIN,2B/SS/3B,$3.36,$3.00,$1,$9,$1.40,100
"Matt Brash",37234,25756,sa3010616,SEA,RP,$3.35,$3.00,$1,$9,$1.80,72.881
"Lars Nootbaar",34601,21454,sa3006649,ARI,OF,$3.35,$3.00,$1,$7,$3.30,77.966
"Anthony Volpe",36683,27647,sa3010868,NYY,2B/SS,$3.32,$2.00,$1,$11,$2.10,37.288
"Noah Schultz",42873,32056,sa3020949,CHW,SP,$3.30,$3.00,$1,$10,$3.90,94.915
"Logan O'Hoppe",35181,24729,sa3007519,"TEX AAA",C,$3.30,$2.00,$1,$11,$2.10,16.949
"Liam Doyle",47533,,sa3030545,"STL AA",SP,$3.30,$3.00,$1,$9,$2.50,91.525
"Abimelec Ortiz",40214,29539,sa3016926,WSN,1B/OF,$3.29,$3.00,$1,$13,$3.80,40.678
"Dennis Santana",18985,17878,sa737018,ARI,RP,$3.27,$3.00,$1,$5,$2.40,18.644
"Kyle Harrison",38410,27758,sa3014513,MIL,SP/RP,$3.27,$3.00,$1,$9,$4.10,100
"Taj Bradley",35367,22543,sa3007839,MIN,SP,$3.27,$2.00,$1,$14,$3.20,100
"Ernie Clement",31958,20352,sa915732,TOR,1B/2B/SS/3B,$3.26,$3.00,$1,$10,$2.90,91.525
"Dustin May",32611,19716,sa917992,MIL,SP,$3.23,$3.00,$1,$9,$3.90,96.61
"Matt Shaw",43966,33322,sa3022615,CHC,2B/3B/OF,$3.22,$3.00,$1,$7,$2.40,86.441
"Jurickson Profar",13702,10815,sa549315,ATL,OF,$3.21,$2.00,$1,$11,$2.60,32.203
"Curtis Mead",35725,23986,sa3008392,BOS,1B/2B/3B,$3.21,$3.00,$1,$10,$2.90,96.61
"Eli Willits",47549,,sa3069164,"WSN AA",SS,$3.19,$2.00,$1,$9,$3.80,88.136
"Didier Fuentes",41452,30661,sa3018841,ATL,SP/RP,$3.19,$3.00,$1,$8,$2.80,100
"Jake Bennett",42754,31959,sa3020737,BOS,SP,$3.19,$3.00,$1,$9,$4.30,100
"Jameson Taillon",14906,11674,sa548151,TOR,SP,$3.17,$1.00,$1,$10,$1.80,10.169
"JoJo Romero",23818,19574,sa917955,MIL,RP,$3.16,$3.00,$1,$8,$2.00,54.237
"Rhett Lowder",43895,33876,sa3023360,CIN,SP,$3.15,$2.00,$1,$9,$2.50,66.102
"Hunter Gaddis",37239,25636,sa3010621,CLE,RP,$3.14,$3.00,$1,$8,$2.70,83.051
"Michael Soroka",22668,18383,sa874715,ARI,SP/RP,$3.14,$3.00,$1,$9,$2.90,100
"Thomas Saggese",38402,27883,sa3014503,STL,2B/SS/3B/OF,$3.13,$1.00,$1,$9,$2.10,27.119
"Reynaldo Lopez",18415,16400,sa696415,ATL,SP/RP,$3.12,$3.00,$1,$7,$2.30,28.814
"Dalton Rushing",42193,31382,sa3019892,LAD,C,$3.11,$3.00,$1,$9,$2.60,79.661
"Chris Bassitt",18398,12304,sa598294,BAL,SP,$3.10,$2.50,$1,$10,$1.40,16.949
"Yusei Kikuchi",33656,20633,,LAA,SP,$3.10,$1.00,$1,$10,$3.10,33.898
"Jeff Mcneil",18644,15362,sa709024,ATH,1B/2B/OF,$3.10,$2.00,$1,$12,$2.90,52.542
"Randy Vasquez",35440,24719,sa3007933,SDP,SP/RP,$3.09,$2.00,$1,$7,$2.30,37.288
"Will Vest",26446,19769,sa3004101,DET,RP,$3.09,$3.00,$1,$5,$2.20,18.644
"Seth Lugo",23701,12447,sa599698,KCR,SP,$3.08,$2.00,$1,$16,$2.90,61.017
"Joe Musgrove",18462,12970,sa597766,SDP,RP,$3.08,$3.00,$1,$10,$3.10,83.051
"Robby Snelling",42741,31893,sa3020707,MIA,SP/RP,$3.06,$3.00,$1,$12,$2.40,81.356
"Chandler Simpson",42416,31912,sa3020219,TBR,OF,$3.05,$3.00,$1,$9,$3.80,94.915
"Lazaro Montes",41160,30361,sa3018409,SEA,OF,$3.05,$3.00,$1,$8,$4.60,94.915
"Nick Castellanos",14914,11737,sa548164,FA,OF,$3.00,$1.00,$1,$9,$1.90,6.78
"Tobias Myers",23850,22191,sa918088,NYM,SP/RP,$3.00,$3.00,$3,$3,$1.60,1.695
"Liam Peterson",49583,,sa3039785,,RP,$3.00,$3.00,$3,$3,$3.00,1.695
"Ronel Blanco",33194,19407,sa919082,HOU,SP,$3.00,$3.00,$3,$3,$2.20,3.39
"Austin Hays",23805,19363,sa874219,SDP,OF,$3.00,$3.00,$1,$5,$1.80,5.085
"Ryan Gusto",38043,26440,sa3011818,MIA,SP/RP,$3.00,$3.00,$1,$5,$1.10,3.39
"Ace Reese",49598,,sa3040543,"SEA A",Util,$3.00,$3.00,$3,$3,$3.00,1.695
"Kyle Gibson",4943,10123,sa500733,"TBR AAA",SP/RP,$3.00,$3.00,$3,$3,$1.40,1.695
"Gunnar Hoglund",39977,31318,sa3019785,ATH,SP,$3.00,$3.00,$3,$3,$2.00,1.695
"Jordan Leasure",40656,29950,sa3017607,CHW,RP,$3.00,$3.00,$3,$3,$1.90,1.695
"Matt Wallner",37174,26466,sa918808,"MIN AAA",OF,$3.00,$3.00,$1,$5,$2.20,8.475
"Kendry Chourio",46595,,sa3067545,"KCR A+",SP,$3.00,$3.50,$1,$4,$1.89,6.78
"Ryan Pressly",5735,7005,sa390190,FA,RP,$3.00,$3.00,$3,$3,$2.60,1.695
"Jorge Soler",18162,14221,sa658226,FA,OF,$3.00,$2.00,$1,$8,$1.80,10.169
"Jake Bird",35548,21267,sa3008097,"WSN AAA",RP,$3.00,$3.00,$2,$4,$1.20,3.39
"Cristian Mena",38919,27974,sa3015302,ARI,SP/RP,$3.00,$3.00,$3,$3,$1.00,1.695
"Jesse Winker",18239,13590,sa657865,"NYM AAA",Util,$3.00,$3.00,$3,$3,$1.70,1.695
"Victor Robles",18516,18363,sa828409,SEA,OF,$3.00,$3.00,$3,$3,$1.50,1.695
"Anthony Banda",23630,14706,sa599510,MIN,RP,$3.00,$3.00,$3,$3,$1.30,1.695
"Shane Smith",42592,31687,sa3020469,"CHW AAA",SP/RP,$3.00,$2.00,$1,$10,$1.90,20.339
"Tyler O'Neill",19296,15711,sa737633,BAL,OF,$3.00,$2.50,$1,$8,$1.70,23.729
"Kyle Freeland",18363,16256,sa599746,COL,SP,$3.00,$3.00,$3,$3,$1.20,1.695
"Gage Jump",46221,35418,sa3034986,ATH,SP,$2.98,$2.00,$1,$11,$4.30,96.61
"Alex Vesia",35532,25007,sa3008070,LAD,RP,$2.98,$3.00,$1,$10,$2.50,89.831
"Victor Mesa Jr.",37309,25999,sa3010700,TBR,OF,$2.97,$2.00,$1,$9,$3.30,61.017
"Orion Kerkering",42666,31776,sa3020593,PHI,RP,$2.97,$2.00,$1,$9,$1.50,59.322
"Thomas White",44487,33435,sa3023268,"MIA AAA",SP,$2.96,$2.00,$1,$10,$2.50,91.525
"Jason Adam",27723,11861,sa548332,SDP,RP,$2.96,$1.00,$1,$10,$1.50,44.068
"Brett Baty",37181,26123,sa3010869,NYM,1B/2B/3B/OF,$2.96,$3.00,$1,$6,$2.40,42.373
"Ramon Laureano",21200,17128,sa829185,SDP,OF,$2.95,$3.00,$1,$6,$2.40,35.593
"Kyle Karros",44012,33252,sa3022559,COL,3B,$2.95,$2.00,$1,$7,$3.60,71.186
"Quinn Priester",36682,25977,sa3011297,MIL,SP/RP,$2.95,$3.00,$1,$7,$2.30,33.898
"Robert Garcia",31984,23363,sa915840,TEX,RP,$2.94,$3.00,$1,$6,$2.20,30.508
"Luis Severino",18355,15890,sa657781,ATH,SP,$2.94,$1.00,$1,$11,$2.00,28.814
"George Lombard Jr.",44470,33433,sa3023233,NYY,SS,$2.93,$2.00,$1,$10,$6.30,100
"Sam Antonacci",45884,35101,sa3025363,CHW,2B/3B/OF,$2.93,$3.00,$1,$8,$3.50,100
"Garrett Cleavinger",20421,17897,sa827423,TBR,RP,$2.93,$3.00,$1,$10,$2.00,49.153
"Heriberto Hernandez",33954,24878,sa3005630,MIA,OF,$2.92,$2.00,$1,$9,$3.50,100
"Landen Roupp",40820,30076,sa3017869,SFG,SP,$2.92,$3.00,$1,$9,$3.80,100
"Luke Weaver",18380,16918,sa599729,PIT,RP,$2.91,$3.00,$1,$6,$3.10,93.22
"Brad Keller",19378,15734,sa737865,PHI,RP,$2.89,$2.00,$1,$8,$2.10,15.254
"Connor Norby",40284,29592,sa3017019,COL,1B/2B/3B,$2.89,$1.00,$1,$21,$5.40,59.322
"Carlos Cortes",35541,21842,sa3008079,ATH,OF/RP,$2.88,$2.50,$1,$5,$2.30,13.559
"Josh Smith",37960,26396,sa3011703,TOR,1B/2B/SS/3B/OF,$2.88,$2.50,$1,$6,$2.00,13.559
"Blaze Jordan",38316,28199,sa3014537,STL,1B/3B,$2.88,$2.50,$1,$5,$2.40,13.559
"Bryce Elder",38412,27779,sa3014515,ATL,SP,$2.86,$2.00,$1,$8,$2.50,49.153
"Jordan Montgomery",21017,16511,sa828875,TEX,SP/RP,$2.86,$1.00,$1,$14,$1.30,11.864
"Tony Santillan",22679,19926,sa874781,CIN,RP,$2.86,$2.50,$1,$8,$2.00,23.729
"Emmanuel Rodriguez",38456,28084,sa3014693,MIN,OF,$2.86,$3.00,$1,$10,$4.20,94.915
"Christian Scott",40870,30107,sa3017948,NYM,SP,$2.85,$2.00,$1,$11,$5.20,100
"Davis Martin",35675,21448,sa3008311,CHW,SP,$2.84,$2.00,$1,$9,$1.60,74.576
"Hurston Waldrep",43879,33527,sa3022942,ATL,SP,$2.83,$2.50,$1,$7,$2.60,20.339
"Matthew Liberatore",33611,22294,sa3008163,STL,SP/RP,$2.83,$3.00,$1,$7,$2.10,40.678
"Reese Olson",35808,24968,sa3008513,DET,SP,$2.83,$3.00,$1,$7,$1.60,59.322
"Erik Sabrowski",38780,24978,sa3015121,CLE,RP,$2.82,$3.00,$1,$10,$3.40,96.61
"Brandon Pfaadt",38699,27782,sa3014983,ARI,SP/RP,$2.82,$2.00,$1,$9,$2.90,94.915
"Christian Moore",45708,34979,sa3025168,LAA,2B/3B,$2.81,$2.00,$1,$6,$2.20,27.119
"Justin Martinez",34132,24453,sa3005864,ARI,RP,$2.81,$2.00,$1,$9,$3.30,96.61
"Tyler Rogers",19904,15541,sa739036,TOR,RP,$2.81,$3.00,$1,$7,$2.00,96.61
"Tylor Megill",35473,21318,sa3007988,NYM,SP,$2.80,$2.00,$1,$7,$1.90,8.475
"JR Ritchie",42538,31760,sa3020395,ATL,SP/RP,$2.80,$2.00,$1,$7,$2.60,50.847
"Jose A. Ferrer",34396,24017,sa3006373,SEA,RP,$2.79,$3.00,$1,$4,$2.30,47.458
"Cedric Mullins",22616,17929,sa873639,TBR,OF,$2.78,$2.00,$1,$8,$2.00,15.254
"AJ Smith-Shawver",40707,29960,sa3017690,ATL,SP,$2.77,$2.00,$1,$8,$3.10,74.576
"Michael Arroyo",41180,30384,sa3018429,SEA,2B/OF,$2.77,$2.00,$1,$9,$3.00,81.356
"Christian Encarnacion-Strand",40748,30011,sa3017756,BAL,1B/3B,$2.77,$2.00,$1,$9,$2.40,66.102
"Miguel Andujar",23720,15878,sa659185,SDP,3B/OF,$2.75,$3.00,$1,$4,$2.00,6.78
"Coby Mayo",38378,28312,sa3014479,BAL,1B/3B,$2.75,$2.00,$1,$8,$3.20,88.136
"River Ryan",40181,29514,sa3016863,DET,SP/RP,$2.74,$2.00,$1,$8,$3.70,98.305
"Chad Patrick",40861,30113,sa3017933,MIL,SP/RP,$2.74,$2.50,$1,$10,$2.20,64.407
"Walbert Urena",41050,29357,sa3018298,LAA,SP/RP,$2.73,$2.00,$1,$8,$2.10,100
"Hector Rodriguez",39400,29189,sa3015828,CIN,OF,$2.72,$2.00,$1,$9,$3.00,79.661
"Ian Seymour",38409,27932,sa3014512,TBR,SP/RP,$2.71,$2.00,$1,$9,$5.70,100
"Cristian Javier",22694,17606,sa874816,HOU,SP/RP,$2.70,$2.00,$1,$11,$2.90,45.763
"James Tibbs III",45862,,sa3025333,"LAD AAA",1B/OF,$2.69,$2.00,$1,$8,$2.50,93.22
"J.P. Crawford",18272,15491,sa737507,SEA,SS/3B,$2.69,$2.00,$1,$8,$1.50,49.153
"Jarlin Susana",41419,30375,sa3018808,"WSN AAA",SP,$2.68,$3.00,$1,$8,$3.60,79.661
"Jesus Sanchez",22331,19913,sa872787,ARI,OF,$2.68,$2.00,$1,$9,$1.50,42.373
"Jackson Flora",49442,,sa3031459,"SFG AA",RP,$2.68,$2.00,$1,$9,$2.00,47.458
"Ryan Sloan",46358,,sa3067131,"SEA AA",SP,$2.68,$2.00,$1,$9,$3.80,100
"Zac Veen",38313,27770,sa3014516,COL,OF,$2.68,$2.00,$1,$7,$2.70,52.542
"Grant Holmes",18375,16944,sa828669,ATL,SP,$2.68,$1.50,$1,$16,$4.10,57.627
"Theo Gillen",45771,,sa3025565,"TBR AA",OF,$2.67,$2.00,$1,$7,$2.90,93.22
"Victor Scott II",42141,31349,sa3019838,STL,OF,$2.67,$1.00,$1,$6,$1.50,5.085
"Michael Conforto",18365,16376,sa709038,CHC,OF,$2.67,$2.00,$1,$5,$1.60,5.085
"Lane Thomas",21041,16939,sa828962,ATL,OF,$2.67,$1.00,$1,$10,$1.20,10.169
"Yovanny Cruz",25861,22622,sa3002951,WSN,RP,$2.67,$3.00,$2,$3,$2.30,5.085
"Anthony Nunez",36940,25796,sa3010171,BAL,RP,$2.67,$2.00,$1,$5,$1.90,5.085
"Bobby Miller",38335,27483,sa3014422,"LAD AAA",SP/RP,$2.67,$1.00,$1,$6,$1.50,5.085
"Jurrangelo Cijntje",45990,,sa3028930,"STL AAA",SP,$2.67,$2.50,$1,$6,$1.70,10.169
"Dean Kremer",31819,19350,sa876350,MIN,SP,$2.67,$2.00,$1,$8,$2.00,35.593
"Pavin Smith",23808,19892,sa829595,ARI,1B,$2.67,$3.00,$1,$4,$1.60,5.085
"Alex McFarlane",42705,31773,sa3020633,PHI,SP/RP,$2.67,$2.00,$1,$5,$2.60,15.254
"Angel Martinez",36046,26540,sa3008762,CLE,2B/OF,$2.65,$2.00,$1,$9,$2.00,81.356
"Ryan Johnson",46217,35325,sa3034809,LAA,SP/RP,$2.63,$2.00,$1,$8,$2.30,27.119
"Erick Fedde",18534,17425,sa599293,CHW,SP/RP,$2.63,$1.50,$1,$8,$1.30,13.559
"Casey Schmitt",38383,27577,sa3014484,SFG,1B/2B/3B/OF,$2.61,$2.00,$1,$9,$3.50,96.61
"Cole Young",42582,31680,sa3020459,SEA,2B/SS,$2.61,$3.00,$1,$8,$2.00,100
"Chase Meidroth",42304,31580,sa3020011,CHW,2B/SS,$2.61,$3.00,$1,$6,$2.90,100
"Cooper Pratt",44202,33530,sa3022867,MIL,SS,$2.60,$2.00,$1,$9,$2.30,84.746
"Jake Cronenworth",22004,18036,sa857694,SDP,1B/2B/SS/3B,$2.60,$2.00,$1,$7,$1.70,16.949
"Seth Hernandez",47555,,sa3069247,"PIT A+",SP,$2.59,$2.00,$1,$8,$3.80,100
"Anthony Santander",23856,14551,sa659463,TOR,OF,$2.59,$2.00,$1,$13,$2.40,69.492
"Kumar Rocker",42110,31843,sa3020827,TEX,SP,$2.58,$1.00,$1,$11,$2.40,84.746
"Jack Perkins",42308,31468,sa3020076,ATH,SP/RP,$2.57,$2.50,$1,$6,$2.00,23.729
"Cooper Hjerpe",42725,31853,sa3020736,STL,SP/RP,$2.57,$1.00,$1,$9,$1.50,23.729
"Fernando Cruz",8550,7048,sa389855,NYY,RP,$2.56,$2.00,$1,$7,$1.80,27.119
"Kaelen Culpepper",45881,35111,sa3025360,MIN,SS,$2.56,$2.00,$1,$7,$4.00,96.61
"Jake Bauers",18522,15194,sa737848,MIL,1B/OF/RP,$2.56,$2.00,$1,$8,$3.80,100
"Hayden Wesneski",37235,27581,sa3010617,HOU,SP,$2.56,$1.50,$1,$11,$6.40,88.136
"Cody Ponce",21961,17920,sa856266,TOR,SP/RP,$2.55,$2.00,$1,$8,$2.10,64.407
"Chase Dollander",44512,33482,sa3023361,COL,SP/RP,$2.55,$2.00,$1,$8,$2.00,67.797
"Jeffrey Springs",23144,17677,sa876019,ATH,SP,$2.55,$2.00,$1,$7,$2.70,18.644
"Mike Sirota",46289,,sa3042374,"LAD AAA",OF,$2.54,$2.00,$1,$11,$3.20,91.525
"Foster Griffin",20917,16432,sa828674,CLE,SP,$2.54,$2.00,$1,$8,$4.00,94.915
"Caleb Bonemer",46397,,sa3067043,"CHW AA",SS/3B,$2.52,$2.00,$1,$8,$3.10,81.356
"Clayton Beeter",38428,27494,sa3014536,"WSN AAA",RP,$2.52,$2.00,$1,$8,$1.50,42.373
"Aidan Miller",44052,,sa3022609,"PHI AA",SS,$2.52,$2.00,$1,$8,$2.50,84.746
"Franklin Arias",43569,,sa3021845,"BOS AAA",SS,$2.51,$2.00,$1,$7,$2.90,100
"Charlie Condon",45715,,sa3025257,"COL AAA",1B/OF,$2.51,$2.00,$1,$6,$4.10,100
"Nathaniel Lowe",32765,19566,sa918283,CLE,1B,$2.50,$2.50,$1,$4,$1.40,6.78
"Druw Jones",42105,,sa3020676,"ARI AA",OF,$2.50,$2.50,$2,$3,$1.70,3.39
"Lance McCullers Jr.",18228,14120,sa657858,MIL,SP,$2.50,$2.50,$2,$3,$1.80,3.39
"Shawn Armstrong",18558,12857,sa598951,CLE,RP,$2.50,$2.00,$1,$6,$1.30,10.169
"Justin Foscue",38311,27501,sa3014527,TEX,1B/2B,$2.50,$2.00,$1,$5,$1.30,6.78
"Jhostynxon Garcia",39099,28142,sa3015523,"PIT AAA",OF,$2.50,$2.50,$1,$4,$1.90,3.39
"Aaron Bummer",29222,16258,sa599349,FA,RP,$2.50,$2.50,$2,$3,$1.20,3.39
"Josue De Paula",41342,30871,sa3018591,LAD,OF,$2.49,$2.00,$1,$5,$2.70,100
"Michael McGreevy",40648,29869,sa3017598,STL,SP,$2.49,$2.00,$1,$10,$1.50,79.661
"Walker Buehler",18504,19374,sa658292,SDP,SP,$2.48,$1.00,$1,$16,$2.00,49.153
"J.T. Realmuto",14864,11739,sa548255,PHI,C,$2.48,$1.00,$1,$9,$2.20,38.983
"George Klassen",44589,33464,sa3023440,LAA,SP,$2.48,$2.00,$1,$6,$2.70,38.983
"J.T. Ginn",38339,27889,sa3014428,ATH,SP/RP,$2.48,$2.00,$1,$7,$1.80,74.576
"Tristan Peters",40807,30063,sa3017851,CHW,OF,$2.48,$2.00,$1,$7,$3.40,71.186
"Bryan Baker",31488,19804,sa739000,TBR,RP,$2.47,$2.00,$1,$7,$3.20,100
"Mark Vientos",26857,22184,sa3004720,NYM,1B/3B,$2.47,$2.00,$1,$6,$2.50,25.424
"Andrew Vaughn",37469,26197,sa3011226,MIL,1B/3B,$2.46,$2.00,$1,$9,$2.30,66.102
"Reid Detmers",38328,27468,sa3014425,LAA,SP/RP,$2.46,$2.00,$1,$6,$2.60,100
"Drew Sommers",42850,32026,sa3020885,DET,RP,$2.46,$2.00,$1,$9,$1.40,59.322
"Robert Gasser",40476,29812,sa3017310,MIL,SP,$2.45,$2.00,$1,$20,$4.60,67.797
"Keaton Winn",34874,23499,sa3006968,SFG,SP/RP,$2.44,$2.00,$1,$6,$1.70,15.254
"Isaac Collins",36738,25477,sa3009884,KCR,OF,$2.44,$2.00,$1,$6,$1.50,15.254
"Nolan Arenado",12379,9777,sa500816,ARI,3B,$2.44,$1.00,$1,$15,$1.90,81.356
"Vahn Lackey",49511,,sa3035829,"MIN A+",Util,$2.44,$2.00,$1,$5,$1.80,54.237
"Louis Varland",37202,27691,sa3010572,TOR,RP,$2.42,$2.00,$1,$7,$3.70,100
"Juan Morillo",32492,21924,sa917772,ARI,RP,$2.42,$2.00,$1,$6,$2.60,96.61
"Jacob Lopez",35696,25098,sa3008338,ATH,SP,$2.42,$1.50,$1,$10,$3.30,64.407
"Ben Joyce",42310,31461,sa3020078,LAA,RP,$2.42,$2.00,$1,$9,$5.70,93.22
"Aaron Ashby",33672,23550,sa3007225,MIL,RP,$2.41,$2.00,$1,$6,$1.60,98.305
"Shelby Miller",6289,10197,sa500730,CHC,RP,$2.40,$1.00,$1,$8,$1.50,8.475
"Jeremiah Jackson",35299,22239,sa3007740,BAL,2B/SS/3B/OF,$2.40,$1.00,$1,$6,$1.80,8.475
"Javier Sanoja",39140,28253,sa3015564,MIA,2B/SS/3B/OF/RP,$2.40,$1.00,$1,$7,$2.60,50.847
"Anthony Eyanson",47653,,sa3031104,"BAL AA",SP,$2.40,$2.00,$1,$7,$2.40,98.305
"Jose Caballero",26915,23401,sa3004817,NYY,2B/SS/3B/OF,$2.39,$2.00,$1,$7,$2.60,69.492
"Brett Bateman",44046,33312,sa3022603,TOR,OF,$2.39,$1.00,$1,$13,$2.30,74.576
"Garrett Mitchell",38325,27555,sa3014438,MIL,OF,$2.38,$2.00,$1,$7,$3.60,98.305
"Joshua Baez",40147,29596,sa3017022,STL,OF,$2.38,$2.00,$1,$8,$3.10,98.305
"Paul Sewald",23838,13892,sa658150,TOR,RP,$2.37,$2.00,$1,$6,$2.80,32.203
"Gabe Speier",19520,17170,sa738213,SEA,RP,$2.36,$2.00,$1,$5,$1.60,55.932
"Felix Bautista",19242,20666,sa737480,BAL,RP,$2.36,$1.00,$1,$10,$3.10,79.661
"Nick Martinez",18449,12730,sa599574,TBR,SP/RP,$2.36,$2.00,$1,$7,$2.20,94.915
"Ryan Jeffers",33652,24618,sa3007051,MIN,C,$2.35,$2.00,$1,$8,$1.80,96.61
"Edwin Uceta",33395,20539,sa921576,TBR,RP,$2.35,$2.00,$1,$5,$2.20,38.983
"Jett Williams",42175,,sa3020134,"MIL AAA",2B/SS/3B/OF,$2.34,$2.00,$1,$6,$1.50,64.407
"Sean Burke",40568,29878,sa3017461,CHW,SP/RP,$2.34,$2.00,$1,$9,$3.00,100
"Everson Pereira",33662,23695,sa3007034,STL,OF,$2.33,$1.00,$1,$5,$1.50,5.085
"Jose Fernandez",38854,28020,sa3015204,ARI,1B/SS/3B,$2.33,$1.00,$1,$5,$1.70,5.085
"Owen Murphy",42491,31761,sa3020330,ATL,SP/RP,$2.33,$1.00,$1,$5,$1.80,5.085
"Steven Cruz",26049,23165,sa3003140,KCR,RP,$2.33,$1.00,$1,$5,$1.00,5.085
"Craig Yoho",44315,33248,sa3023032,CLE,RP,$2.33,$2.00,$1,$4,$1.30,5.085
"Tim Tawa",40251,29571,sa3016970,ARI,1B/2B/3B/OF,$2.33,$1.50,$1,$9,$2.10,20.339
"Brandyn Garcia",44274,33568,sa3022951,ARI,RP,$2.32,$2.00,$1,$12,$3.40,100
"Gavin Sheets",31572,19901,sa829797,SDP,1B/OF,$2.32,$2.00,$1,$6,$2.60,42.373
"Carlos Lagrange",41865,,sa3019390,"NYY AAA",SP/RP,$2.31,$2.00,$1,$8,$2.30,61.017
"Dominic Canzone",37536,26438,sa1115890,SEA,OF,$2.31,$1.00,$1,$7,$2.80,100
"Adael Amador",38448,27962,sa3014682,COL,2B,$2.30,$2.00,$1,$7,$2.60,38.983
"Jacob Latz",31505,21306,sa829008,TEX,SP/RP,$2.29,$2.00,$1,$7,$3.10,100
"Gavin Lux",32576,19955,sa917933,TBR,2B/3B/OF,$2.29,$1.00,$1,$5,$1.90,11.864
"Ryan Waldschmidt",45789,35061,sa3025261,ARI,OF,$2.29,$2.00,$1,$9,$3.80,94.915
"Andrew Alvarez",40609,29914,sa3017531,WSN,SP/RP,$2.28,$1.00,$1,$11,$3.80,91.525
"Joe Boyle",38397,29608,sa3014498,"TBR AAA",SP/RP,$2.27,$2.00,$1,$6,$1.70,18.644
"Tyler Mahle",19422,16358,sa737914,ATL,SP,$2.27,$2.00,$1,$6,$3.00,100
"Kyle Leahy",35030,24763,sa3007241,STL,SP/RP,$2.26,$2.00,$1,$9,$1.50,89.831
"TJ Rumfield",40496,29805,sa3017330,COL,1B,$2.26,$1.00,$1,$7,$2.50,96.61
"Kody Clemens",35487,20572,sa3008002,MIN,1B/2B/OF,$2.26,$1.00,$1,$9,$3.40,98.305
"Hunter Barco",43911,33174,sa3022409,"PIT AAA",SP/RP,$2.25,$2.00,$1,$4,$1.80,6.78
"Braxton Garrett",23723,21844,sa917923,"CHC AAA",SP/RP,$2.25,$2.00,$1,$4,$1.90,20.339
"Osleivis Basabe",34565,23985,sa3006594,SFG,2B/SS/3B,$2.25,$1.00,$1,$6,$2.00,6.78
"Javier Assad",33306,21741,sa920249,CHC,SP/RP,$2.25,$1.50,$1,$5,$2.10,6.78
"Pedro Ramirez",39406,29218,sa3015834,CHC,2B/3B,$2.24,$2.00,$1,$7,$3.10,69.492
"Elmer Rodriguez",41901,31811,sa3019459,"NYY AAA",SP,$2.24,$2.00,$1,$5,$2.10,28.814
"Justin Crawford",42428,31791,sa3020240,PHI,OF,$2.23,$2.00,$1,$6,$1.50,59.322
"Eric Hartman",46395,,sa3067040,"ATL AA",2B/OF,$2.23,$1.00,$1,$8,$2.90,59.322
"Andrew Fischer",47657,,sa3031366,"MIL AA",1B/3B,$2.23,$1.00,$1,$8,$2.80,74.576
"Zach Thornton",44630,33891,sa3023505,NYM,SP,$2.22,$1.00,$1,$7,$1.60,76.271
"Riley O'Brien",26531,20348,sa3004210,STL,RP,$2.22,$2.00,$1,$6,$1.70,93.22
"Trent Harris",43991,33214,sa3022526,SFG,RP,$2.21,$1.00,$1,$10,$2.50,23.729
"Seaver King",45770,,sa3025414,"WSN AAA",SS,$2.21,$2.00,$1,$6,$2.50,64.407
"Spencer Horwitz",37091,26477,sa1115496,PIT,1B,$2.21,$1.00,$1,$8,$1.50,66.102
"Eduardo Rodriguez",13335,13164,sa548722,ARI,SP,$2.20,$1.00,$1,$6,$2.00,100
"Anthony Kay",33684,20387,sa738470,CHW,SP,$2.20,$1.00,$1,$7,$2.00,33.898
"Christian Zazueta",41478,,sa3018867,"LAD AA",SP,$2.20,$1.00,$1,$8,$1.50,42.373
"Oswald Peraza",26213,22823,sa3003305,LAA,1B/2B/SS/3B,$2.20,$1.00,$1,$6,$1.50,16.949
"Jake Irvin",35618,21504,sa3008223,WSN,SP,$2.20,$1.00,$1,$5,$1.10,8.475
"Luis Pena",45090,,sa3024134,"MIL AA",2B/SS,$2.18,$2.00,$1,$6,$2.20,66.102
"Gage Wood",47920,,sa3045536,"PHI AA",SP,$2.18,$2.00,$1,$5,$2.70,57.627
"Hagen Smith",45721,35205,sa3025544,CHW,SP/RP,$2.18,$2.00,$1,$5,$2.10,96.61
"Liam Hicks",40541,29844,sa3017400,TBR,C/1B,$2.17,$2.00,$1,$7,$3.30,100
"Mason Montgomery",40472,29770,sa3017306,PIT,SP/RP,$2.17,$2.00,$1,$6,$3.30,100
"Nate Lavender",40854,30109,sa3017917,NYM,RP,$2.17,$2.00,$1,$10,$1.80,71.186
"Joshua Kuroda-Grauer",45903,35121,sa3025386,ATH,2B/SS/3B,$2.17,$2.00,$1,$6,$2.20,71.186
"Tyler Bremner",47554,,sa3027644,"LAA AA",SP,$2.16,$2.00,$1,$4,$2.00,32.203
"Ben Brown",27074,23590,sa3005122,CHC,SP/RP,$2.15,$1.00,$1,$9,$2.40,100
"Samy Natera Jr.",42830,31936,sa3020862,LAA,RP,$2.15,$2.00,$1,$5,$2.90,55.932
"Zyhir Hope",44114,,sa3022703,"DET AA",OF,$2.15,$2.00,$1,$5,$2.30,91.525
"Bailey Ober",32966,21224,sa918555,MIN,SP,$2.15,$2.00,$1,$6,$2.20,45.763
"Rainiel Rodriguez",45018,,sa3023987,"STL AA",C/1B,$2.15,$2.00,$1,$7,$3.70,91.525
"Daniel Schneemann",34843,25180,sa3006936,CLE,2B/SS/3B/OF,$2.14,$1.00,$1,$5,$1.70,11.864
"Austin Martin",38323,27462,sa3014454,MIN,OF,$2.14,$3.00,$1,$3,$2.00,11.864
"David Sandlin",42679,31743,sa3020606,CHW,SP/RP,$2.14,$2.00,$1,$4,$2.30,11.864
"Brayan Rocchio",33650,23690,sa3005898,CLE,2B/SS,$2.14,$2.00,$1,$9,$2.40,74.576
"Luis Lara",41265,30675,sa3018514,MIL,OF,$2.12,$1.00,$1,$7,$2.80,83.051
"Dillon Dingler",38308,27464,sa3014528,DET,C,$2.12,$2.00,$1,$6,$3.10,100
"Stephen Kolek",35475,21487,sa3007990,KCR,SP,$2.12,$1.00,$1,$7,$2.40,28.814
"Brady House",40261,29993,sa3017694,WSN,3B,$2.12,$1.00,$1,$9,$1.40,28.814
"Carmen Mlodzinski",38403,27572,sa3014505,PIT,SP/RP,$2.12,$2.00,$1,$6,$2.00,57.627
"Daniel Lynch IV",33669,21537,sa3007588,KCR,SP/RP,$2.12,$2.00,$1,$6,$1.90,44.068
"Mike Yastrzemski",18383,14854,sa503161,ATL,OF,$2.11,$1.00,$1,$6,$1.40,15.254
"Luis Rengifo",20291,19858,sa826671,SDP,2B/3B/OF,$2.11,$2.00,$1,$6,$1.90,15.254
"Trevor Larnach",33622,21501,sa3008376,MIN,OF,$2.11,$1.50,$1,$8,$1.60,77.966
"Jaxon Wiggins",44703,,sa3023635,"CHC AAA",SP/RP,$2.10,$2.00,$1,$4,$1.80,16.949
"Gavin Stone",38562,27792,sa3014810,LAD,SP/RP,$2.10,$1.00,$1,$8,$1.10,16.949
"Griffin Conine",35928,21626,sa876060,MIA,1B/OF,$2.10,$1.00,$1,$7,$2.50,88.136
"Edgardo Henriquez",36539,26944,sa3009613,LAD,RP,$2.10,$2.00,$1,$5,$2.70,71.186
"Jakob Junis",23787,13619,sa602414,TEX,RP,$2.09,$1.50,$1,$5,$2.00,37.288
"Shane Drohan",38352,27814,sa3014447,MIL,SP/RP,$2.09,$1.00,$1,$7,$2.80,93.22
"Tyler Stephenson",22654,17988,sa874242,CIN,C,$2.09,$1.00,$1,$11,$1.30,55.932
"Ralphy Velazquez",44310,,sa3023013,"CLE AAA",1B/OF,$2.09,$2.00,$1,$7,$2.80,93.22
"Harry Ford",40675,29958,sa3017627,WSN,C,$2.08,$2.00,$1,$4,$1.70,20.339
"Nick Sogard",36769,25483,sa1169919,BOS,1B/2B/SS/3B,$2.08,$2.00,$1,$6,$2.80,44.068
"Mike Burrows",35811,24728,sa3008517,HOU,SP,$2.08,$1.00,$1,$7,$1.80,22.034
"Yohandy Morales",44083,33361,sa3022672,WSN,1B/3B,$2.08,$1.00,$1,$6,$1.60,22.034
"Brent Headrick",38093,27702,sa3011887,NYY,RP,$2.07,$1.00,$1,$7,$2.60,93.22
"Zach Eflin",23612,13774,sa657853,BAL,SP,$2.07,$1.00,$1,$11,$1.60,25.424
"Antonio Senzatela",23757,15488,sa657576,MIL,SP/RP,$2.06,$2.00,$1,$5,$1.30,28.814
"Mauricio Dubon",19649,16530,sa738378,ATL,2B/SS/3B/OF,$2.06,$1.00,$1,$6,$1.60,88.136
"Keider Montero",25866,22630,sa3002956,DET,SP/RP,$2.06,$2.00,$1,$6,$2.10,89.831
"Martin Perez",8147,6902,sa455689,ATL,SP,$2.04,$1.00,$1,$7,$1.70,40.678
"Ethan Holliday",47552,,sa3069100,"COL A",SS,$2.03,$2.00,$1,$5,$1.80,49.153
"Clarke Schmidt",33679,19899,sa3007582,NYY,SP,$2.03,$1.00,$1,$9,$1.50,59.322
"Gregory Soto",19136,19677,sa737262,PIT,RP,$2.02,$2.00,$1,$5,$2.10,96.61
"Peter Lambert",22676,17969,sa874771,HOU,SP,$2.02,$2.00,$1,$7,$1.90,100
"Endy Rodriguez",35650,25332,sa3008272,PIT,C/1B,$2.00,$1.00,$1,$6,$2.30,44.068
"Jake Meyers",26783,20308,sa3004621,HOU,OF,$2.00,$2.00,$1,$3,$1.50,3.39
"Ty Madden",40964,30140,sa3018141,DET,SP/RP,$2.00,$2.00,$1,$3,$1.80,5.085
"Ryan Kreidler",37217,25867,sa3010587,MIN,2B/SS/3B/OF,$2.00,$2.00,$2,$2,$1.50,1.695
"Adam Macko",37847,25590,sa3011555,TEX,SP/RP,$2.00,$2.00,$2,$2,$1.50,1.695
"Cam Caminiti",45950,,sa3025607,"ATL AA",SP,$2.00,$2.00,$1,$5,$2.20,23.729
"Aiva Arquette",47548,,sa3026235,"MIA AA",SS,$2.00,$2.00,$1,$3,$1.90,6.78
"Hoby Milner",27458,13346,sa503539,SEA,RP,$2.00,$2.00,$2,$2,$1.70,1.695
"Kahlil Watson",40263,29905,sa3017513,"CLE AAA",OF,$2.00,$2.00,$2,$2,$1.40,1.695
"Chris Martin",18455,11847,sa596330,"TEX AAA",RP,$2.00,$2.00,$2,$2,$1.60,1.695
"Johan Oviedo",33424,22487,sa922365,BOS,SP,$2.00,$1.00,$1,$7,$1.70,15.254
"Dedniel Nunez",26525,23055,sa3004203,NYM,RP,$2.00,$2.00,$2,$2,$1.50,1.695
"Kai-Wei Teng",35018,24282,sa3007229,"HOU AAA",SP/RP,$2.00,$1.00,$1,$5,$1.40,6.78
"Ike Irish",47547,,sa3034445,"BAL A+",1B/OF,$2.00,$2.00,$2,$2,$1.80,1.695
"Vaughn Grissom",37320,26031,sa3010711,LAA,1B/2B/SS/3B,$2.00,$1.00,$1,$6,$2.00,45.763
"Elian Peña",46343,,sa3067674,"NYM A+",SS,$2.00,$2.00,$2,$2,$1.00,1.695
"Nelson Rada",41172,,sa3018421,"LAA AAA",OF,$2.00,$2.00,$2,$2,$1.00,1.695
"Nick Mears",35865,25376,sa3008594,KCR,RP,$2.00,$2.00,$1,$3,$1.10,3.39
"Jefferson Rojas",41322,,sa3018571,"NYM AAA",2B/SS/3B,$2.00,$1.00,$1,$6,$1.30,33.898
"Ryan Ward",37113,27449,sa1169792,"LAD AAA",1B/OF,$2.00,$2.00,$2,$2,$1.90,1.695
"Dominic Smith",18300,15653,sa737502,ATL,1B/OF,$2.00,$2.00,$1,$3,$1.30,6.78
"Tyler Callihan",37109,27497,sa1169610,"PIT AAA",1B/3B/OF,$2.00,$2.00,$2,$2,$1.14,1.695
"Phil Maton",22809,18064,sa875251,CHC,RP,$2.00,$2.00,$1,$3,$1.60,13.559
"Adrian Houser",28712,12718,sa597779,SFG,SP/RP,$2.00,$1.00,$1,$4,$1.80,5.085
"Rafael Flores Jr.",42430,31991,sa3020243,PIT,C/1B,$2.00,$1.00,$1,$7,$2.90,33.898
"Nick Yorke",38436,27504,sa3014546,"PIT AAA",2B/3B/OF,$2.00,$2.00,$2,$2,$1.70,3.39
"Justin Slaten",37007,25648,sa3010309,BOS,RP,$2.00,$2.00,$1,$3,$1.60,15.254
"DL Hall",27165,22207,sa3005282,MIL,RP,$2.00,$2.00,$2,$2,$1.30,1.695
"Jake Burger",23809,22275,sa915698,TEX,1B,$2.00,$1.00,$1,$9,$1.80,45.763
"Taylor Walls",31969,22458,sa915802,TBR,SS,$2.00,$2.00,$2,$2,$2.00,1.695
"Blade Tidwell",42376,31701,sa3020177,SFG,SP/RP,$2.00,$1.00,$1,$6,$3.00,22.034
"Tommy Troy",44014,33279,sa3022561,"ARI AAA",2B/OF,$2.00,$1.00,$1,$5,$1.90,6.78
"Adam Seminaris",38714,,sa3015010,"PHI AA",SP,$2.00,$2.00,$2,$2,$2.00,1.695
"AJ Blubaugh",42340,31764,sa3020112,HOU,SP/RP,$2.00,$1.50,$1,$4,$1.60,10.169
"Cameron Cauley",40384,29710,sa3017167,"TEX AAA",2B/SS/OF,$2.00,$2.00,$1,$3,$1.33,3.39
"Sawyer Gipson-Long",37837,26048,sa3011536,"DET AAA",SP/RP,$2.00,$2.00,$1,$3,$1.60,3.39
"Daniel Duarte",23311,17480,sa877364,NYM,SP/RP,$2.00,$1.50,$1,$5,$1.90,16.949
"Andrew Pinckney",44081,33357,sa3022670,"WSN AAA",OF,$2.00,$2.00,$2,$2,$2.00,1.695
"Tomoyuki Sugano",46090,35321,sa3025685,COL,SP,$2.00,$2.00,$2,$2,$1.40,1.695
"Trevor McDonald",38056,26448,sa3011835,SFG,SP/RP,$2.00,$2.00,$1,$4,$2.00,15.254
"Calvin Faucher",26384,20116,sa3004013,MIA,RP,$2.00,$1.00,$1,$6,$2.30,49.153
"Tyler Holton",37674,26231,sa3011295,DET,SP/RP,$2.00,$1.00,$1,$4,$1.10,5.085
"AJ Russell",47842,,sa3041324,"TEX A+",SP,$2.00,$2.00,$2,$2,$1.50,1.695
"Angel Zerpa",25903,22717,sa3002993,MIL,RP,$2.00,$2.00,$2,$2,$1.20,1.695
"Rhys Hoskins",20350,16472,sa827179,CLE,1B,$2.00,$2.00,$1,$3,$1.40,3.39
"Ryan Feltner",35617,21446,sa3008222,COL,SP,$2.00,$2.00,$2,$2,$1.30,1.695
"Keegan Akin",31714,19362,sa873980,BAL,RP,$2.00,$2.00,$1,$3,$1.00,3.39
"Austin Wells",38317,27562,sa3014440,NYY,C,$2.00,$1.00,$1,$5,$1.70,11.864
"Jalen Beeks",20427,17192,sa827439,TEX,RP,$2.00,$2.00,$2,$2,$1.20,3.39
"Tyler Freeman",26882,22532,sa3004755,"COL AAA",2B/OF,$2.00,$2.00,$1,$3,$1.20,5.085
"Josiah Hartshorn",48165,,sa3069285,"CHC AA",1B/OF,$2.00,$1.00,$1,$6,$1.90,37.288
"Kyle Isbel",33686,21614,sa3006861,KCR,OF,$2.00,$2.00,$2,$2,$1.30,1.695
"Alan Roden",42410,31564,sa3020212,MIN,OF,$2.00,$2.00,$1,$3,$1.20,3.39
"Eduardo Valencia",34583,24574,sa3006622,DET,C/1B,$2.00,$1.00,$1,$6,$1.90,37.288
"Luisangel Acuna",36048,26548,sa3008765,CHW,2B/SS/OF,$2.00,$1.00,$1,$7,$1.50,10.169
"Samad Taylor",32726,22274,sa918192,SDP,2B/OF,$2.00,$1.00,$1,$7,$2.40,33.898
"Cal Quantrill",23629,19312,sa738477,TEX,SP/RP,$2.00,$1.00,$1,$8,$3.00,47.458
"Andre Pallante",37599,26108,sa3011186,STL,SP,$1.98,$1.00,$1,$5,$2.40,88.136
"DJ Herz",37942,26389,sa3011680,WSN,SP/RP,$1.96,$1.00,$1,$7,$1.80,40.678
"Blaze Alexander",35300,23789,sa3007742,BAL,2B/SS/3B/OF,$1.95,$1.50,$1,$5,$2.40,33.898
"Jake McCarthy",34921,21622,sa3007015,COL,OF,$1.95,$1.00,$1,$5,$2.90,100
"Bradgley Rodriguez",39557,29107,sa3016035,SDP,RP,$1.94,$2.00,$1,$5,$2.20,88.136
"Drew Burress",49391,,sa3028100,"ATH A",OF,$1.94,$2.00,$1,$4,$1.40,28.814
"Jordan Romano",21170,16122,sa829155,COL,RP,$1.94,$2.00,$1,$6,$2.10,55.932
"Nick Gonzales",38314,27490,sa3014510,PIT,2B/SS/3B,$1.93,$1.00,$1,$7,$2.40,96.61
"Drew Anderson",30833,15130,sa658613,DET,SP/RP,$1.93,$1.00,$1,$9,$2.70,23.729
"Ty France",23201,17982,sa876140,SDP,1B,$1.93,$1.00,$1,$6,$2.30,69.492
"Brandon Marsh",23868,20202,sa917944,PHI,OF,$1.92,$1.00,$1,$6,$2.10,83.051
"Max Muncy",40460,29779,sa3017290,ATH,2B/SS/3B,$1.92,$1.00,$1,$6,$1.70,20.339
"Tyron Guerrero",13407,11691,sa551046,BOS,RP,$1.92,$2.00,$1,$4,$1.40,20.339
"Erik Miller",37700,26252,sa3011336,BOS,RP,$1.92,$2.00,$1,$5,$2.00,81.356
"Caden Bodine",47578,,sa3027305,"TBR AAA",C,$1.91,$2.00,$1,$4,$2.10,18.644
"Justin Wrobleski",41926,31204,sa3019501,LAD,SP/RP,$1.91,$1.00,$1,$6,$2.60,91.525
"Bo Davidson",44117,33405,sa3022706,SFG,OF,$1.90,$1.50,$1,$4,$1.80,33.898
"Yoendrys Gomez",26800,22872,sa3004650,MIN,SP/RP,$1.90,$2.00,$1,$5,$3.10,84.746
"Karson Milbrandt",42716,,sa3020659,"MIA AAA",SP,$1.90,$1.50,$1,$5,$2.00,50.847
"Grady Emerson",49806,,sa3077867,"TBR A",Util,$1.89,$1.00,$1,$6,$1.40,32.203
"Braydon Fisher",35436,24609,sa3007929,TOR,SP/RP,$1.89,$1.00,$1,$6,$1.10,15.254
"Triston Casas",33651,22514,sa3007634,BOS,1B,$1.89,$1.00,$1,$7,$1.80,30.508
"Jacob Webb",21315,19274,sa829328,CHC,RP,$1.88,$1.00,$1,$5,$1.90,28.814
"Troy Johnston",37458,26143,sa3010899,COL,1B/OF,$1.88,$1.00,$1,$5,$1.60,42.373
"Emil Morales",44918,,sa3023887,"LAD A+",SS,$1.88,$1.00,$1,$4,$1.70,13.559
"Ryan Zeferjahn",37622,25420,sa3011217,CHC,RP,$1.87,$1.00,$1,$6,$1.60,52.542
"Eduardo Quintero",43129,,sa3021208,"LAD AA",OF,$1.87,$2.00,$1,$6,$2.40,50.847
"Brooks Raley",4970,10061,sa501562,PHI,RP,$1.86,$1.00,$1,$5,$1.20,37.288
"Kevin Alcantara",33677,25971,sa3008752,"CHC AAA",OF,$1.86,$1.00,$1,$4,$1.80,11.864
"Sean Manaea",18257,15873,sa709610,NYM,SP/RP,$1.86,$1.00,$1,$6,$1.80,59.322
"Edward Florentino",44975,,sa3023944,"PIT A+",OF,$1.85,$2.00,$1,$5,$1.90,55.932
"Brandon Young",38661,27819,sa3014926,BAL,SP,$1.85,$1.00,$1,$5,$2.10,55.932
"Josue Briceno",41335,,sa3018584,"DET AAA",C/1B,$1.84,$2.00,$1,$4,$1.90,42.373
"Nathan Lukes",22782,18123,sa875215,TOR,OF,$1.83,$1.00,$1,$5,$1.80,10.169
"Matt Wilkinson",44424,33760,sa3023171,SFG,SP,$1.83,$1.00,$1,$6,$1.30,10.169
"Andrew Kittredge",27995,12828,sa577676,BAL,RP,$1.83,$1.00,$1,$6,$1.50,10.169
"Janson Junk",26807,23301,sa3004659,MIA,SP/RP,$1.81,$1.00,$1,$7,$1.80,27.119
"Rico Garcia",33049,20023,sa918679,BAL,RP,$1.81,$1.50,$1,$5,$1.40,61.017
"JoJo Parker",47541,,sa3069248,"TOR A+",SS,$1.80,$2.00,$1,$3,$1.80,8.475
"Ben Casparius",40834,30085,sa3017886,LAD,RP,$1.80,$1.00,$1,$3,$1.30,8.475
"Griffin Canning",33604,19867,sa829807,SDP,SP/RP,$1.80,$1.00,$1,$3,$1.90,8.475
"Elvis Alvarado",33216,21662,sa919291,ATH,RP,$1.80,$1.00,$1,$3,$1.60,8.475
"Nolan Gorman",33623,22263,sa3007017,STL,2B/3B,$1.80,$2.00,$1,$3,$2.00,8.475
"Edwin Arroyo",40674,29957,sa3017626,"CIN AAA",2B/SS,$1.80,$2.00,$1,$3,$1.80,8.475
"Jamie Arnold",47565,,sa3026225,"ATH AAA",SP,$1.80,$1.00,$1,$5,$2.00,33.898
"Cam Cannarella",47596,,sa3028360,"MIA AAA",OF,$1.79,$1.00,$1,$5,$1.60,32.203
"Jack Dreyer",41400,30249,sa3018789,LAD,SP/RP,$1.79,$1.00,$1,$4,$1.50,23.729
"Jose Alvarado",29992,17780,sa656049,PHI,RP,$1.78,$2.00,$1,$4,$1.70,38.983
"Bryan King",37210,25890,sa3010580,HOU,RP,$1.78,$1.00,$1,$4,$2.00,30.508
"Keibert Ruiz",22219,19610,sa872528,WSN,C,$1.78,$1.00,$1,$9,$1.40,45.763
"Zach McKinstry",33147,19392,sa918920,DET,2B/SS/3B/OF,$1.78,$1.00,$1,$4,$2.10,15.254
"Luis Campusano",26404,22217,sa3004041,SDP,C,$1.77,$1.00,$1,$5,$1.30,37.288
"Andrew Morris",42652,31891,sa3020569,MIN,SP/RP,$1.76,$1.00,$1,$11,$1.10,35.593
"Dylan Lee",32719,19996,sa918185,ATL,RP,$1.75,$1.00,$1,$5,$2.70,89.831
"Ricky Tiedemann",40936,30165,sa3018096,TOR,RP,$1.75,$1.00,$1,$4,$1.70,13.559
"Alex Lange",27164,19883,sa3005280,KCR,RP,$1.75,$1.50,$1,$3,$1.50,6.78
"Hayden Birdsong",42552,31635,sa3020409,SFG,SP/RP,$1.75,$1.50,$1,$3,$1.80,6.78
"Mickey Gasper",35304,24759,sa3007747,BOS,C/1B,$1.74,$1.00,$1,$8,$2.00,38.983
"Bryce Rainer",45797,,sa3066592,"DET A+",SS,$1.74,$2.00,$1,$4,$1.60,38.983
"Andres Gimenez",23705,19950,sa917114,TOR,2B/SS,$1.74,$1.00,$1,$9,$1.60,32.203
"Leo Bernal",39345,29016,sa3015773,STL,C,$1.73,$1.00,$1,$5,$2.00,50.847
"Carson Kelly",23714,13620,sa657963,CHC,C,$1.72,$1.00,$1,$5,$1.50,49.153
"Josuar Gonzalez",46099,,sa3067675,"SFG A",SS,$1.72,$1.00,$1,$5,$2.20,54.237
"Max Scherzer",4514,3137,sa326473,TOR,SP,$1.71,$1.00,$1,$4,$2.40,11.864
"Travis Sykora",44659,33573,sa3023557,"WSN AA",SP,$1.71,$2.00,$1,$3,$1.90,28.814
"Eduard Bazardo",22527,20997,sa873313,SEA,RP,$1.71,$1.00,$1,$3,$1.40,28.814
"Graham Ashcraft",37171,27552,sa918274,CIN,SP/RP,$1.70,$1.00,$1,$5,$1.50,33.898
"Sean Newcomb",18459,16943,sa709548,CHW,SP/RP,$1.68,$1.00,$1,$5,$1.50,47.458
"Tyler Wells",32804,20000,sa918346,TBR,SP/RP,$1.68,$1.00,$1,$4,$1.60,57.627
"Alex Freeland",42713,31665,sa3020653,LAD,2B/SS/3B,$1.67,$1.00,$1,$3,$1.90,10.169
"Donovan Walton",31046,19314,sa659038,ATH,2B/SS/3B/OF,$1.67,$1.00,$1,$3,$1.40,5.085
"Deyvison De Los Santos",38818,27969,sa3015168,MIA,1B/3B,$1.67,$2.00,$1,$2,$1.70,5.085
"Arjun Nimmala",43892,,sa3022892,"LAA AA",SS,$1.67,$1.00,$1,$4,$2.10,30.508
"Andruw Monasterio",21742,19455,sa830359,BOS,1B/2B/SS/3B,$1.67,$2.00,$1,$2,$1.80,5.085
"Hyeseong Kim",46089,35322,sa3012639,"LAD AAA",2B/SS/OF,$1.67,$1.00,$1,$3,$1.60,5.085
"Joc Pederson",14895,11899,sa549081,TEX,1B,$1.67,$1.00,$1,$5,$1.40,10.169
"Caleb Thielbar",6225,10078,sa502074,CHC,RP,$1.67,$1.00,$1,$3,$1.50,5.085
"Lenyn Sosa",26411,22896,sa3004051,"TOR CPX",1B/2B,$1.67,$1.00,$1,$3,$1.90,5.085
"Jonathan Loaisiga",19197,19753,sa737372,ARI,RP,$1.67,$1.00,$1,$4,$1.10,10.169
"Hunter Dobbins",41027,30240,sa3018275,STL,SP,$1.67,$2.00,$1,$2,$1.40,5.085
"Cole Sands",35878,21461,sa3008611,MIN,RP,$1.67,$1.00,$1,$3,$2.30,5.085
"Tanner McDougal",40578,29887,sa3017471,"CHW AAA",SP/RP,$1.67,$2.00,$1,$2,$2.30,5.085
"A.J. Minter",23679,18655,sa659284,MIN,RP,$1.67,$1.00,$1,$4,$1.20,20.339
"Cooper Ingle",44349,33708,sa3023069,"CLE AAA",C/OF,$1.67,$1.00,$1,$5,$1.70,20.339
"Jeferson Quero",38989,28272,sa3015407,"MIL AAA",C,$1.67,$1.00,$1,$3,$1.00,5.085
"Yennier Cano",37946,25911,sa3011688,BAL,RP,$1.64,$1.50,$1,$3,$1.90,61.017
"Kirby Yates",6175,9073,sa505235,PIT,RP,$1.64,$1.00,$1,$5,$1.00,18.644
"Paul Goldschmidt",4374,9218,sa501577,NYY,1B,$1.62,$1.00,$1,$6,$1.70,22.034
"Colin Rea",18524,12317,sa578060,CHC,SP/RP,$1.62,$1.00,$1,$7,$1.40,22.034
"Kevin Kelly",36825,25679,sa3009999,TBR,RP,$1.61,$1.00,$1,$4,$1.70,100
"Paul Blackburn",23839,14739,sa657872,NYY,SP/RP,$1.60,$1.00,$1,$5,$1.60,25.424
"Jesús  Báez",41258,,sa3018507,"STL AA",SS/3B,$1.60,$1.50,$1,$3,$1.60,16.949
"Angeibel Gomez",48255,,sa3075040,"KCR DSL",OF,$1.60,$1.00,$1,$4,$1.43,8.475
"Will Klein",38386,27787,sa3014487,LAD,RP,$1.60,$1.00,$1,$4,$1.70,8.475
"Anthony Seigler",33610,23802,sa3006894,BOS,C/2B/3B,$1.60,$1.00,$1,$4,$1.60,8.475
"Randy Rodriguez",34389,23974,sa3006366,SFG,RP,$1.60,$1.00,$1,$5,$1.60,42.373
"Josh Adamczewski",44421,,sa3023168,"MIL AA",2B/OF,$1.60,$1.00,$1,$3,$1.43,8.475
"Alfredo Duno",42988,,sa3021066,"CIN AA",C,$1.59,$1.00,$1,$4,$1.50,45.763
"Lucas Giolito",18195,15474,sa657908,SDP,SP,$1.58,$1.00,$1,$3,$2.00,20.339
"Colin Holderman",32710,22361,sa918172,"CLE AAA",RP,$1.58,$1.00,$1,$4,$1.80,32.203
"Jack Kochanowicz",38430,27688,sa3014539,LAA,SP,$1.57,$1.00,$1,$3,$1.80,11.864
"Nate Pearson",27059,20160,sa3005097,KCR,RP,$1.57,$1.00,$1,$4,$1.60,11.864
"Ildemaro Vargas",16191,13324,sa504705,ARI,1B/2B/3B,$1.57,$1.00,$1,$4,$1.90,23.729
"Brad Lord",42798,31972,sa3020812,WSN,SP/RP,$1.57,$1.00,$1,$4,$1.30,11.864
"Gabriel Hughes",42717,31614,sa3020661,COL,SP,$1.56,$1.00,$1,$5,$1.40,15.254
"Jacob Gonzalez",43973,33225,sa3022498,PIT,1B/2B/SS/3B,$1.56,$1.00,$1,$3,$2.50,15.254
"Enyel De Los Santos",23339,18403,sa877528,HOU,RP,$1.56,$1.00,$1,$5,$1.70,15.254
"Spencer Miles",42598,31621,sa3020475,TOR,SP/RP,$1.56,$1.00,$1,$7,$2.00,45.763
"Xavier Isaac",42621,,sa3020498,"TBR AAA",1B,$1.56,$1.00,$1,$4,$1.50,15.254
"Drew Thorpe",42728,31967,sa3020678,"CHW ST",SP/RP,$1.56,$1.00,$1,$3,$1.30,15.254
"Brody Hopkins",44639,33903,sa3023515,TBR,SP/RP,$1.55,$1.00,$1,$6,$2.30,33.898
"Yohan Ramirez",33419,19444,sa922200,PIT,RP,$1.55,$1.00,$1,$5,$2.10,18.644
"Luke Raley",32655,19354,sa918048,SEA,1B/OF,$1.53,$1.00,$1,$3,$2.50,25.424
"Jake Mangum",37660,26202,sa3011255,PIT,OF,$1.52,$1.00,$1,$6,$1.20,38.983
"Joseph Dzierwa",47646,,sa3030726,"BAL AA",SP,$1.52,$1.00,$1,$5,$1.50,38.983
"Cam Collier",42359,,sa3020131,"CIN AA",1B/3B,$1.50,$1.50,$1,$2,$1.00,3.39
"Luis Hernandez",48314,,sa3076284,"SFG A",SS/3B,$1.50,$1.50,$1,$2,$1.50,3.39
"Taylor Rogers",23675,13449,sa503168,MIN,RP,$1.50,$1.00,$1,$3,$1.70,6.78
"Tyler Phillips",22968,20629,sa875646,MIA,SP/RP,$1.50,$1.50,$1,$2,$1.30,6.78
"Joey Ortiz",36743,25493,sa3009889,MIL,SS/3B,$1.50,$1.00,$1,$3,$1.70,10.169
"Jack Wenninger",44501,,sa3023282,"NYM AAA",SP/RP,$1.50,$1.50,$1,$2,$1.80,3.39
"Isiah Kiner-Falefa",19368,16512,sa737855,BOS,2B/SS/3B,$1.50,$1.50,$1,$2,$1.30,3.39
"Jordan Hicks",23864,19618,sa875019,CHW,SP/RP,$1.50,$1.50,$1,$2,$1.30,3.39
"Chase Silseth",40821,30074,sa3017871,TEX,SP/RP,$1.50,$1.50,$1,$2,$1.60,6.78
"Khristian Curtis",44611,33865,sa3023473,PIT,SP/RP,$1.50,$1.50,$1,$2,$1.17,3.39
"Grant Anderson",34646,20546,sa3006706,"MIL AAA",RP,$1.50,$1.50,$1,$2,$1.10,3.39
"Luinder Avila",34494,24452,sa3006507,KCR,SP/RP,$1.50,$1.00,$1,$3,$1.30,6.78
"Ronny Henriquez",34103,24094,sa3005835,MIA,RP,$1.50,$1.00,$1,$3,$1.70,13.559
"John Rave",37175,26284,sa918890,KCR,OF,$1.50,$1.50,$1,$2,$1.10,3.39
"Trey Gibson",44473,33794,sa3023250,BAL,SP,$1.50,$1.50,$1,$2,$1.30,3.39
"Andrew Nardi",37639,25942,sa3011234,MIA,RP,$1.50,$1.50,$1,$2,$1.20,3.39
"Isaac Mattson",31933,20385,sa915667,PIT,RP,$1.50,$1.50,$1,$2,$1.40,3.39
"Danny Jansen",19481,16535,sa738162,TEX,C,$1.50,$1.50,$1,$2,$1.30,3.39
"Brandon Walter",37401,26056,sa3010826,HOU,SP/RP,$1.50,$1.50,$1,$2,$1.90,3.39
"Dylan Smith",40948,30145,sa3018113,SFG,RP,$1.50,$1.50,$1,$2,$1.90,3.39
"Daniel Espino",37812,25625,sa3011495,CLE,RP,$1.50,$1.50,$1,$2,$2.00,3.39
"James Triantos",40465,29795,sa3017295,"CHC AAA",2B/3B/OF,$1.50,$1.50,$1,$2,$1.00,3.39
"Carlos Narvaez",32084,19722,sa916966,BAL,C,$1.50,$1.50,$1,$2,$1.20,3.39
"Jaison Chourio",41151,,sa3018399,"CLE AA",OF,$1.50,$1.50,$1,$2,$1.00,3.39
"Jared Koenig",38641,27517,sa3014906,"MIL AAA",RP,$1.50,$1.00,$1,$3,$1.10,6.78
"Felnin Celesten",42726,,sa3023381,"SEA AA",SS,$1.50,$1.50,$1,$2,$2.00,3.39
"Kevin Ginkel",31509,19876,sa829213,ARI,RP,$1.45,$1.00,$1,$4,$1.30,18.644
"Ethan Pecko",44295,33515,sa3022997,HOU,SP,$1.43,$1.00,$1,$2,$1.30,11.864
"Kyle Hurt",39868,27514,sa3016453,LAD,RP,$1.43,$1.00,$1,$2,$1.90,11.864
"Slade Cecconi",38480,27500,sa3014739,CLE,SP/RP,$1.43,$1.00,$1,$3,$2.30,11.864
"Brandon Compton",47610,,sa3029229,"MIA AAA",OF,$1.43,$1.00,$1,$2,$1.38,11.864
"Justin Gonzales",44804,,sa3023757,"BOS AA",OF,$1.43,$1.00,$1,$2,$1.40,11.864
"Joe Mack",40520,29780,sa3017374,MIA,C,$1.42,$1.00,$1,$3,$1.90,40.678
"Parker Meadows",35450,23800,sa3007943,DET,OF,$1.40,$1.00,$1,$3,$1.90,8.475
"Tate Southisene",48090,,sa3069150,"ATL AA",2B/SS,$1.40,$1.00,$1,$3,$1.40,8.475
"Jacob Young",40641,29931,sa3017563,WSN,OF,$1.40,$1.00,$1,$4,$1.30,16.949
"Jacob Melton",42283,31661,sa3019988,TBR,OF,$1.40,$1.00,$1,$3,$1.20,8.475
"Tim Hill",21514,16814,sa829603,NYY,RP,$1.33,$1.00,$1,$3,$1.10,10.169
"Jonathan Bowlan",34879,24607,sa3006973,PHI,RP,$1.33,$1.00,$1,$5,$1.70,30.508
"Tyler Alexander",19575,17735,sa738285,TEX,SP/RP,$1.33,$1.00,$1,$2,$1.30,15.254
"Aaron Civale",31750,19479,sa874216,CHC,SP/RP,$1.33,$1.00,$1,$2,$1.20,5.085
"Tanner Franklin",47665,,sa3031652,"STL AA",SP,$1.33,$1.00,$1,$2,$1.50,5.085
"George Soriano",32411,21863,sa917493,STL,RP,$1.33,$1.00,$1,$2,$1.33,5.085
"Blake Treinen",18414,12572,sa549672,LAD,RP,$1.33,$1.00,$1,$2,$1.40,5.085
"Victor Caratini",19285,14968,sa737618,MIN,C/1B,$1.33,$1.00,$1,$2,$1.10,5.085
"Brusdar Graterol",22524,20367,sa873310,LAD,RP,$1.33,$1.00,$1,$2,$1.10,5.085
"Bryan De La Cruz",20670,19600,sa828304,PHI,OF,$1.33,$1.00,$1,$2,$1.30,5.085
"Drew Gilbert",42276,31545,sa3019980,SFG,OF,$1.33,$1.00,$1,$2,$1.30,5.085
"Brock Stewart",23622,16727,sa550113,LAD,RP,$1.33,$1.00,$1,$2,$1.10,5.085
"Derek Curiel",49684,,sa3058966,,Util,$1.33,$1.00,$1,$2,$1.50,5.085
"Wade Meckler",42347,31490,sa3020119,LAA,OF,$1.33,$1.00,$1,$2,$1.80,5.085
"Blake Dunn",40136,29487,sa3016823,CIN,OF,$1.33,$1.00,$1,$2,$1.20,5.085
"Michael Petersen",30725,20827,sa658475,MIA,RP,$1.33,$1.00,$1,$4,$1.00,72.881
"Caden Hunter",47938,,sa3059552,"BAL AA",SP,$1.31,$1.00,$1,$3,$1.10,22.034
"Hunter Harvey",18283,15507,sa737510,CHC,RP,$1.30,$1.00,$1,$3,$1.70,16.949
"Sean Keys",45857,35094,sa3025317,TOR,1B/3B,$1.30,$1.00,$1,$2,$1.60,16.949
"Patrick Sandoval",22876,19447,sa875337,BOS,SP,$1.30,$1.00,$1,$3,$1.90,16.949
"Josh Bell",18152,13145,sa597768,MIN,1B,$1.30,$1.00,$1,$4,$1.00,33.898
"Grant Wolfram",35677,21623,sa3008313,BAL,RP,$1.29,$1.00,$1,$2,$1.00,11.864
"Gary Sanchez",14078,11442,sa549555,MIL,C/1B,$1.29,$1.00,$1,$2,$1.10,11.864
"Murf Gray",47682,,sa3032619,"PIT AA",3B,$1.29,$1.00,$1,$2,$1.20,23.729
"Will Dion",40806,30061,sa3017850,WSN,SP/RP,$1.25,$1.00,$1,$2,$1.70,6.78
"Ramon Marquez",46581,,sa3067514,"SFG A+",SP,$1.25,$1.00,$1,$2,$1.20,6.78
"Devin Taylor",47883,,sa3043560,"ATH AAA",OF,$1.25,$1.00,$1,$2,$1.14,6.78
"Evan Phillips",30979,17734,sa658921,LAD,RP,$1.25,$1.00,$1,$4,$1.20,20.339
"Anthony Bender",32871,19742,sa918438,"MIA AAA",RP,$1.25,$1.00,$1,$2,$1.40,13.559
"Nolan Perry",43264,,sa3021476,"TOR AA",SP,$1.25,$1.00,$1,$2,$1.10,6.78
"Nasim Nunez",37304,25979,sa3010695,WSN,2B/SS,$1.25,$1.00,$1,$2,$1.20,6.78
"Hogan Harris",36808,21520,sa3009982,ATH,RP,$1.24,$1.00,$1,$4,$1.20,42.373
"Steven Okert",18421,13580,sa550187,HOU,RP,$1.24,$1.00,$1,$4,$1.30,35.593
"Dylan Dodd",40701,29928,sa3017684,ATL,RP,$1.22,$1.00,$1,$3,$1.40,15.254
"Anthony Molina",36603,26952,sa3009727,SFG,SP/RP,$1.20,$1.00,$1,$2,$1.20,16.949
"John Peck",44224,33500,sa3022896,DET,SS/3B,$1.20,$1.00,$1,$2,$1.11,8.475
"Ty Johnson",44568,33862,sa3023410,TBR,SP/RP,$1.20,$1.00,$1,$2,$1.10,8.475
"Ryne Stanek",18394,15947,sa548245,STL,RP,$1.20,$1.00,$1,$2,$1.10,8.475
"Blake Burke",45899,,sa3025381,"MIL AAA",1B,$1.20,$1.00,$1,$2,$1.20,8.475
"Jose Berrios",18201,14168,sa657852,TOR,SP,$1.20,$1.00,$1,$2,$2.40,8.475
"Michael Massey",37098,27684,sa1115910,KCR,2B/OF,$1.18,$1.00,$1,$2,$1.10,18.644
"Justin Sterner",38613,27694,sa3014864,ATH,RP,$1.17,$1.00,$1,$2,$1.30,10.169
"Taylor Clarke",22692,17611,sa874810,ARI,RP,$1.17,$1.00,$1,$2,$1.40,10.169
"Jackson Kent",46223,35462,sa3035282,WSN,SP,$1.17,$1.00,$1,$2,$1.30,10.169
"Randy Dobnak",27170,23798,sa3005287,KCR,SP/RP,$1.17,$1.00,$1,$2,$2.10,10.169
"Luis Mey",36900,25620,sa3010130,CIN,RP,$1.17,$1.00,$1,$2,$1.30,10.169
"Tyler Bell",49677,,sa3058609,,Util,$1.17,$1.00,$1,$2,$1.14,10.169
"Caleb Kilian",38006,26213,sa3011773,PHI,RP,$1.17,$1.00,$1,$2,$1.20,10.169
"Andrew Benintendi",18491,17901,sa738659,CHW,OF,$1.15,$1.00,$1,$3,$1.00,22.034
"Victor Vodnik",35817,24614,sa3008527,MIA,RP,$1.14,$1.00,$1,$2,$1.30,11.864
"Justin Verlander",15261,8700,sa277705,DET,SP,$1.14,$1.00,$1,$2,$1.40,11.864
"Owen Ayers",45944,,sa3025449,"CHC AAA",C,$1.14,$1.00,$1,$2,$1.22,11.864
"Tanner Houck",23811,19879,sa829037,BOS,SP,$1.13,$1.00,$1,$2,$1.30,13.559
"A.J. Puk",23660,19343,sa738675,ARI,RP,$1.10,$1.00,$1,$2,$1.20,50.847
"Jonathan India",33619,21523,sa3008178,KCR,2B/3B/OF,$1.09,$1.00,$1,$2,$1.50,18.644
"Bryan Hudson",22701,19924,sa874984,CHW,SP/RP,$1.08,$1.00,$1,$2,$1.10,20.339
"Andrew McCutchen",3435,9847,sa290131,"ATL CPX",OF,$1.00,$1.00,$1,$1,$1.00,1.695
"Logan Allen",38349,27589,sa3014444,"CLE AAA",SP/RP,$1.00,$1.00,$1,$1,$1.40,3.39
"Aaron Walton",47905,,sa3044756,"CLE AA",OF,$1.00,$1.00,$1,$1,$1.00,1.695
"Émilien Pitre",45905,,sa3025391,"NYM AAA",2B/SS,$1.00,$1.00,$1,$1,$1.00,1.695
"Logan Evans",44354,33699,sa3023077,SEA,SP,$1.00,$1.00,$1,$1,$1.80,1.695
"Cayden Wallace",42290,,sa3019996,"WSN AAA",2B/SS/3B,$1.00,$1.00,$1,$1,$1.00,1.695
"Luke Murphy",40686,29952,sa3017653,LAA,RP,$1.00,$1.00,$1,$1,$1.00,1.695
"Kyson Witherspoon",47918,,sa3045487,"BAL A+",SP,$1.00,$1.00,$1,$1,$1.75,1.695
"Robert Hassell III",38461,27482,sa3014701,"PIT AAA",OF,$1.00,$1.00,$1,$1,$1.50,1.695
"Jose Urquidy",23453,18413,sa879512,PHI,SP/RP,$1.00,$1.00,$1,$1,$1.50,1.695
"Brandon Clarke",46441,,sa3067144,"STL CPX",SP,$1.00,$1.00,$1,$1,$1.00,1.695
"David Festa",40772,30056,sa3017788,MIN,SP,$1.00,$1.00,$1,$1,$1.80,5.085
"Zack Littell",19437,15823,sa737929,FA,SP/RP,$1.00,$1.00,$1,$1,$1.40,1.695
"Antwone Kelly",39065,29000,sa3015489,PIT,SP/RP,$1.00,$1.00,$1,$1,$1.00,3.39
"Luis Gastelum",42887,33027,sa3020964,STL,RP,$1.00,$1.00,$1,$1,$1.17,1.695
"Seth Halvorsen",44029,33294,sa3022586,LAD,RP,$1.00,$1.00,$1,$1,$1.00,1.695
"Griff O'Ferrall",45919,,sa3025409,"BAL AA",2B/SS/3B,$1.00,$1.00,$1,$1,$1.00,1.695
"Ryan Watson",38741,27853,sa3015070,LAA,RP,$1.00,$1.00,$1,$1,$1.00,1.695
"Simeon Woods Richardson",35742,24494,sa3008423,"SEA AAA",SP/RP,$1.00,$1.00,$1,$1,$1.80,5.085
"Jose Franco",36000,27014,sa3008714,"CIN AAA",SP/RP,$1.00,$1.00,$1,$1,$1.00,1.695
"Tanner Gordon",37200,27669,sa3010570,COL,SP/RP,$1.00,$1.00,$1,$1,$1.00,1.695
"Brant Hurter",40931,30133,sa3018091,DET,RP,$1.00,$1.00,$1,$1,$1.50,1.695
"Bryan Torres",23541,21464,sa885119,STL,2B/OF,$1.00,$1.00,$1,$1,$1.50,1.695
"Yoan Moncada",18425,17232,sa864590,LAA,3B,$1.00,$1.00,$1,$1,$1.20,1.695
"Boston Smith",47862,,sa3042491,"SEA AA",C,$1.00,$1.00,$1,$1,$1.00,1.695
"Jhonkensy Noel",33905,24257,sa3005579,"BAL CPX",1B/OF,$1.00,$1.00,$1,$1,$2.30,1.695
"Yostin Pena",48580,,sa3076545,"NYY A",OF,$1.00,$1.00,$1,$1,$1.00,1.695
"Alexander Frias",47467,,sa3068835,"STL A",OF,$1.00,$1.00,$1,$1,$1.00,3.39
"Peyton Gray",35519,25310,sa3008046,TEX,RP,$1.00,$1.00,$1,$1,$1.00,1.695
"Tyler Hardman",40236,,sa3016955,"NYY AAA",1B/3B,$1.00,$1.00,$1,$1,$1.00,1.695
"Luke Adams",42362,,sa3020135,"MIL AAA",1B/3B,$1.00,$1.00,$1,$1,$1.10,8.475
"Tyson Hardin",46024,,sa3025574,"MIL AAA",SP,$1.00,$1.00,$1,$1,$1.80,3.39
"Jonathan Santucci",46280,,sa3041559,"NYM AAA",SP,$1.00,$1.00,$1,$1,$1.43,6.78
"Jesus Rodriguez",36199,26991,sa3008916,SFG,C/3B,$1.00,$1.00,$1,$1,$1.60,3.39
"Josiah Ragsdale",47825,,sa3040392,"STL AA",OF,$1.00,$1.00,$1,$1,$1.00,3.39
"Brooks Baldwin",42219,31394,sa3019918,CHW,2B/SS/3B/OF,$1.00,$1.00,$1,$1,$1.30,5.085
"Dax Kilby",48019,,sa3069080,"NYY A",SS,$1.00,$1.00,$1,$1,$1.17,1.695
"Jhonny Level",44929,,sa3023898,"SFG A+",SS,$1.00,$1.00,$1,$1,$1.00,1.695
"Hao-Yu  Lee",40817,30080,sa3017863,DET,2B/3B,$1.00,$1.00,$1,$1,$1.00,8.475
"Luis Garcia",27115,23735,sa3005197,NYY,SP/RP,$1.00,$1.00,$1,$1,$3.00,3.39
"Porter Hodge",37975,26413,sa3011729,CHC,RP,$1.00,$1.00,$1,$1,$1.70,1.695
"Geoff Hartlieb",31814,19558,sa876291,ATH,RP,$1.00,$1.00,$1,$1,$1.00,1.695
"Tommy White",45901,35107,sa3025383,ATH,1B/3B,$1.00,$1.00,$1,$1,$2.40,1.695
"Jake Bloss",44211,33168,sa3022878,TOR,SP/RP,$1.00,$1.00,$1,$1,$1.20,1.695
"Yunior Marte",41119,31097,sa3018367,SFG,SP/RP,$1.00,$1.00,$1,$1,$1.75,3.39
"Denzer Guzman",39283,28816,sa3015711,LAA,SS/3B,$1.00,$1.00,$1,$1,$2.20,8.475
"Brandon Valenzuela",34005,23813,sa3005729,TOR,C,$1.00,$1.00,$1,$1,$1.40,5.085
"Max Kepler",14131,12144,sa549507,FA,OF,$1.00,$1.00,$1,$1,$1.30,1.695
"Shotaro Morii",46092,,sa3067343,"ATH A",2B/SS/Util/SP,$1.00,$1.00,$1,$1,$1.00,1.695
"Victor Mederos",42372,31533,sa3020173,ATL,SP/RP,$1.00,$1.00,$1,$1,$1.00,1.695
"Marek Houston",47710,,sa3034152,"MIN AA",SS,$1.00,$1.00,$1,$1,$1.00,1.695
"Jonah Heim",19360,16930,sa737843,ATH,C/1B,$1.00,$1.00,$1,$1,$1.10,10.169
"Wyatt Olds",40617,29922,sa3017539,BOS,RP,$1.00,$1.00,$1,$1,$1.00,1.695
"Rintaro Sasaki",49724,,sa3060492,,Util,$1.00,$1.00,$1,$1,$1.50,1.695
"Danis Correa",25890,,sa3002980,"NYM AA",RP,$1.00,$1.00,$1,$1,$1.00,1.695
"Masataka Yoshida",42722,31837,,BOS,OF,$1.00,$1.00,$1,$1,$1.40,10.169
"Brady Smith",46454,,sa3067255,"DET A+",SP,$1.00,$1.00,$1,$1,$1.00,1.695
"Mason Fluharty",42445,31553,sa3020261,TOR,RP,$1.00,$1.00,$1,$1,$1.20,5.085
"Kruz Schoolcraft",48037,,sa3069203,"SDP A",SP,$1.00,$1.00,$1,$1,$1.00,1.695
"Leody Taveras",23690,18900,sa912520,BAL,OF,$1.00,$1.00,$1,$1,$1.50,1.695
"Manuel Rodriguez",20465,20794,sa827607,"TBR ST",RP,$1.00,$1.00,$1,$1,$1.10,1.695
"Adrian Del Castillo",40238,29554,sa3016957,"ARI AAA",C,$1.00,$1.00,$1,$1,$1.10,1.695
"Christopher Morel",26080,21897,sa3003171,NYM,1B/OF,$1.00,$1.00,$1,$1,$1.60,1.695
"Johnny King",46429,,sa3067123,"TOR AA",SP,$1.00,$1.00,$1,$1,$1.00,1.695
"Ryan Clifford",42354,,sa3020126,"NYM AAA",1B/OF,$1.00,$1.00,$1,$1,$1.90,1.695
"Javier Baez",18123,12979,sa597757,DET,2B/SS/3B/OF,$1.00,$1.00,$1,$1,$1.30,3.39
"Trevor Richards",23761,19309,sa922230,CHW,RP,$1.00,$1.00,$1,$1,$1.20,1.695
"Riley Cornelio",42815,31953,sa3020830,WSN,SP/RP,$1.00,$1.00,$1,$1,$1.00,1.695
"Andrew Heaney",18190,15423,sa502204,FA,SP,$1.00,$1.00,$1,$1,$1.90,1.695
"Cesar Perdomo",41773,30334,sa3019248,SFG,SP/RP,$1.00,$1.00,$1,$1,$1.00,5.085
"Jonny Deluca",37916,26365,sa3011644,TBR,OF,$1.00,$1.00,$1,$1,$1.40,3.39
"Edouard Julien",38350,27534,sa3014445,"COL AAA",1B/2B,$1.00,$1.00,$1,$1,$1.50,3.39
"Tanner Banks",21207,16990,sa829193,PHI,RP,$1.00,$1.00,$1,$1,$1.80,1.695
"Ryan Bergert",40554,29863,sa3017418,"KCR AAA",SP,$1.00,$1.00,$1,$1,$1.70,1.695
"Brandon Williamson",37811,25463,sa3011494,CIN,SP,$1.00,$1.00,$1,$1,$1.30,6.78
"BJ Murray",40457,29767,sa3017287,"CHC AAA",1B/3B,$1.00,$1.00,$1,$1,$1.00,1.695
"Tommy Nance",33232,19178,sa919392,MIN,RP,$1.00,$1.00,$1,$1,$1.50,1.695
"Carson Roccaforte",44185,,sa3022825,"KCR AAA",OF,$1.00,$1.00,$1,$1,$1.00,1.695
"Randal Grichuk",6320,10243,sa500734,CHW,OF,$1.00,$1.00,$1,$1,$1.00,5.085
"Eric Lauer",23696,19316,sa738156,LAD,SP/RP,$1.00,$1.00,$1,$1,$1.50,1.695
"Bo Naylor",33676,21865,sa3008247,MIL,C,$1.00,$1.00,$1,$1,$1.40,1.695
"Tyrone Taylor",18254,13675,sa657979,CHC,OF,$1.00,$1.00,$1,$1,$1.70,1.695
"Kaleb Wing",48151,,sa3069271,"CHC A",SP,$1.00,$1.00,$1,$1,$1.00,1.695
"Joel Kuhnel",32736,19995,sa918205,SFG,RP,$1.00,$1.00,$1,$1,$2.40,3.39
"Nolan Jones",23870,20529,sa917941,"SEA AAA",OF,$1.00,$1.00,$1,$1,$1.30,1.695
"Ethan Conrad",47546,,sa3029266,"CHC A+",OF,$1.00,$1.00,$1,$1,$1.20,5.085
"Miguel Amaya",32321,21693,sa917354,CHC,C,$1.00,$1.00,$1,$1,$1.20,5.085
"Austin Hedges",18207,12976,sa597799,CLE,C,$1.00,$1.00,$1,$1,$1.30,1.695
"Nathan Church",42145,31357,sa3019842,STL,OF,$1.00,$1.00,$1,$1,$1.20,5.085
"David Hamilton",38344,27531,sa3014434,MIL,2B/SS/3B,$1.00,$1.00,$1,$1,$1.20,3.39
"Gage Workman",38348,27573,sa3014441,"SDP AAA",SS/3B/OF,$1.00,$1.00,$1,$1,$1.70,1.695
"Michael Forret",44617,,sa3023479,"BAL AAA",SP,$1.00,$1.00,$1,$1,$1.00,5.085
"Jared Young",26976,20404,sa3004937,NYM,1B/OF,$1.00,$1.00,$1,$1,$1.10,6.78
"Brock Rodden",43934,33191,sa3022432,SEA,2B/SS/3B,$1.00,$1.00,$1,$1,$2.50,3.39
"Mitch Voit",47899,,sa3044552,"NYM AA",2B/SS,$1.00,$1.00,$1,$1,$1.00,1.695
"Jim Jarvis",44222,33492,sa3022891,"ATL AAA",SS,$1.00,$1.00,$1,$1,$1.00,1.695
"Huascar Brazoban",30367,6107,sa657849,CHW,SP/RP,$1.00,$1.00,$1,$1,$1.00,1.695
"Ryan McMahon",18328,15112,sa737539,NYY,3B,$1.00,$1.00,$1,$1,$1.90,3.39
"Dustin Harris",36991,25705,sa3010279,SDP,OF,$1.00,$1.00,$1,$1,$1.00,3.39
"Craig Kimbrel",5677,6655,sa454499,KCR,RP,$1.00,$1.00,$1,$1,$2.00,1.695
"Zion Rose",49607,,sa3041154,"KCR A+",Util,$1.00,$1.00,$1,$1,$1.00,5.085
"Luis De Leon",41808,30944,sa3019283,BAL,SP/RP,$1.00,$1.00,$1,$1,$1.00,1.695
"Owen Carey",46398,,sa3067044,"ATL AA",OF,$1.00,$1.00,$1,$1,$1.00,1.695
"Alek Thomas",33681,23792,sa3006892,"LAD AAA",OF,$1.00,$1.00,$1,$1,$1.00,3.39
"Tejay Antone",30764,16233,sa658534,CIN,RP,$1.00,$1.00,$1,$1,$1.50,1.695
"Miguel Ullola",39919,29036,sa3016504,HOU,SP/RP,$1.00,$1.00,$1,$1,$1.00,1.695
"Luis Perales",38443,28148,sa3014677,WSN,SP/RP,$1.00,$1.00,$1,$1,$1.80,1.695
"Ronny Simon",35709,25346,sa3008365,PIT,2B/OF,$1.00,$1.00,$1,$1,$1.00,1.695
"Joey Wiemer",38424,27690,sa3014531,"CHW AAA",OF,$1.00,$1.00,$1,$1,$2.00,3.39
"Erik Tolman",43443,32065,sa3021719,WSN,SP/RP,$1.00,$1.00,$1,$1,$1.00,1.695
"Ryan Vilade",26562,22165,sa3004256,TBR,1B/2B/OF,$1.00,$1.00,$1,$1,$1.10,8.475
"Christian Vazquez",5723,9774,sa455056,HOU,C,$1.00,$1.00,$1,$1,$1.60,3.39
"Aroon Escobar",41214,,sa3018463,"PHI AA",2B/3B,$1.00,$1.00,$1,$1,$1.00,1.695
"Braylon Doughty",46385,,sa3067030,"CLE AA",SP,$1.00,$1.00,$1,$1,$1.00,1.695
"Jedixson Paez",39785,29114,sa3016264,BOS,SP/RP,$1.00,$1.00,$1,$1,$1.00,3.39
"Devin Fitz-Gerald",46484,,sa3067320,"WSN AA",2B/SS,$1.00,$1.00,$1,$1,$1.11,1.695
"Jake Gelof",44043,,sa3022600,"LAD AA",1B/2B/3B,$1.00,$1.00,$1,$1,$1.00,1.695
"Sam Bachman",40438,29754,sa3017261,LAA,RP,$1.00,$1.00,$1,$1,$1.10,3.39
"Daniel Susac",42178,31441,sa3019997,SFG,C,$1.00,$1.00,$1,$1,$1.20,1.695
"Aaron Sabato",38393,27774,sa3014494,MIN,1B,$1.00,$1.00,$1,$1,$1.00,1.695
"Rece Hinds",37107,27493,sa1169587,BAL,OF,$1.00,$1.00,$1,$1,$1.30,1.695
"Cam Booser",20219,16061,sa754843,TBR,RP,$1.00,$1.00,$1,$1,$1.20,6.78
"Ben Williamson",43939,33197,sa3022437,TBR,2B/SS/3B/RP,$1.00,$1.00,$1,$1,$1.67,1.695
"Braylon Payne",46071,,sa3025647,"MIL AA",OF,$1.00,$1.00,$1,$1,$1.00,1.695
"Mitch Bratt",40722,30003,sa3017719,"ARI AAA",SP,$1.00,$1.00,$1,$1,$1.10,3.39
"Tyler Fitzgerald",37662,26208,sa3011257,"LAD AAA",2B,$1.00,$1.00,$1,$1,$2.10,1.695
"Tim Herrin",35051,25139,sa3007262,CLE,RP,$1.00,$1.00,$1,$1,$1.80,1.695
"Kody Huff",42278,,sa3019982,"CLE AAA",C/1B/3B,$1.00,$1.00,$1,$1,$1.00,1.695
"Colby Thomas",42746,31855,sa3020713,"PHI AAA",OF,$1.00,$1.00,$1,$1,$1.30,1.695
"Lake Bachar",32612,19222,sa917993,PIT,SP/RP,$1.00,$1.00,$1,$1,$1.13,3.39
"John King",35862,22051,sa3008587,"TEX AAA",RP,$1.00,$1.00,$1,$1,$1.00,3.39
"Jonathon Long",44199,,sa3022864,"MIA AAA",1B/OF,$1.00,$1.00,$1,$1,$1.60,1.695
"Luis Medina",33485,21649,sa928510,ATH,RP,$1.00,$1.00,$1,$1,$1.50,3.39
"Xavier Neyens",48132,,sa3069252,"HOU A+",3B,$1.00,$1.00,$1,$1,$1.00,1.695
"Ben Ross",42514,31710,sa3020353,MIN,SS/3B/OF,$1.00,$1.00,$1,$1,$1.00,1.695
"Kyle Hart",32852,19646,sa918414,SDP,SP/RP,$1.00,$1.00,$1,$1,$1.10,1.695
"Miguel Sime Jr.",48149,,sa3069269,"WSN A+",SP,$1.00,$1.00,$1,$1,$1.00,1.695
"Max Anderson",44020,,sa3022567,"DET AAA",2B/3B,$1.00,$1.00,$1,$1,$1.50,3.39
"Julio Urias",18240,14765,sa736324,LAD,RP,$1.00,$1.00,$1,$1,$1.10,1.695
"Kody Funderburk",35320,24993,sa3007780,MIN,RP,$1.00,$1.00,$1,$1,$1.10,1.695
"Manuel Pena",39287,,sa3015715,"ARI AAA",1B/OF,$1.00,$1.00,$1,$1,$1.00,3.39
"Cade Povich",40771,30055,sa3017787,BAL,SP,$1.00,$1.00,$1,$1,$1.60,1.695
"Brett Callahan",44252,33514,sa3022927,DET,OF,$1.00,$1.00,$1,$1,$1.00,1.695
"Yuki Matsui",44528,33826,sa3023348,SDP,RP,$1.00,$1.00,$1,$1,$1.50,3.39
"Nestor German",44641,,sa3023517,"BAL AAA",SP,$1.00,$1.00,$1,$1,$1.00,3.39
"Matt Svanson",40308,29629,sa3017070,"STL AAA",RP,$1.00,$1.00,$1,$1,$1.30,3.39
"Juneiker Caceres",45246,,sa3024329,"CLE A+",OF,$1.00,$1.00,$1,$1,$1.00,3.39
"Charles McAdoo",44183,33323,sa3022823,TOR,1B/2B/3B,$1.00,$1.00,$1,$1,$1.33,1.695
"Patrick Corbin",8520,9323,sa500846,TOR,SP,$1.00,$1.00,$1,$1,$1.40,1.695
"Jared Triolo",36984,25807,sa3010272,PIT,1B/2B/SS/3B,$1.00,$1.00,$1,$1,$1.20,1.695
"Nick Loftin",38408,27630,sa3014511,KCR,2B/3B/OF,$1.00,$1.00,$1,$1,$1.10,8.475
"Scott Alexander",14022,10591,sa526516,"KCR AAA",RP,$1.00,$1.00,$1,$1,$1.40,1.695
"Parks Harber",45848,,sa3025308,"SFG AAA",3B/OF,$1.00,$1.00,$1,$1,$1.00,1.695
"Rich Hill",5594,4806,sa202788,FA,SP/RP,$1.00,$1.00,$1,$1,$1.40,1.695
"Brock Burke",20985,17968,sa828798,CIN,RP,$1.00,$1.00,$1,$1,$1.20,3.39
"Chris Hacopian",49464,,sa3032936,"WSN A+",Util,$1.00,$1.00,$1,$1,$1.00,1.695
"Nick Fortes",34653,21538,sa3006714,TBR,C,$1.00,$1.00,$1,$1,$1.00,5.085
"Eliazar Dishmey",41720,,sa3019181,"MIA AA",SP,$1.00,$1.00,$1,$1,$1.00,1.695
"John Taylor",47454,,sa3068818,"TEX AAA",1B/2B/SS/3B,$1.00,$1.00,$1,$1,$1.00,1.695
"Cole Henry",38351,27570,sa3014446,"WSN CPX",RP,$1.00,$1.00,$1,$1,$1.00,1.695
"Andrew Sears",44398,33664,sa3023133,DET,SP/RP,$1.00,$1.00,$1,$1,$1.20,1.695
"Wandy Peralta",13361,14295,sa549195,SDP,SP/RP,$1.00,$1.00,$1,$1,$1.30,1.695
"Jackson Wolf",40525,29832,sa3017384,"DET AAA",SP/RP,$1.00,$1.00,$1,$1,$1.00,1.695
"Cade Marlowe",36770,25505,sa1170288,"LAA AAA",OF,$1.00,$1.00,$1,$1,$1.90,1.695
"Gus Varland",33668,24737,sa3007779,WSN,RP,$1.00,$1.00,$1,$1,$1.60,1.695
"Brendon Little",31812,21574,sa876266,TOR,RP,$1.00,$1.00,$1,$1,$2.00,1.695
"Denzel Clarke",40562,29858,sa3017426,ATH,OF,$1.00,$1.00,$1,$1,$1.60,1.695
"Brendan Beck",42730,33043,sa3020680,NYY,SP/RP,$1.00,$1.00,$1,$1,$1.00,1.695
"Joel Peguero",32455,21951,sa917689,SFG,RP,$1.00,$1.00,$1,$1,$1.25,1.695
"Robert Stephenson",18135,13594,sa597792,LAA,RP,$1.00,$1.00,$1,$1,$1.20,8.475
"Romy Gonzalez",34602,21562,sa3006652,"BOS AAA",1B/2B,$1.00,$1.00,$1,$1,$1.80,1.695
