playerid,birthDate
10028,1991-09-02
10058,1990-10-19
10061,1988-06-29
10078,1987-01-31
10123,1987-10-23
10155,1991-08-07
10197,1990-10-10
10200,1991-01-07
10231,1990-01-05
10233,1988-02-28
10243,1991-08-13
10310,1990-05-30
10314,1990-05-02
10315,1989-11-19
10323,1991-05-15
10324,1990-11-12
10441,1991-09-18
10472,1991-08-24
10591,1989-07-10
10603,1989-03-30
10655,1989-07-14
10681,1991-10-11
10815,1993-02-20
10855,1990-07-12
10950,1988-09-04
10954,1988-06-19
11038,1990-04-22
11121,1987-10-28
11156,1988-10-14
11176,1989-05-11
11189,1992-06-07
11281,1989-01-24
11368,1988-11-08
11384,1989-08-07
11423,1989-01-24
11426,1988-11-22
11442,1992-12-02
11445,1989-02-15
11477,1991-12-05
11486,1991-10-01
11487,1991-11-14
11489,1991-03-26
11493,1992-07-06
11579,1992-10-16
11589,1991-09-12
11609,1992-05-13
11615,1992-08-21
11674,1991-11-18
11680,1990-11-17
11691,1991-01-09
11737,1992-03-04
11739,1991-03-18
11752,1991-08-24
11760,1989-06-13
11804,1989-06-14
11828,1988-11-06
11836,1992-08-13
11847,1986-06-02
11861,1991-08-04
11899,1992-04-21
12005,1990-06-27
12022,1989-08-28
12037,1990-01-22
12049,1989-12-07
12056,1989-10-31
12092,1992-02-28
12095,1990-08-18
12144,1993-02-10
12147,1990-03-15
12155,1991-09-28
12158,1989-12-28
12160,1992-05-17
12161,1992-10-01
12164,1993-05-11
12180,1993-06-11
12272,1990-04-27
12304,1989-02-22
12317,1990-07-01
12323,1990-04-14
12325,1990-05-09
12434,1989-01-04
12447,1989-11-17
1247,1985-11-22
12510,1988-11-09
12533,1990-09-17
12552,1991-07-18
12564,1992-11-15
12572,1988-06-30
12575,1989-08-01
12718,1993-02-02
12730,1990-08-05
12760,1990-10-17
12763,1990-11-13
12768,1989-11-07
12777,1990-05-30
12784,1990-04-12
12791,1992-09-06
12808,1990-12-21
12828,1990-03-17
12856,1989-09-19
12857,1990-09-11
12859,1990-06-13
12861,1990-06-06
12863,1990-06-17
12880,1989-12-30
12916,1993-11-14
12927,1993-03-27
12970,1992-12-04
12972,1993-05-21
12976,1992-08-18
12979,1992-12-01
12988,1990-06-17
12997,1992-10-29
13050,1990-04-18
13066,1992-10-15
13074,1986-08-16
13125,1990-09-08
13133,1990-09-14
13145,1992-08-14
13152,1993-07-05
13164,1993-04-07
13185,1994-08-04
13190,1992-11-07
13218,1993-03-15
13273,1989-11-23
13276,1991-07-23
13287,1989-07-30
13293,1989-10-26
13301,1990-08-25
13324,1991-07-16
13338,1992-02-10
13346,1991-01-13
13355,1991-02-06
13361,1991-05-29
13394,1990-12-27
13419,1991-03-28
13420,1990-11-02
13431,1991-05-01
13435,1991-05-10
13449,1990-12-17
13470,1994-05-10
13499,1991-04-03
13510,1992-09-17
13528,1991-05-31
13543,1992-12-04
13580,1991-07-09
13590,1993-08-17
13594,1993-02-24
13602,1991-08-27
13607,1991-09-03
13611,1992-10-07
13613,1993-10-12
13619,1992-09-16
13620,1994-07-14
13621,1993-11-24
13624,1994-04-27
13649,1993-03-27
13652,1992-06-01
13663,1992-12-16
13675,1994-01-22
13723,1989-12-22
13743,1994-01-18
13744,1994-04-01
13755,1994-04-12
13757,1990-08-29
13758,1990-12-27
13761,1990-08-22
13763,1991-10-26
13767,1990-12-03
13768,1991-06-15
13770,1991-03-26
13774,1994-04-08
13781,1991-01-12
13799,1991-11-12
13801,1991-05-05
13836,1991-01-15
13853,1990-04-26
13892,1990-05-26
13896,1994-07-01
13897,1991-06-19
13932,1991-05-16
13942,1989-08-29
14078,1991-07-01
14107,1991-01-06
14111,1992-12-18
14120,1993-10-02
14128,1993-11-19
14130,1992-12-17
14161,1993-12-18
14162,1994-09-22
14168,1994-05-27
14196,1994-07-14
14212,1994-04-07
14221,1992-02-25
14274,1990-12-23
14295,1991-07-27
14309,1993-03-21
14332,1994-04-07
14344,1994-03-29
14361,1990-10-20
14366,1992-05-06
14374,1993-08-23
14375,1992-05-03
14387,1994-09-06
14412,1991-05-21
14416,1995-02-02
14420,1994-05-11
14477,1992-12-04
14510,1993-01-07
14524,1993-12-19
14527,1993-02-10
14542,1992-12-28
14551,1994-10-19
14552,1994-10-21
14593,1993-04-07
14706,1993-08-10
14710,1994-03-22
14712,1994-09-28
14739,1993-12-04
14764,1992-09-06
14771,1991-05-07
14813,1990-08-17
14814,1991-02-20
14843,1992-01-04
14854,1990-08-23
14857,1991-03-01
14874,1992-01-03
14894,1991-10-31
14916,1991-11-05
14932,1992-03-05
14942,1991-11-09
14968,1993-08-17
14975,1992-09-10
14986,1991-08-14
14993,1992-12-18
15007,1993-06-27
15009,1991-09-04
15038,1995-02-22
15042,1992-01-15
15043,1991-10-01
15047,1992-06-26
15055,1995-01-17
15068,1994-06-04
15094,1992-03-26
15100,1991-08-05
15112,1994-12-14
15130,1994-03-22
15145,1991-03-07
15149,1992-03-18
15161,1991-01-15
15172,1993-06-23
15194,1995-10-06
15223,1991-12-14
15239,1990-08-22
15256,1990-03-12
15271,1990-12-10
15274,1990-12-03
15279,1990-12-25
15288,1990-08-15
15290,1989-08-31
15362,1992-04-08
15369,1991-04-03
15423,1991-06-05
15429,1992-01-04
15440,1991-02-02
15454,1993-02-14
15463,1992-08-07
15464,1992-01-28
15467,1992-02-16
15474,1994-07-14
15488,1995-01-21
15491,1995-01-11
15504,1995-06-18
15507,1994-12-09
15514,1990-12-21
15518,1995-11-20
15541,1990-12-17
15551,1991-03-13
15552,1991-05-24
15585,1992-07-04
15640,1992-04-26
15653,1995-06-15
15654,1994-08-23
15674,1995-03-02
15676,1987-01-29
15679,1995-03-16
15684,1994-12-24
15689,1992-12-12
15711,1995-06-22
15730,1994-11-23
15734,1995-07-27
15761,1995-01-17
15816,1994-09-21
15823,1995-10-05
15849,1992-06-04
15855,1991-09-15
15873,1992-02-01
15878,1995-03-02
15890,1994-02-20
15905,1996-05-02
15937,1990-08-01
15941,1989-12-28
15947,1991-07-26
15968,1990-12-27
15986,1995-09-02
15998,1995-07-13
16061,1992-05-04
16074,1993-01-19
16094,1993-10-23
16122,1993-04-21
16128,1993-04-05
16135,1992-12-13
16137,1992-12-10
16149,1993-06-04
16153,1992-12-13
16162,1993-02-10
16201,1992-09-28
16207,1992-09-18
16219,1993-04-27
16233,1993-12-05
16252,1993-06-30
16256,1993-05-14
16258,1993-09-21
16269,1993-04-24
16300,1995-04-30
16306,1993-05-13
16318,1994-01-20
16337,1995-10-24
16350,1994-03-31
16357,1993-09-05
16358,1994-09-29
16376,1993-03-01
16398,1994-12-29
16400,1994-01-04
16401,1993-12-26
16408,1995-11-16
16417,1996-07-10
16426,1996-02-22
16427,1996-04-10
16432,1995-07-27
16442,1993-07-26
16451,1994-09-27
16466,1995-03-31
16472,1993-03-17
16478,1993-03-05
16496,1995-11-20
16502,1991-12-31
16505,1993-04-28
16507,1992-09-08
16511,1992-12-27
16512,1995-03-23
16530,1994-07-19
16535,1995-04-15
16556,1997-01-07
16561,1993-11-23
16572,1992-08-16
16578,1991-08-08
16587,1993-09-04
16609,1997-04-22
16610,1993-02-07
16622,1997-06-03
16623,1993-03-15
16631,1992-02-16
16647,1992-06-26
16686,1993-09-06
16703,1991-10-14
16725,1992-11-28
16727,1991-10-03
16754,1990-11-11
16814,1990-02-10
16835,1992-01-15
16866,1993-01-02
16918,1993-08-21
16925,1993-01-12
16929,1996-06-20
16930,1995-06-27
16933,1995-05-03
16939,1995-08-23
16942,1995-09-22
16943,1993-06-12
16944,1996-03-22
16947,1995-12-30
16953,1995-03-21
16959,1990-01-30
16977,1992-04-25
16981,1993-05-23
16990,1991-10-24
16997,1996-12-13
17022,1996-03-06
17027,1996-05-15
17034,1995-08-30
17040,1997-02-24
17085,1996-03-07
17117,1993-02-03
17128,1994-07-15
17130,1990-01-04
17149,1992-08-04
17161,1991-11-04
17169,1996-01-10
17170,1995-04-12
17186,1992-07-18
17192,1993-07-10
17232,1995-05-27
17273,1995-06-23
17276,1995-12-25
17277,1995-08-26
17281,1994-04-28
17282,1996-04-30
17295,1993-11-19
17304,1994-07-15
17312,1995-07-11
17326,1996-07-03
17338,1997-04-24
17350,1996-10-24
17381,1993-02-11
17425,1993-02-25
17432,1993-01-08
17452,1995-07-22
17464,1996-07-06
17479,1995-10-15
17480,1996-12-04
17484,1996-11-27
17490,1996-10-10
17496,1994-01-18
17536,1994-05-28
17548,1993-12-14
17556,1993-09-09
17578,1993-11-17
17586,1994-07-22
17594,1996-04-04
17606,1997-03-26
17610,1992-12-25
17611,1993-05-13
17620,1994-10-17
17639,1994-11-25
17677,1992-09-20
17678,1994-03-30
17684,1993-09-25
17696,1993-08-04
17701,1994-06-28
17722,1993-12-05
17732,1994-12-25
17734,1994-09-11
17735,1994-07-14
17755,1993-09-24
17759,1994-05-07
17766,1993-11-30
17780,1995-05-21
17793,1994-04-15
17796,1994-05-01
17837,1996-01-03
17838,1994-11-04
17859,1995-03-01
17871,1993-11-19
17874,1994-12-10
17878,1996-04-12
17888,1993-06-18
17893,1997-05-29
17897,1994-04-23
17901,1994-07-06
17907,1996-08-09
17919,1994-08-12
17920,1994-04-25
17929,1994-10-01
17948,1993-09-30
17952,1994-04-19
17954,1994-02-21
17964,1993-12-22
17968,1996-08-04
17969,1997-04-18
17975,1994-04-29
17982,1994-07-13
17988,1996-08-16
17992,1994-05-31
17995,1996-11-18
17998,1993-12-16
18000,1997-08-02
18015,1993-08-02
18030,1994-06-03
18036,1994-01-21
18042,1992-08-02
18054,1994-05-26
18064,1993-03-25
18067,1993-05-26
18123,1994-07-12
18126,1994-01-01
18138,1994-07-18
18152,1994-11-01
18171,1992-07-13
18217,1994-02-22
18289,1993-05-19
18297,1991-01-31
18311,1993-12-13
18314,1994-02-11
18316,1994-04-21
18318,1993-11-05
18323,1993-12-17
18333,1993-09-09
18335,1993-12-21
18337,1990-07-05
18341,1995-12-05
18345,1997-01-17
18347,1994-06-03
18353,1997-01-15
18360,1997-04-02
18363,1997-05-19
18373,1997-02-18
18383,1997-08-04
18384,1993-12-28
18395,1996-08-03
18400,1998-02-19
18401,1997-12-18
18403,1995-12-25
18413,1995-05-01
18433,1993-05-10
18439,1994-05-27
18498,1988-04-11
18510,1994-07-10
18519,1995-07-10
18525,1995-12-28
18548,1996-07-18
18551,1997-01-20
18554,1996-12-10
18555,1997-05-23
18564,1996-11-01
18568,1997-04-09
18577,1997-01-28
18582,1996-01-31
18607,1993-07-30
18655,1993-09-02
18674,1996-10-28
18679,1996-06-04
18684,1995-09-07
18694,1997-08-13
18769,1994-07-30
18795,1994-06-03
18815,1994-11-28
18819,1993-04-03
18821,1996-05-11
18839,1997-06-22
18848,1997-06-14
18864,1997-01-14
18872,1997-08-04
18882,1994-07-06
18887,1993-08-28
18889,1993-09-28
1890,1989-06-18
18900,1998-09-08
19151,1997-11-25
19178,1991-03-19
19179,1994-10-07
19197,1995-03-28
19198,1984-06-09
19200,1995-11-09
19205,1994-04-06
19206,1994-09-15
19222,1995-06-03
19225,1994-12-28
19238,1993-10-10
19244,1994-01-31
19249,1994-11-25
19251,1994-12-07
19252,1995-04-11
19260,1995-05-25
19261,1995-06-16
19262,1994-10-10
19264,1994-09-29
19273,1995-11-22
19274,1993-08-15
19278,1995-09-18
19281,1994-12-30
19287,1993-03-02
19290,1995-02-28
19291,1995-08-03
19292,1994-07-14
19293,1995-06-29
19294,1995-01-11
19296,1994-09-27
19309,1993-05-15
19312,1995-02-10
19314,1994-05-25
19315,1994-10-21
19316,1995-06-03
19318,1995-05-06
19320,1993-06-06
19326,1995-01-27
19330,1993-03-11
19337,1995-07-07
19339,1995-03-13
19343,1995-04-25
19345,1995-08-02
19346,1994-06-26
19349,1996-07-02
19350,1996-01-07
19352,1994-10-04
19354,1994-09-19
19358,1994-09-11
19360,1995-05-01
19361,1994-10-22
19362,1995-04-01
19363,1995-07-05
19374,1994-07-28
19384,1995-07-03
19388,1994-05-14
19392,1995-04-29
19403,1994-01-17
19407,1993-08-31
19409,1994-12-20
19422,1995-05-05
19427,1995-05-31
19444,1995-05-06
19447,1996-10-18
19452,1995-04-18
19453,1994-10-29
19454,1994-04-27
19455,1997-05-30
19458,1994-11-28
19459,1995-07-28
19470,1995-05-09
19479,1995-06-12
19481,1993-10-05
19514,1995-02-03
19522,1995-08-14
19524,1997-08-21
19531,1995-11-01
19556,1997-06-27
19558,1993-12-09
19562,1995-05-29
19566,1995-07-07
19569,1994-10-10
19574,1996-09-09
19586,1997-09-15
19588,1998-10-10
19599,1995-04-19
19600,1996-12-16
19608,1998-10-01
19610,1998-07-20
19611,1999-03-16
19612,1998-03-05
19614,1996-04-21
19618,1996-09-06
19627,1994-11-01
19643,1995-07-11
19646,1992-11-23
19647,1995-01-27
19666,1993-03-01
19677,1995-02-11
19680,1998-07-29
19695,1996-01-24
19698,1996-03-06
19709,1999-01-02
19716,1997-09-06
19722,1998-11-26
19734,1994-06-30
19736,1993-10-01
19742,1995-02-03
19753,1994-11-02
19754,1996-04-15
19755,1994-07-05
19769,1995-06-06
19779,1993-04-26
19784,1994-03-20
19788,1994-02-21
19795,1995-03-13
19802,1996-04-18
19804,1994-12-02
19806,1995-03-07
19813,1996-06-03
19818,1995-07-30
19824,1994-12-14
19835,1995-08-19
19844,1996-12-20
19853,1995-05-25
19858,1997-02-26
19859,1996-11-02
19864,1996-06-26
19865,1995-10-01
19866,1996-04-02
19867,1996-05-11
19871,1996-03-25
19874,1995-11-12
19876,1994-03-24
19877,1996-03-22
19879,1996-06-29
19883,1995-10-02
19884,1995-12-28
19890,1996-06-29
19891,1995-05-11
19892,1996-02-06
19896,1996-05-19
19899,1996-02-20
19901,1996-04-23
19906,1997-10-28
19910,1998-03-06
19911,1998-01-03
19913,1997-10-07
19918,1996-07-02
19921,1996-09-10
19924,1997-05-08
19926,1997-04-15
19928,1997-02-14
19931,1996-08-09
19948,1998-11-19
19950,1998-09-04
19951,1998-05-02
19953,1998-02-02
19955,1997-11-23
19956,1998-05-13
19958,1997-09-03
19959,1997-09-30
19960,1997-09-13
19962,1997-10-06
19964,1999-08-25
19966,1995-06-29
19968,1995-11-27
19976,1995-07-29
19979,1995-01-21
19983,1997-05-19
19990,1997-12-20
19995,1995-02-19
19996,1994-08-01
19997,1994-11-13
20000,1994-08-26
20002,1995-10-27
20003,1996-08-02
20009,1995-07-09
20010,1995-01-25
20017,1995-10-31
20018,1995-02-12
20020,1994-03-05
20023,1994-01-10
20036,1999-02-18
20038,1996-03-18
20039,1999-02-27
20043,1997-08-03
20045,1995-12-29
20054,1996-02-29
20056,1996-05-30
20061,1992-02-05
20070,1997-04-24
20084,1995-04-24
20099,1996-01-08
20116,1995-09-22
20123,1998-10-25
20126,1998-10-23
20132,1994-10-17
20151,1995-09-22
20153,1995-12-05
20157,1995-06-22
20160,1996-08-20
20167,1997-10-07
20178,1999-11-17
20185,1996-09-20
20191,1996-06-11
20198,1994-10-21
20202,1997-12-18
20203,1996-05-13
20206,1995-09-10
20220,1999-04-08
20231,1996-04-23
20242,1996-07-04
20253,1994-11-22
20257,1995-11-05
20271,1996-09-15
20276,1999-05-19
20287,1997-09-25
20298,1996-09-13
20302,1995-09-03
20308,1996-06-18
20311,1996-02-27
20321,1996-03-17
20333,1995-12-12
20348,1995-02-06
20349,1995-03-03
20352,1996-03-22
20353,1994-08-24
2036,1988-03-19
20367,1998-08-26
20369,1998-01-28
20370,1995-02-09
20373,1999-01-16
20375,1995-02-04
20379,1995-06-16
20385,1995-07-14
20387,1995-03-21
20391,2000-05-16
20404,1995-07-09
20408,1997-06-26
20418,1996-05-18
20422,1997-04-24
20423,1995-11-26
20437,1999-06-05
20447,1995-09-28
20450,1996-02-09
20454,1998-02-01
20462,1995-04-27
20491,1996-10-11
20492,1997-05-01
20503,1997-12-24
20505,1998-12-30
20515,1996-07-08
20517,1997-01-10
20521,1997-03-05
20529,1998-05-07
20531,1996-04-01
20536,1998-02-09
20538,1998-06-29
20539,1998-01-09
20540,1999-12-07
20543,1998-08-17
20546,1997-06-21
20548,1996-04-22
20557,1996-07-17
20572,1996-05-15
20599,2000-06-01
20626,1995-07-12
20629,1997-10-27
20633,1991-06-17
20638,1995-03-10
20666,1995-06-20
20778,1996-12-12
20794,1996-08-06
20827,1994-05-16
20958,1998-02-19
20962,1998-03-31
20970,1998-01-10
20997,1995-09-01
21009,1997-10-10
21029,1998-01-08
21032,1998-03-18
21045,1994-08-29
21052,1998-06-03
21078,1997-05-03
21093,1995-10-10
21101,1996-04-15
21131,1997-02-22
21132,1996-09-28
21170,1993-12-23
21183,1998-04-03
21189,1994-02-03
21205,1995-01-29
21212,1995-04-04
21224,1995-07-12
21229,1994-08-30
21238,1995-08-10
21241,1995-10-16
21267,1995-12-04
21270,1996-05-16
21290,1996-03-05
21306,1996-04-08
21310,1995-08-14
21318,1995-07-28
21324,1995-11-22
21345,1995-04-06
2136,1987-08-14
21367,1994-10-24
21390,1996-06-05
21420,1997-12-12
21446,1996-09-02
21448,1997-01-04
21453,1997-09-12
21454,1997-09-08
21455,1997-08-19
21461,1997-07-17
21464,1997-07-02
21479,1997-05-13
21481,1997-05-07
21483,1997-04-28
21487,1997-04-18
21489,1997-04-03
21496,1997-03-14
21497,1997-03-10
21501,1997-02-26
21504,1997-02-18
21520,1996-12-26
21523,1996-12-15
21524,1996-12-15
21527,1996-12-11
21534,1996-11-26
21535,1996-11-20
21537,1996-11-17
21538,1996-11-11
21544,1996-10-24
21546,1996-10-07
21547,1996-10-07
21549,1996-10-04
21558,1996-09-16
21562,1996-09-06
21573,1996-08-18
21574,1996-08-11
21584,1996-06-24
21587,1996-03-15
21614,1997-03-03
21618,1996-08-03
21620,1994-07-14
21622,1997-07-30
21623,1996-12-12
21626,1997-07-11
21635,1997-02-18
21636,1997-09-22
21646,1999-02-25
21649,1999-05-03
21652,1997-03-20
21656,1999-02-07
21662,1999-02-23
21682,1998-06-09
21690,1998-04-13
21693,1999-03-09
21707,1999-03-01
21711,1998-10-04
21716,1998-12-28
21730,1999-07-01
21735,1998-11-16
21741,1997-07-30
21746,1999-03-29
21761,1996-06-14
21780,1999-02-15
21797,1999-05-04
21837,1998-05-23
21840,1995-05-16
21842,1997-06-30
21844,1997-08-05
21846,1997-12-12
21850,1998-02-20
21853,1998-06-16
21858,1997-11-06
21859,1998-03-04
21863,1999-03-24
21865,2000-02-21
21871,1997-10-22
21894,1999-08-28
21897,1999-06-24
21922,1999-08-14
21924,1999-03-19
21951,1997-05-05
21955,1997-10-15
21992,1997-07-04
21997,1998-05-23
22045,1997-02-05
22051,1994-09-14
22054,1996-03-08
22092,1996-12-27
22100,1998-10-20
22113,1999-11-25
22165,1999-02-18
22168,1998-08-16
22175,1997-07-21
22176,1997-12-26
22182,1999-08-06
22184,1999-12-11
22186,1999-11-21
22187,1996-03-28
22191,1998-08-05
22192,1998-09-15
22197,1998-11-29
22200,1997-07-11
22201,1999-02-24
22207,1998-09-19
22209,1998-01-14
22210,1998-11-01
22217,1998-09-29
22224,1997-01-27
22232,1995-03-31
22239,2000-03-26
22244,1998-07-29
22250,1997-05-05
22253,1998-04-19
22261,1998-06-09
22263,2000-05-10
22264,1999-06-17
22266,1999-08-09
22267,1996-11-20
22272,2000-04-04
22273,1999-08-09
22274,1998-07-11
22275,1996-04-10
22276,1996-09-16
22277,1998-10-08
22284,1999-01-21
22286,1997-11-13
22288,1999-11-01
22294,1999-11-06
22304,1998-05-29
22318,1997-12-31
22361,1995-10-08
22362,1995-05-13
22370,1998-11-29
22387,1998-06-28
22411,1996-09-12
22458,1996-07-10
22461,1997-04-17
22471,2000-06-22
22487,1998-03-02
22505,1998-10-05
22514,2000-01-15
22515,1999-09-07
22530,1999-11-04
22532,1999-05-21
22533,1997-07-03
22541,2000-11-13
22542,2000-07-10
22543,2001-03-20
22557,1999-07-16
22558,1999-07-16
22563,2000-02-27
22566,2000-03-11
22581,1998-11-06
22622,1999-08-23
22630,2000-07-06
22664,2000-02-14
22690,2000-03-14
22707,1997-09-20
22713,1997-03-11
22715,2000-03-03
22717,1999-09-27
22741,1999-09-23
22754,1998-09-13
22766,1999-06-05
22799,1999-10-22
22810,1999-11-07
22823,2000-06-15
22842,2000-05-07
22857,1999-10-30
22872,1999-10-15
22896,2000-01-25
22915,1999-10-13
22925,1998-08-12
22932,2000-04-18
23003,1998-09-21
23055,1996-06-05
23091,1998-11-26
23135,1998-05-05
23150,1995-10-18
23162,1999-06-07
23165,1999-06-15
23209,1998-11-10
23221,1996-12-18
23223,1999-04-15
23237,2000-07-04
23250,1996-10-01
23252,1996-07-28
23265,1998-06-19
23293,1996-07-03
23296,1998-09-03
23301,1996-01-15
23307,1995-10-10
23312,1996-03-30
23313,1998-03-19
23324,1998-11-24
23335,1999-12-18
23359,1998-12-26
23363,1996-06-14
23372,1997-06-05
23378,1998-04-05
23381,1997-08-09
23391,1998-10-13
23394,1996-07-25
23395,1997-08-14
23401,1996-08-30
23426,1999-06-03
23429,1996-02-19
23442,1999-10-10
23443,1996-06-14
23455,1996-11-17
23460,1995-12-01
23479,1996-12-09
23488,1995-07-01
23499,1998-02-20
23550,1998-05-24
23557,1996-10-08
23563,1995-04-19
23565,1999-01-26
23590,1999-09-09
23592,1997-11-04
23617,1994-12-01
23631,1997-01-04
23690,2001-01-13
23691,2001-03-20
23695,2001-04-10
23697,2000-12-29
23698,2001-04-04
23733,1999-05-22
23735,1996-12-13
23772,1999-06-24
23779,1997-06-26
23782,2001-05-17
23788,1999-10-18
23789,1999-06-11
23790,1999-11-18
23792,2000-04-28
23793,1999-10-05
23796,1999-12-17
23798,1995-01-17
23800,1999-11-02
23802,1999-06-20
23809,1994-09-10
23811,2000-12-12
23813,2000-10-02
23818,1999-07-26
23875,1999-01-26
23899,2000-01-04
23917,2001-03-09
23920,1999-05-17
2396,1986-04-08
23968,2001-02-17
23974,1999-09-05
23985,2000-09-13
23986,2000-10-26
23988,2000-10-31
23989,2001-07-04
24017,2000-03-03
24064,2001-08-01
24094,2000-06-20
24151,2000-11-10
24203,2001-01-06
24248,2001-06-25
24257,2001-07-15
24262,2000-09-18
24273,2000-12-31
24282,1998-12-01
24336,2000-08-14
24400,1997-05-12
24451,1996-03-21
24452,2001-08-21
24453,2001-07-30
24458,2001-07-30
24488,1997-06-11
24492,1999-11-16
24493,2000-08-25
24494,2000-09-27
24496,1997-05-13
24574,2000-01-25
24580,1997-12-21
24581,2000-01-18
24586,1996-09-12
24589,1997-05-16
24590,1997-01-28
24591,1997-05-03
24597,2000-05-26
24598,1999-11-12
24602,1999-12-15
24604,1997-03-28
24605,1996-05-23
24606,1996-10-11
24607,1996-12-01
24609,2000-07-26
24610,1997-09-05
24614,1999-10-09
24617,1996-09-05
24618,1997-06-03
24621,1996-12-10
24622,1994-06-17
24641,1996-10-28
24655,1996-11-15
24679,1997-01-16
24698,1995-11-15
24703,1995-12-27
24710,2000-10-21
24719,1998-11-03
24728,1999-11-08
24729,2000-02-09
24737,1996-11-06
24759,1995-10-11
24763,1997-06-04
24770,1997-05-14
24782,1997-01-27
24816,2000-12-08
24862,1998-06-11
24878,1999-12-16
24914,1999-04-24
24930,1997-07-04
24933,1995-10-13
24934,1995-11-20
24937,1996-02-05
24968,1999-07-31
24975,1996-07-24
24977,1995-09-06
24978,1997-10-31
24986,1997-10-24
24993,1996-11-27
24995,1997-04-23
25005,1996-12-06
25007,1996-04-11
25040,1996-07-07
25055,1996-12-22
25098,1998-03-11
25111,1996-03-28
25138,1995-09-24
25139,1996-10-08
25158,1999-02-11
25174,1994-05-02
25178,1995-03-11
25180,1997-01-23
25183,1996-06-13
2520,1987-05-12
25215,1995-12-31
25241,1999-09-27
25310,1995-06-02
25311,2000-04-14
25327,2000-06-20
25332,2000-05-26
25346,2000-04-17
25353,1996-02-24
25368,1997-06-16
25369,2001-07-05
25376,1996-10-07
25377,1996-08-04
25379,1995-07-08
25385,1995-07-27
25386,1998-02-17
25420,1998-02-28
25425,1998-01-22
25427,1997-11-04
25434,1998-07-21
25436,1998-02-04
25448,1998-03-07
25463,1998-04-02
25467,1997-12-26
25474,1998-07-02
25475,1997-11-03
25477,1997-07-22
25479,1998-05-14
25480,1997-09-26
25481,1998-04-29
25483,1997-09-09
25493,1998-07-14
25501,1998-01-05
25505,1997-06-24
25524,1997-07-24
25543,1998-07-25
25550,1996-09-26
25551,1997-08-15
25553,1997-01-08
25575,1997-12-02
25582,1997-10-08
25589,1998-05-10
25590,2000-12-30
25595,1998-07-27
25611,1999-12-05
25616,2001-09-10
25620,2001-06-24
25621,2002-03-12
25625,2001-01-05
25629,2001-01-05
25636,1998-04-09
25643,1998-01-15
25645,1997-09-24
25648,1997-09-15
25651,1997-02-07
25660,1998-02-02
25667,1997-07-25
25679,1997-11-28
25688,1997-04-13
25690,2000-12-07
25703,1998-02-24
25705,1999-07-08
25714,1997-06-17
25756,1998-05-12
25764,2000-06-14
25768,2000-10-03
25779,1998-01-27
25782,1998-09-17
25796,2001-07-10
25804,1993-03-09
25805,1998-01-07
25807,1998-02-08
25813,1997-08-25
25814,1996-11-12
25816,1997-11-18
25817,1997-11-19
25839,1996-04-29
25844,1997-12-26
25845,1998-08-16
25855,1997-12-22
25862,1997-04-22
25867,1997-11-12
25873,1998-05-29
25878,2000-08-21
25880,1998-08-29
25890,1996-11-05
25911,1994-03-09
25918,1997-10-28
25921,1997-06-19
25928,1998-04-30
25931,2001-03-07
25942,1998-08-18
25957,1997-08-19
25961,1997-09-02
25967,2001-11-19
25971,2002-07-12
25976,2000-09-28
25977,2000-09-16
25979,2000-08-18
25980,2001-05-09
25999,2001-09-08
26020,1998-09-19
26030,2001-01-09
26031,2001-01-05
26034,1998-02-06
26047,2000-09-02
26048,1997-12-12
26056,1996-09-08
26058,1996-09-23
26079,1998-04-04
26097,1999-02-10
26104,1997-08-13
26106,1998-03-10
26108,1998-09-18
26117,1998-09-08
26121,2001-11-19
26123,1999-11-13
26128,1998-08-21
26136,1998-10-26
26143,1997-06-22
26148,1997-05-14
26149,1997-09-02
26151,1998-01-02
26152,1998-01-10
26171,1997-11-10
26190,1997-05-14
26191,1997-09-17
26197,1998-04-03
26202,1996-03-08
26203,1997-08-18
26208,1997-09-15
26213,1997-06-02
26214,1998-06-05
26215,1999-04-01
26221,1997-08-21
26224,2001-08-03
26226,1998-07-16
26227,1997-01-17
26231,1996-06-13
26244,2000-03-21
26247,1998-03-05
26252,1998-02-13
26253,1998-02-01
26255,1998-02-23
26257,2001-10-08
26259,1998-06-12
26260,1997-08-17
26270,2001-06-28
26284,1997-12-30
26285,1997-07-29
26288,1998-02-06
26289,2001-06-29
26294,1997-10-06
26295,1997-09-02
26299,1998-02-12
26304,1996-10-19
26318,1998-06-30
26319,1997-11-09
26323,1997-12-07
26333,1997-10-08
26344,1996-01-15
26349,2001-05-12
26353,2001-03-30
26365,1998-07-10
26368,1997-11-10
26374,1998-01-09
26378,1998-02-05
26389,2001-01-04
26396,1997-08-07
26406,2001-05-01
26410,1998-01-09
26413,2001-02-21
26419,2000-12-25
26420,2001-11-11
26429,1998-05-10
26438,1997-08-16
26440,1999-03-11
26443,2001-09-19
26448,2001-02-26
26463,1997-06-06
26466,1997-12-12
26467,2002-01-28
26468,2001-12-03
26469,1997-05-23
26477,1997-11-14
26482,1997-04-11
26517,2001-10-16
26536,2002-06-06
26540,2002-01-27
26546,2001-09-10
26548,2002-03-12
26599,2002-05-23
26641,2002-03-25
26664,2002-05-07
26668,2002-01-11
26693,2001-09-24
26790,2002-07-28
26907,2001-12-15
26944,2002-06-24
26952,2002-01-12
26991,2002-04-23
27014,2000-11-25
27144,2002-04-28
27271,1999-12-22
27407,2000-04-14
27449,1998-02-23
27451,1998-05-14
27453,1997-09-01
27462,1999-03-23
27463,1999-06-21
27464,1998-09-17
27465,1999-08-26
27467,2001-11-24
27468,1999-07-08
27470,1999-05-31
27471,1998-08-18
27472,1998-08-03
27473,1998-08-14
27474,1999-03-12
27475,2002-05-22
27477,1997-12-26
27478,1999-05-29
27479,2002-03-21
27481,1999-07-14
27482,2001-08-15
27483,1999-04-05
27485,1997-08-08
27487,1997-07-15
27490,1999-05-27
27493,2000-09-05
27494,1998-10-09
27496,2002-07-08
27497,2000-06-22
27498,1998-10-28
27500,1999-06-24
27501,1999-03-02
27504,2002-04-02
27506,1995-10-17
27508,1998-05-25
27514,1998-05-30
27517,1994-01-24
27531,1997-09-29
27534,1999-04-30
27536,1996-12-19
27543,1998-01-16
27552,1998-02-11
27555,1998-09-04
27562,1999-07-12
27567,1998-05-29
27568,1998-09-15
27569,1998-07-05
27570,1999-07-15
27572,1999-02-19
27573,1999-10-24
27577,1999-03-01
27581,1997-12-05
27582,1997-06-11
27583,1998-06-15
27585,1997-12-08
27589,1998-09-05
27590,1998-10-09
27593,1998-10-11
27597,1998-02-22
27599,1997-12-11
27604,1999-03-12
27608,1999-03-10
27615,1998-11-25
27624,1998-04-14
27626,1997-08-21
27630,1998-09-25
27636,1999-09-27
27646,1999-01-27
27647,2001-04-28
27649,2001-05-04
27653,1998-01-27
27662,1999-04-02
27666,1999-05-04
27668,1998-01-19
27669,1997-10-26
27676,1997-10-10
27681,1998-01-08
27684,1998-03-22
27685,1997-11-11
27688,2000-12-22
27690,1999-02-11
27691,1997-12-09
27694,1996-08-29
27695,1996-09-03
27698,1998-03-26
27702,1997-12-17
27707,1998-05-06
27735,1999-05-08
27741,1998-11-21
27753,1998-01-15
27756,2001-08-18
27757,2001-10-16
27758,2001-08-12
27763,2001-08-29
27765,1998-01-23
27768,2003-04-15
27769,2002-03-25
27770,2001-12-12
27775,1999-02-22
27779,1999-05-19
27781,1998-05-28
27782,1998-10-15
27783,1999-07-12
27784,1999-02-01
27787,1999-11-28
27789,1998-09-28
27790,2002-08-29
27792,1998-10-15
27793,1999-03-12
27812,1997-06-26
27814,1999-01-07
27815,1999-02-18
27819,1998-08-19
27845,1998-04-16
27853,1997-11-15
27861,1998-10-18
27863,2001-08-06
27867,1999-05-09
27877,1999-08-06
27883,2002-04-10
27889,1999-05-20
27899,2001-08-14
27902,1996-08-17
27908,1998-08-20
27910,1997-02-11
27914,2000-02-05
27915,2002-10-10
27926,2000-12-30
27931,2002-05-26
27932,1998-12-13
27942,1998-01-27
27962,2003-04-11
27963,2002-10-29
27967,2003-01-06
27969,2003-06-21
27974,2002-12-21
27984,2003-06-22
27999,2001-02-14
28020,2003-09-22
28022,2003-04-06
28036,2000-08-30
28040,2001-05-09
28052,2001-06-21
28080,2003-02-07
28084,2003-02-28
28142,2002-12-11
28148,2003-04-14
28163,2003-07-05
28199,2002-12-19
28253,2002-09-03
28272,2002-10-08
28312,2001-12-10
28326,2002-06-01
28344,2001-07-26
28393,2001-07-18
28489,2002-04-15
28552,2003-01-01
28763,2001-03-26
28806,2004-03-11
28811,2004-05-19
28816,2004-02-08
28820,2003-11-08
28824,2004-08-13
28833,2004-01-04
28846,2003-05-03
28848,1999-09-03
28901,2002-09-25
29000,2003-09-01
29005,2004-01-27
29016,2004-02-13
29036,2002-06-19
29107,2003-11-16
29114,2004-01-17
29189,2004-03-11
29218,2004-04-01
29271,2000-08-19
29318,2004-04-03
29357,2004-01-25
29423,2002-11-26
29455,2003-09-22
29478,2003-07-03
29487,1998-09-05
29490,2003-04-19
29514,1998-08-17
29518,2002-09-17
29519,2000-03-17
29521,1999-01-29
29524,1999-06-18
29530,1997-11-06
29539,2002-02-22
29542,2000-05-12
29547,1999-12-13
29554,1999-09-27
29564,1997-09-24
29571,1999-04-07
29573,1999-01-07
29574,1998-08-13
29575,2000-04-24
29576,1999-02-22
29577,2000-01-12
29591,2000-03-20
29592,2000-06-08
29596,2003-06-28
29606,2000-02-19
29608,1999-08-14
29614,1999-02-03
29615,1998-01-31
29617,1999-09-21
29622,2000-04-19
29628,1998-06-16
29629,1999-01-31
29630,1999-05-11
29633,2000-02-02
29634,1998-07-29
29640,2000-08-09
29646,2000-02-22
29668,2002-12-12
2967,1988-03-08
29695,1999-08-06
29704,1998-12-09
29710,2003-02-06
29712,2002-02-27
29715,1999-10-08
29754,1999-09-30
29766,1999-10-19
29767,2000-01-05
29770,2000-06-17
29779,2002-08-25
29780,2002-12-27
29782,1998-10-27
29788,1998-06-24
29794,2000-07-18
29795,2003-01-29
29805,2000-05-17
29812,1999-05-31
29823,1999-11-12
29826,1999-04-12
29830,1998-11-04
29833,2000-02-18
29837,1998-08-23
29839,1999-11-15
29844,1999-06-02
29858,2000-05-01
29863,2000-03-08
29866,1998-08-22
29868,2002-09-14
29869,2000-07-08
29878,1999-12-18
29887,2003-04-09
29891,1995-03-22
29896,1999-11-30
29905,2003-04-16
29911,1999-06-01
29912,1999-02-11
29914,1999-06-13
29921,2000-01-02
29922,1999-08-05
29928,1998-06-06
29930,1999-09-21
29931,1999-07-27
29934,1998-03-19
29945,1999-05-03
29946,1997-12-18
29949,2000-07-26
29950,1998-08-15
29952,1999-11-05
29957,2003-08-25
29958,2003-02-21
29960,2002-11-20
29961,1999-06-01
29962,1998-07-12
29976,2002-07-17
29993,2003-06-04
29995,2002-11-30
30002,2000-05-31
30003,2003-07-03
30004,2000-08-15
30008,1998-07-07
30011,1999-12-01
30016,2000-07-29
30028,1998-10-07
30031,2001-06-04
30038,2003-06-25
30055,2000-04-12
30056,2000-03-08
30061,2000-04-17
30063,2000-02-29
30064,1998-10-07
30074,2000-05-18
30076,1998-09-10
30080,2003-02-03
30081,1999-01-30
30084,1998-12-16
30085,1999-02-11
30086,1999-11-23
30091,2003-04-10
30094,1999-09-01
30105,2000-03-19
30106,2000-06-05
30107,1999-06-15
30109,2000-01-20
30113,1998-08-14
30115,1991-03-01
30116,1994-08-18
30122,1999-07-26
30128,2000-05-02
30133,1998-09-06
30134,1999-03-05
30140,2000-02-21
30142,1999-08-11
30145,2000-05-28
30146,2000-04-21
30153,1999-03-02
30158,2000-06-26
30160,1999-12-17
30161,2001-11-27
30162,1998-09-17
30163,1999-05-10
30165,2002-08-18
30166,2002-08-07
30167,1999-06-18
30170,2003-04-04
30171,1999-12-10
30179,1999-09-10
30180,2000-01-19
30182,1999-06-16
30184,1999-07-17
30187,2000-07-27
30195,2000-06-26
30203,2002-07-30
30206,1999-08-30
30226,1994-06-28
30231,2002-01-31
30240,1999-08-30
30249,1999-02-27
30250,1999-12-22
30279,2000-01-30
30334,2002-02-09
30361,2004-10-22
30384,2004-11-03
30412,2002-05-30
30661,2005-06-17
30675,2004-11-17
30871,2005-05-24
30944,2003-04-14
3096,1987-09-30
31097,2003-08-09
31166,1999-02-12
31184,2000-08-05
31204,2000-07-14
31261,1997-06-21
31280,2003-06-13
31312,1998-12-20
31318,1999-12-17
31347,2001-01-31
31349,2001-02-12
31354,2001-07-19
31357,2000-07-12
31363,2000-09-24
3137,1984-07-27
31370,2001-06-28
31382,2001-02-21
31394,2000-08-15
31396,2000-11-24
31415,1999-11-15
31431,2001-04-19
31437,2000-10-04
31441,2001-05-14
31443,2001-06-26
31448,2003-08-04
31461,2000-09-17
31468,1999-12-26
31471,2001-03-11
31475,2002-03-02
31490,2000-04-21
31492,2000-09-11
31500,2000-11-10
31501,1997-11-13
31505,2003-12-07
31508,2003-12-17
31522,1998-12-27
31532,2001-05-14
31533,2001-06-08
31539,2001-03-28
31545,2000-09-27
31552,2000-08-15
31553,2001-08-13
31562,2000-05-11
31564,1999-12-22
31567,2000-06-14
31571,2000-05-23
31580,2001-07-23
31583,2000-08-04
31595,2001-02-14
31598,1998-08-19
31610,2001-01-26
31612,2000-10-17
31614,2001-08-22
31615,2001-06-18
31616,1999-10-26
31621,2000-07-26
31623,2002-04-03
31624,2000-06-01
31635,2001-08-30
31661,2000-09-07
31663,2000-02-23
31665,2001-08-24
31676,2000-10-20
31680,2003-07-29
31687,2000-04-04
31695,2001-08-11
31696,2000-08-27
31701,2001-06-08
31710,2001-06-06
31730,2000-07-19
31738,2000-11-24
31741,2000-11-07
31743,2001-02-21
31751,1999-12-15
31757,1998-08-24
31760,2003-06-26
31761,2003-09-27
31764,2000-07-04
31765,2003-04-11
31773,2001-06-09
31776,2001-04-04
31781,2003-12-04
31791,2004-01-13
31792,1999-09-09
31793,2000-04-15
31807,2000-12-03
31809,2000-09-19
31811,2003-08-18
31812,2004-05-13
31815,1998-02-18
31827,2000-05-22
31837,1993-07-15
31838,1993-01-30
31843,1999-11-22
31846,2000-05-31
31850,2000-04-30
31853,2001-03-16
31855,2001-01-26
31857,2001-01-10
31865,2001-05-09
31870,1997-10-27
31872,2001-08-20
31873,2001-08-03
31878,2000-12-15
31880,1998-12-17
31883,2001-09-09
31884,1999-02-14
31886,1999-09-23
31891,2001-09-01
31893,2003-12-19
31900,2001-04-20
31910,2001-07-17
31912,2000-11-18
31913,1999-03-02
31920,2000-09-19
31936,1999-11-05
31942,1999-03-17
31953,2000-06-06
31958,2001-03-03
31959,2000-12-02
31967,2000-10-01
31972,2000-02-14
31986,2000-10-26
31988,2001-07-23
31989,2001-07-12
31991,2000-11-07
31994,1999-09-19
32015,2001-03-29
32026,2000-08-14
32051,2006-06-01
32053,1999-04-04
32054,1999-09-30
32056,2003-08-05
32065,1999-06-03
32070,2000-07-17
32095,2001-02-05
32119,2003-05-07
32127,2001-10-08
32155,2002-04-22
32157,2003-06-19
32227,2002-09-24
3237,1989-06-08
33026,1999-08-09
33027,2001-09-27
33043,1998-10-06
33098,1998-05-22
33168,2001-06-23
33174,2000-12-15
33189,2002-02-14
33191,2000-05-25
33197,2000-11-05
33214,1999-01-22
33225,2002-05-30
33248,1999-10-23
33252,2002-07-26
33253,2002-05-08
33266,2002-03-30
33270,2001-08-04
33279,2002-01-17
33280,2002-03-16
33294,2000-02-18
33312,2002-03-19
33321,2002-08-15
33322,2001-11-06
33323,2002-03-06
33333,2001-11-15
33357,2000-12-07
33361,2001-10-09
33380,2002-01-27
33381,2004-12-21
33390,2004-10-20
33398,2001-08-02
33433,2005-06-02
33458,2000-06-28
33464,2002-01-26
33482,2001-10-26
33492,2000-11-06
33500,2002-07-18
33502,2002-07-22
33514,2001-11-02
33515,2002-08-25
33527,2002-03-01
33530,2004-08-18
33541,2002-02-26
33549,2002-02-15
33552,2002-04-16
33568,2000-05-27
33571,2005-02-19
33572,2004-08-18
33575,2005-07-20
33603,2000-01-28
33628,2001-02-14
33644,2002-06-28
33656,2004-08-10
33664,2002-08-30
33666,2002-04-03
33677,2002-05-29
33699,2001-06-05
33703,2001-07-24
33704,2001-10-28
33708,2002-02-23
33760,2002-12-10
33785,2002-02-07
33787,2002-06-21
33794,2002-05-18
33795,2001-05-06
33821,2002-05-05
33824,1998-08-20
33825,1998-08-17
33826,1995-10-30
33827,1998-08-06
33828,1994-02-06
33829,1993-09-01
33834,2000-12-08
33838,1997-03-10
33850,2000-09-17
33851,2000-10-04
33862,2001-09-25
33865,2002-05-09
33876,2002-03-08
33891,2002-01-17
33903,2002-01-18
33908,2001-11-28
33927,2002-05-20
33980,1997-11-07
34847,1998-10-03
34967,2002-08-28
34979,2002-10-21
34985,2002-09-10
35041,2003-02-09
35061,2002-10-07
35094,2003-05-26
35101,2003-02-06
35107,2003-03-02
35108,2003-02-22
35110,2003-03-12
35111,2002-12-29
35121,2003-01-31
35126,2003-01-27
35177,2003-01-20
35205,2003-08-19
35309,2000-09-01
35321,1989-10-11
35322,1999-01-27
35323,2001-11-03
35324,1997-10-08
35325,2002-08-05
35333,2003-01-16
35376,2006-04-24
35418,2003-04-12
35423,2003-04-16
35456,2003-07-28
35462,2003-02-10
35466,2002-11-01
3548,1989-02-10
37120,2000-02-02
37122,1996-08-29
37123,1996-06-30
37124,1998-05-09
4301,1987-08-18
4676,1983-11-12
4806,1980-03-11
4940,1989-08-09
4949,1989-11-08
5003,1987-01-21
5097,1990-08-10
5235,1984-11-23
5254,1989-09-16
5273,1989-03-13
5297,1989-10-02
5343,1987-01-21
5361,1989-09-12
5417,1990-05-06
5448,1983-08-21
5517,1990-04-20
5615,1987-08-26
5760,1991-06-12
5827,1991-08-06
6107,1989-10-15
6175,1989-10-08
6184,1987-08-21
6399,1989-04-11
6562,1987-10-07
6576,1989-11-21
6632,1987-03-21
6655,1988-05-28
6797,1991-01-27
6887,1986-08-16
6893,1986-02-15
6895,1987-11-30
6902,1991-04-04
6984,1987-01-30
7005,1988-12-15
7048,1990-03-28
7146,1987-03-09
7304,1990-05-10
7432,1987-10-27
7593,1990-10-19
7739,1989-02-10
7802,1989-02-24
7836,1988-09-24
8048,1989-07-10
8090,1985-11-26
8110,1987-11-08
8241,1985-04-09
8246,1987-01-10
8418,1989-08-21
8623,1987-12-17
8700,1983-02-20
8779,1986-11-13
9073,1987-03-25
9132,1990-02-13
9174,1989-10-04
9218,1987-09-10
9241,1988-10-09
9323,1989-07-19
9434,1988-01-01
9627,1987-07-19
9761,1988-06-09
9774,1990-08-21
9777,1991-04-16
9803,1988-08-23
9847,1986-10-10
9874,1988-07-13
sa3014494,1999-06-04
sa3022706,2002-07-05
