playerid,PlayerName,Team,minpos,Pos,G,PA,FPTS,SPTS,xMLBAMID
4940,Jason Heyward,,OF,,,209.5,194.6,194.6,518792
19913,Jesús Sánchez,ARI,OF,,,405.7,431.7,431.7,660821
19612,Bo Bichette,NYM,SS,,,598.8,654.6,654.6,666182
25844,Logan Davidson,TBR,1B,,,204.7,201.3,201.3,669722
15941,Austin Nola,,C,,,204.1,192.7,192.7,543592
19896,Connor Wong,BOS,C,,,335.3,314.7,314.7,657136
23782,Leo Jiménez,,2B/3B/SS,,,300.2,263.8,263.8,677870
9847,Andrew McCutchen,,OF,,,296.6,291.8,291.8,457705
25505,Cade Marlowe,LAA,OF,,,200.0,210.9,210.9,687799
22664,Gabriel Moreno,ARI,C,,,496.4,636.6,636.6,672515
2967,Tommy Pham,CHW,OF,,,259.4,248.0,248.0,502054
14593,David Bote,LAD,2B/3B,,,200.0,209.5,209.5,623520
29912,Darren Baker,SFG,2B/DH,,,200.0,222.3,222.3,671117
25688,Cam Devanney,,3B,,,203.8,191.1,191.1,687478
27647,Anthony Volpe,NYY,SS,,,376.6,361.9,361.9,683011
33572,Kevin McGonigle,DET,3B/SS,,,544.5,698.8,698.8,805808
21716,Enmanuel Valdez,PIT,2B,,,210.2,202.8,202.8,665839
13066,Teoscar Hernández,LAD,OF,,,491.1,579.7,579.7,606192
20599,Iván Herrera,STL,C/DH,,,593.2,725.6,725.6,671056
17326,Cole Tucker,,SS/OF,,,200.0,202.9,202.9,657061
24064,Ezequiel Tovar,COL,SS,,,482.5,476.8,476.8,678662
10200,Tucker Barnhart,,C,,,201.5,186.0,186.0,571466
19251,Pete Alonso,BAL,1B,,,611.9,831.0,831.0,624413
25971,Kevin Alcántara,CHC,DH/OF,,,215.2,224.7,224.7,682634
13675,Tyrone Taylor,CHC,OF,,,351.1,357.7,357.7,621438
27815,Jordan Westburg,BAL,2B/3B,,,235.2,278.3,278.3,676059
20529,Nolan Jones,SEA,OF,,,240.3,210.2,210.2,666134
14221,Jorge Soler,,DH/OF,,,412.0,421.0,421.0,624585
22186,Brice Turang,MIL,2B,,,594.9,725.1,725.1,668930
32053,Turner Hill,SFG,OF,,,257.0,259.9,259.9,806367
13145,Josh Bell,MIN,1B/DH,,,560.3,601.0,601.0,605137
26289,Gunnar Henderson,BAL,SS,,,610.1,771.7,771.7,683002
26202,Jake Mangum,PIT,OF,,,473.8,494.0,494.0,663968
24622,Ryan Fitzgerald,LAD,2B/SS,,,205.3,221.1,221.1,680837
33381,Max Clark,DET,OF,,,294.0,353.2,353.2,703601
30361,Lazaro Montes,SEA,DH/OF,,,223.0,252.8,252.8,703155
11281,Whit Merrifield,,2B/OF,,,200.0,189.6,189.6,593160
26244,Kenedy Corona,NYY,OF,,,200.4,216.0,216.0,685744
22184,Mark Vientos,NYM,3B/DH,,,387.8,427.5,427.5,668901
20540,José Devers,,2B/SS,,,200.0,214.4,214.4,672701
19562,Zack Short,NYM,SS,,,236.6,198.1,198.1,670097
29189,Héctor Rodríguez,CIN,OF,,,268.0,267.0,267.0,699302
29455,Carlos Jorge,CIN,OF,,,216.0,213.1,213.1,699115
18821,José Azócar,ATL,OF,,,211.1,210.4,210.4,640492
33323,Charles McAdoo,TOR,1B/2B,,,247.5,257.5,257.5,807727
18395,Travis Blankenhorn,,DH/OF,,,200.0,195.6,195.6,663905
29524,Bryce Teodosio,LAA,OF,,,244.0,206.3,206.3,669326
21501,Trevor Larnach,MIN,DH/OF,,,473.2,540.0,540.0,663616
25967,Orelvis Martinez,,2B,,,200.0,218.0,218.0,682619
21538,Nick Fortes,TBR,C,,,380.7,336.6,336.6,663743
16442,Ryan O'Hearn,PIT,1B/DH,,,470.9,557.3,557.3,656811
31505,Sal Stewart,CIN,1B/3B,,,544.8,704.8,704.8,701398
14387,Harold Ramírez,,DH/OF,,,200.0,186.3,186.3,623912
24589,Richie Palacios,TBR,2B/OF,,,396.8,421.9,421.9,680700
19292,Armando Alvarez,,1B/3B,,,200.0,203.4,203.4,669137
18882,Brandon Lowe,PIT,2B,,,574.8,714.6,714.6,664040
20557,CJ Alexander,HOU,3B,,,201.7,197.9,197.9,680769
27501,Justin Foscue,TEX,2B/DH,,,321.4,354.1,354.1,679822
33500,John Peck,DET,SS,,,235.0,226.9,226.9,807726
16472,Rhys Hoskins,CLE,1B,,,391.3,410.3,410.3,656555
20126,Dylan Carlson,,OF,,,226.1,191.2,191.2,666185
20404,Jared Young,NYM,1B,,,375.7,418.9,418.9,676724
10243,Randal Grichuk,CHW,OF,,,362.8,442.1,442.1,545341
34985,JJ Wetherholt,STL,2B,,,501.0,549.1,549.1,802139
27604,Alika Williams,ATH,2B/SS,,,313.5,315.8,315.8,675961
21535,Connor Kaiser,KCR,2B,,,201.9,201.2,201.2,663731
16252,Trea Turner,PHI,SS,,,602.4,697.7,697.7,607208
26517,Noelvi Marte,CIN,3B/OF,,,336.5,317.8,317.8,682622
22263,Nolan Gorman,STL,2B/3B,,,386.2,352.0,352.0,669357
25543,Korey Lee,CHW,C,,,204.0,185.4,185.4,686676
25817,Braden Shewmake,HOU,3B/SS,,,245.5,230.2,230.2,669699
33357,Andrew Pinckney,WSN,OF,,,214.5,235.6,235.6,687605
29794,Kyle Manzardo,CLE,1B/DH,,,431.1,475.2,475.2,700932
30163,César Prieto,STL,3B,,,218.1,186.3,186.3,693409
27475,Jordan Walker,STL,OF,,,563.1,623.8,623.8,691023
19901,Gavin Sheets,SDP,DH/OF,,,460.5,475.8,475.8,657757
25814,C.J. Stubbs,TOR,C,,,200.3,208.8,208.8,667690
17452,Jose Siri,LAA,OF,,,323.6,299.4,299.4,642350
19734,Josh Rojas,KCR,3B,,,276.1,227.2,227.2,668942
27684,Michael Massey,KCR,2B,,,445.2,451.0,451.0,686681
31580,Chase Meidroth,CHW,2B/SS,,,567.5,609.2,609.2,805367
24451,J.P. Martínez,,OF,,,200.0,209.7,209.7,679881
14477,Jake Cave,CHW,OF,,,200.0,200.3,200.3,595909
10815,Jurickson Profar,ATL,OF,,,237.1,295.9,295.9,595777
33390,Bryce Eldridge,SFG,1B/DH,,,427.7,540.1,540.1,805811
31781,Jackson Holliday,BAL,2B,,,441.9,425.6,425.6,702616
15055,Dom Nuñez,CLE,C,,,200.7,209.9,209.9,624513
5343,Brandon Crawford,,SS,,,200.0,190.8,190.8,543063
33530,Cooper Pratt,MIL,SS,,,326.5,368.3,368.3,806198
11739,J.T. Realmuto,PHI,C,,,480.0,461.7,461.7,592663
25705,Dustin Harris,SDP,OF,,,268.8,297.2,297.2,687957
29622,Sal Frelick,MIL,OF,,,445.4,444.2,444.2,686217
27899,Colt Keith,DET,2B/3B/DH,,,458.3,503.1,503.1,690993
18564,Trent Grisham,NYY,OF,,,500.1,564.5,564.5,663757
25180,Daniel Schneemann,CLE,2B/OF,,,383.2,335.7,335.7,682177
19260,Jake Fraley,TBR,OF,,,270.2,281.5,281.5,641584
28820,Moisés Ballesteros,LAA,DH,,,375.1,372.2,372.2,694208
23917,Jorbit Vivas,WSN,2B/3B,,,386.1,364.5,364.5,678391
22217,Luis Campusano,SDP,C,,,323.2,340.9,340.9,669134
27769,Pete Crow-Armstrong,CHC,OF,,,618.7,884.1,884.1,691718
20017,Miles Mastrobuoni,SEA,3B,,,232.5,194.0,194.0,670156
25816,Shea Langeliers,ATH,C,,,475.3,609.7,609.7,669127
20970,Oscar Gonzalez,,OF,,,206.1,193.9,193.9,660757
10681,Gio Urshela,,3B,,,219.7,193.2,193.2,570482
20123,Juan Soto,NYM,OF,,,500.5,795.8,795.8,665742
9627,Yan Gomes,,C,,,200.0,175.0,175.0,543228
14366,Joey Meneses,ATH,1B/DH,,,212.5,184.1,184.1,608841
18316,Edwin Rios,,1B/3B/DH,,,200.0,205.3,205.3,621458
9777,Nolan Arenado,ARI,3B,,,532.1,573.1,573.1,571448
18819,Andy Ibáñez,SEA,2B/3B,,,232.3,205.6,205.6,628451
6887,Martín Maldonado,,C,,,216.1,161.2,161.2,455117
21730,Jair Camargo,ATL,C/DH,,,201.0,215.3,215.3,665856
15730,Tyler Wade,,2B/OF,,,212.7,179.1,179.1,642180
19779,Dairon Blanco,,OF,,,200.8,218.3,218.3,680118
25660,Will Brennan,SFG,OF,,,212.8,198.2,198.2,686823
19966,Bobby Dalbec,,1B,,,202.1,182.5,182.5,666915
24759,Mickey Gasper,BOS,C/DH,,,320.0,339.0,339.0,681508
29805,TJ Rumfield,COL,1B,,,508.5,659.0,659.0,681198
9774,Christian Vázquez,HOU,C,,,352.4,262.7,262.7,543877
19599,Chas McCormick,CHC,OF,,,211.6,179.1,179.1,676801
13663,Jack López,,2B,,,200.0,200.3,200.3,605346
27534,Edouard Julien,COL,2B,,,358.8,315.6,315.6,666397
22707,Gustavo Campero,LAA,OF,,,212.6,217.9,217.9,672569
27543,Duke Ellis,NYY,OF,,,200.0,215.6,215.6,668752
20308,Jake Meyers,HOU,OF,,,314.6,300.1,300.1,676694
26295,Oliver Dunn,TBR,3B,,,210.1,187.5,187.5,686554
16572,Connor Joe,SEA,1B/OF,,,230.5,214.0,214.0,656582
19384,Trenton Brooks,HOU,1B/DH,,,204.3,188.1,188.1,670092
14813,Kyle Farmer,ATL,2B/SS,,,238.5,213.2,213.2,571657
16725,Jose Trevino,CIN,C,,,306.2,253.4,253.4,624431
25183,Drew Avans,COL,OF,,,201.8,199.3,199.3,682183
29949,Tyler Black,MIL,1B/DH,,,215.3,234.2,234.2,672012
26468,Victor Bericoto,SFG,OF,,,251.0,266.9,266.9,682674
18433,P.J. Higgins,CIN,C/1B,,,216.0,213.0,213.0,664731
26121,Francisco Alvarez,NYM,C,,,431.7,481.9,481.9,682626
12927,Brandon Nimmo,TEX,OF,,,582.7,649.3,649.3,607043
23790,Will Banfield,CIN,C,,,208.5,206.2,206.2,677943
19422,Brian Serven,ATH,C,,,240.0,220.1,220.1,661531
29767,BJ Murray Jr.,CHC,1B/DH,,,205.5,207.5,207.5,681230
34967,Travis Bazzana,CLE,2B,,,449.0,522.7,522.7,683953
26208,Tyler Fitzgerald,LAD,2B/SS,,,224.3,243.0,243.0,666149
12144,Max Kepler,,OF,,,319.9,298.9,298.9,596146
16556,Ozzie Albies,ATL,2B,,,599.2,593.5,593.5,645277
29993,Brady House,WSN,3B,,,397.4,380.2,380.2,691781
19611,Vladimir Guerrero Jr.,TOR,1B,,,566.0,726.0,726.0,665489
20572,Kody Clemens,MIN,1B/2B,,,523.1,577.9,577.9,665019
26438,Dominic Canzone,SEA,DH/OF,,,481.4,592.0,592.0,686527
23401,José Caballero,NYY,SS,,,459.5,461.6,461.6,676609
29571,Tim Tawa,ARI,1B/OF,,,387.5,373.2,373.2,694374
20454,Jazz Chisholm Jr.,NYY,2B/OF,,,515.1,629.6,629.6,665862
25643,Drew Millas,WSN,C,,,281.5,255.5,255.5,686452
33398,Scott Bandura,SFG,Util,,,211.0,218.6,218.6,814154
33824,Jung Hoo Lee,SFG,OF,,,551.2,592.5,592.5,808982
5517,Kyle Higashioka,TEX,C,,,325.7,328.0,328.0,543309
18171,Seth Brown,,1B/OF,,,207.6,194.6,194.6,664913
22532,Tyler Freeman,COL,OF,,,386.8,364.4,364.4,671289
21853,Will Benson,CIN,OF,,,282.3,275.3,275.3,666181
24618,Ryan Jeffers,MIN,C,,,424.9,493.7,493.7,680777
19455,Andruw Monasterio,BOS,2B/3B/SS,,,380.0,370.0,370.0,655316
22557,Michael Siani,DET,OF,,,202.4,181.6,181.6,672279
22209,Sam Huff,BAL,C,,,222.8,198.7,198.7,669087
23691,José Tena,WSN,3B/DH,,,360.4,358.3,358.3,677588
17161,Chad Wallach,ATH,C,,,200.0,209.4,209.4,595453
13620,Carson Kelly,CHC,C,,,451.1,484.3,484.3,608348
31382,Dalton Rushing,LAD,C,,,340.5,371.9,371.9,687221
19997,Santiago Espinal,ARI,2B/3B,,,262.8,223.3,223.3,669289
12510,Curt Casali,,C,,,200.0,185.0,185.0,592200
33575,Colt Emerson,SEA,SS,,,320.5,294.9,294.9,806068
18848,Yohel Pozo,BAL,C/DH,,,244.3,231.0,231.0,650968
33266,Jacob Wilson,ATH,SS,,,420.8,473.4,473.4,805779
24598,Addison Barger,TOR,3B/OF,,,264.2,274.5,274.5,680718
15194,Jake Bauers,MIL,1B/OF,,,499.8,638.4,638.4,641343
25979,Nasim Nuñez,WSN,2B/SS,,,451.2,381.7,381.7,683083
29591,Colton Cowser,BAL,OF,,,426.0,453.8,453.8,681297
23985,Osleivis Basabe,SFG,2B/SS,,,271.0,262.4,262.4,678545
37123,Kazuma Okamoto,TOR,3B,,,508.5,585.5,585.5,672960
30675,Luis Lara,MIL,OF,,,299.5,305.5,305.5,800325
19968,Jared Oliva,TBR,OF,,,203.5,209.9,209.9,666931
27471,Zach DeLoach,,OF,,,200.0,204.5,204.5,676113
11737,Nick Castellanos,,3B/OF,,,319.9,319.1,319.1,592206
25782,Pedro Pagés,STL,C,,,341.9,296.4,296.4,686780
14111,Eric Haase,ATL,C,,,249.7,244.6,244.6,606992
23789,Blaze Alexander,BAL,3B,,,371.1,399.6,399.6,677942
19931,Luke Williams,ATL,3B/OF,,,203.9,196.4,196.4,663897
19339,Nicky Lopez,TEX,2B/SS,,,332.3,265.4,265.4,670032
14854,Mike Yastrzemski,ATL,OF,,,451.3,477.4,477.4,573262
35121,Joshua Kuroda-Grauer,ATH,3B,,,232.0,288.3,288.3,811965
26365,Jonny DeLuca,TBR,OF,,,379.9,378.8,378.8,676356
28020,Jose Fernandez,ARI,1B/3B/DH,,,309.0,309.1,309.1,699912
31765,Nacho Alvarez Jr.,LAA,3B,,,220.8,204.1,204.1,805373
29539,Abimelec Ortiz,WSN,1B,,,265.5,255.6,255.6,694673
26284,John Rave,KCR,OF,,,290.0,296.9,296.9,670231
26319,Michael Busch,CHC,1B,,,604.7,744.6,744.6,683737
27531,David Hamilton,MIL,2B/SS,,,405.9,398.1,398.1,666152
18067,Garrett Stubbs,PHI,C,,,231.6,183.6,183.6,596117
25616,Marco Luciano,NYY,SS,,,200.0,201.1,201.1,682617
33571,Walker Jenkins,MIN,OF,,,239.5,263.1,263.1,805805
20543,Elehuris Montero,,1B,,,200.0,182.4,182.4,660707
21711,Oneil Cruz,PIT,SS/OF,,,459.4,571.1,571.1,665833
32127,Chase DeLauter,CLE,DH/OF,,,470.0,612.3,612.3,800050
23695,Everson Pereira,STL,OF,,,262.8,267.0,267.0,677592
27504,Nick Yorke,PIT,2B/3B,,,265.7,245.0,245.0,694377
15504,Jamie Westbrook,,2B,,,200.0,203.3,203.3,642197
5417,Jose Altuve,HOU,2B,,,540.4,603.1,603.1,514888
29668,Marcelo Mayer,SFG,2B/3B,,,329.6,301.0,301.0,691785
23986,Curtis Mead,BOS,1B/3B,,,390.9,439.0,439.0,678554
32119,Nick Morabito,NYM,OF,,,219.5,218.5,218.5,703492
17975,Scott Kingery,,SS/OF,,,204.9,198.5,198.5,664068
5827,Wilmer Flores,,1B,,,246.3,230.7,230.7,527038
35061,Ryan Waldschmidt,ARI,OF,,,341.0,354.4,354.4,814439
13590,Jesse Winker,,OF,,,208.1,233.0,233.0,608385
12005,Nick Martini,,DH/OF,,,211.1,190.2,190.2,605361
14942,Andrew Knapp,,C,,,200.0,206.1,206.1,595284
26420,Kyren Paris,LAA,2B/OF,,,223.0,207.0,207.0,677347
31545,Drew Gilbert,SFG,OF,,,404.4,416.1,416.1,687551
18036,Jake Cronenworth,SDP,1B/2B,,,454.5,453.7,453.7,630105
31680,Cole Young,SEA,2B,,,534.2,526.8,526.8,702284
29614,Chad Stevens,COL,2B/3B,,,218.4,188.6,188.6,677060
18217,Brett Sullivan,COL,C,,,315.9,306.2,306.2,664954
22232,Mason McCoy,SDP,SS,,,202.6,193.6,193.6,669200
29931,Jacob Young,WSN,OF,,,465.9,440.9,440.9,696285
26540,Angel Martínez,CLE,OF,,,446.9,458.7,458.7,682657
16153,Austin Slater,TBR,OF,,,253.0,226.1,226.1,596103
15172,Tim Anderson,,SS,,,209.0,148.6,148.6,641313
18363,Victor Robles,SEA,OF,,,285.9,310.1,310.1,645302
23378,José Barrero,BAL,SS,,,204.1,201.3,201.3,676480
29858,Denzel Clarke,ATH,OF,,,256.9,229.1,229.1,672016
15274,Mike Tauchman,,OF,,,238.5,258.8,258.8,643565
29715,Hunter Goodman,COL,C,,,533.9,690.9,690.9,696100
9218,Paul Goldschmidt,NYY,1B,,,438.9,471.6,471.6,502671
19287,Adolis García,PHI,OF,,,384.2,353.6,353.6,666969
31855,Colby Thomas,PHI,OF,,,273.7,258.4,258.4,687515
19600,Bryan De La Cruz,PHI,OF,,,242.0,228.8,228.8,650559
31595,Brooks Lee,MIN,3B/SS,,,559.2,568.0,568.0,686797
15654,Billy McKinney,,OF,,,202.1,198.7,198.7,641856
19858,Luis Rengifo,SDP,2B/3B,,,431.1,395.1,395.1,650859
25005,Justin Dean,CHC,OF,,,205.2,226.2,226.2,681909
25369,Omar Martinez,LAA,C,,,201.5,219.4,219.4,683079
17919,Ian Happ,CHC,OF,,,575.3,665.5,665.5,664023
21523,Jonathan India,KCR,2B,,,285.7,291.3,291.3,663697
27464,Dillon Dingler,DET,C,,,543.9,604.4,604.4,693307
27479,Masyn Winn,STL,SS,,,514.2,501.2,501.2,691026
18872,Jahmai Jones,BOS,DH/OF,,,300.5,345.3,345.3,663330
27845,Matt Mervis,,1B/DH,,,213.4,202.3,202.3,670223
29576,Ben Rice,NYY,1B/DH,,,577.5,776.5,776.5,700250
13152,Jorge Polanco,NYM,2B/SS,,,324.9,325.6,325.6,593871
21547,Coco Montes,,2B,,,201.0,207.5,207.5,663796
19983,Conner Capel,COL,OF,,,200.0,210.9,210.9,668843
29490,Jackson Merrill,SDP,OF,,,572.8,712.1,712.1,701538
22741,Eliezer Alfonzo,LAD,C,,,214.0,211.4,211.4,672613
24617,Jarren Duran,BOS,OF,,,566.1,636.5,636.5,680776
29596,Joshua Báez,STL,OF,,,254.0,295.3,295.3,695491
15491,J.P. Crawford,SEA,SS,,,500.9,494.3,494.3,641487
21837,Jonathan Aranda,TBR,1B,,,568.2,721.9,721.9,666018
16505,Matt Chapman,SFG,3B,,,429.5,484.3,484.3,656305
10441,Jon Singleton,,1B,,,200.9,202.4,202.4,572138
14161,Byron Buxton,MIN,OF,,,458.2,635.6,635.6,621439
35041,Jac Caglianone,KCR,OF,,,491.2,571.7,571.7,695506
19514,Andrew Knizner,SFG,C,,,244.8,211.1,211.1,668800
5254,Robbie Grossman,,OF,,,200.0,189.7,189.7,543257
22857,Wenceel Pérez,DET,OF,,,325.8,328.1,328.1,672761
29630,Joey Loperfido,HOU,OF,,,270.9,269.6,269.6,694388
33380,Drew Cavanaugh,SFG,C,,,279.5,262.9,262.9,701852
19522,TJ Friedl,CIN,OF,,,404.5,390.2,390.2,670770
26151,Kyle Stowers,MIA,OF,,,499.2,624.9,624.9,669065
12147,Nick Ahmed,,SS,,,201.0,170.9,170.9,605113
13757,Chris Taylor,,OF,,,212.5,182.9,182.9,621035
16686,Jason Vosler,,1B/3B,,,200.0,202.7,202.7,613564
10472,Enrique Hernández,LAD,OF,,,269.1,241.4,241.4,571771
12979,Javier Báez,DET,SS,,,339.7,289.0,289.0,595879
16939,Lane Thomas,ATL,OF,,,401.2,399.4,399.4,657041
19252,Cavan Biggio,HOU,2B,,,208.3,189.7,189.7,624415
16398,Brian Navarreto,MIA,C,,,229.0,213.3,213.3,640459
19958,Carter Kieboom,PHI,3B,,,200.8,210.6,210.6,666198
18887,Seby Zavala,DET,C,,,200.0,198.6,198.6,664874
18839,Josh Naylor,SEA,1B,,,574.4,664.0,664.0,647304
19346,Eli White,BOS,OF,,,329.1,334.6,334.6,642201
33708,Cooper Ingle,CLE,DH/OF,,,212.0,209.7,209.7,694876
25779,Tyler Tolbert,KCR,OF,,,277.7,336.9,336.9,686475
25764,Bobby Witt Jr.,KCR,SS,,,574.2,848.3,848.3,677951
15878,Miguel Andujar,SDP,3B/DH/OF,,,361.1,401.4,401.4,609280
25346,Ronny Simon,PIT,OF,,,236.3,241.1,241.1,682927
15986,Willy Adames,SFG,SS,,,521.1,590.9,590.9,642715
33704,CJ Kayfus,CLE,1B/OF,,,226.3,244.0,244.0,692216
19953,Josh Lowe,LAA,OF,,,408.0,396.5,396.5,666139
29547,Ryan Bliss,SEA,2B,,,208.9,207.9,207.9,669208
12552,Eugenio Suárez,CIN,3B,,,506.7,604.7,604.7,553993
31437,Jace Jung,DET,3B,,,210.0,192.7,192.7,690291
25448,Greg Jones,CHC,OF,,,212.2,197.7,197.7,675659
13897,Tyler Heineman,LAA,C,,,314.4,251.0,251.0,623168
17901,Andrew Benintendi,CHW,OF,,,474.0,492.9,492.9,643217
13602,Patrick Wisdom,SEA,3B,,,225.0,195.6,195.6,621550
26477,Spencer Horwitz,PIT,1B,,,459.1,524.1,524.1,687462
10323,Rafael Ortega,,OF,,,200.0,200.9,200.9,542364
23250,David Bañuelos,MIN,DH,,,200.2,211.7,211.7,675915
31396,Tyler Locklear,ARI,1B,,,232.6,224.4,224.4,682988
22261,Bubba Thompson,,OF,,,200.0,206.7,206.7,669352
29712,Colson Montgomery,CHW,SS,,,538.9,615.4,615.4,695657
18568,Luis Arraez,PHI,1B/2B,,,591.5,652.5,652.5,650333
13770,Rob Refsnyder,,OF,,,285.4,304.9,304.9,608701
23800,Parker Meadows,DET,OF,,,240.8,246.8,246.8,678009
23733,Ezequiel Duran,TEX,3B,,,510.9,512.9,512.9,677649
21587,César Salazar,HOU,C,,,212.6,207.2,207.2,663967
5273,Sandy León,ATL,C,,,223.2,175.0,175.0,506702
26467,Luis Matos,MIL,OF,,,228.9,222.1,222.1,682641
25768,CJ Abrams,WSN,SS,,,582.5,750.8,750.8,682928
22168,Akil Baddoo,MIL,OF,,,201.8,190.2,190.2,668731
26294,Bryson Stott,PHI,2B,,,550.0,593.7,593.7,681082
19358,Weston Wilson,SEA,3B/OF,,,299.0,294.3,294.3,642215
20521,Nick Madrigal,TBR,2B/3B,,,231.5,222.2,222.2,663611
23372,Hunter Feduccia,LAD,C,,,331.0,292.0,292.0,676439
17992,David Fletcher,,2B,,,200.0,207.6,207.6,664058
14894,Tony Kemp,,2B/OF,,,200.0,201.4,201.4,643393
26288,Adley Rutschman,BOS,C,,,434.0,448.7,448.7,668939
20958,Rodolfo Durán,SDP,C,,,245.5,226.1,226.1,660710
11899,Joc Pederson,TEX,DH/OF,,,446.6,532.7,532.7,592626
20220,Jo Adell,CLE,OF,,,576.3,622.6,622.6,666176
5297,Aaron Hicks,,OF,,,200.0,186.2,186.2,543305
19709,Fernando Tatis Jr.,SDP,SS/OF,,,612.6,821.2,821.2,665487
11579,Bryce Harper,PHI,OF,,,593.5,822.6,822.6,547180
13301,Max Muncy,LAD,1B/3B,,,512.3,675.2,675.2,571970
13621,Jeimer Candelario,LAA,3B,,,219.1,198.9,198.9,600869
12916,Francisco Lindor,NYM,SS,,,495.7,625.0,625.0,596019
33433,George Lombard Jr.,NYY,SS,,,276.5,291.1,291.1,806146
10950,Adam Duvall,,OF,,,200.0,171.1,171.1,594807
26664,Yohendrick Piñango,TOR,OF,,,290.0,308.6,308.6,682818
29575,Trey Sweeney,DET,SS,,,232.6,195.1,195.1,700242
15998,Cody Bellinger,NYY,OF,,,542.6,660.1,660.1,641355
31583,Zach Cole,HOU,OF,,,231.7,249.7,249.7,805904
28763,Felix Reyes,PHI,1B/OF,,,219.0,211.5,211.5,694025
16426,Thairo Estrada,,2B,,,216.5,186.8,186.8,642731
29782,Niko Kavadas,LAA,1B/DH,,,202.3,194.6,194.6,694359
29646,Caleb Durbin,BOS,3B,,,535.6,588.3,588.3,702332
22842,Alexander Canario,,OF,,,223.4,215.3,215.3,672744
22165,Ryan Vilade,TBR,OF,,,332.5,359.2,359.2,668723
12533,Marcus Semien,NYM,2B/SS,,,519.4,477.9,477.9,543760
24257,Jhonkensy Noel,BAL,OF,,,215.3,205.8,205.8,678877
27497,Tyler Callihan,PIT,OF,,,254.1,259.9,259.9,682997
12859,James McCann,ARI,C,,,289.7,298.5,298.5,543510
19890,Emmanuel Rivera,,3B,,,212.7,195.4,195.4,656896
29617,Henry Davis,PIT,C,,,373.8,274.0,274.0,680779
32054,Shawn Ross,TOR,C/1B,,,202.5,222.4,222.4,676566
25434,Will Wilson,SEA,2B/3B,,,212.1,204.2,204.2,669717
26299,Josh Jung,TEX,3B,,,468.6,521.6,521.6,673962
27963,Maximo Acosta,MIA,2B/3B/SS,,,206.1,221.0,221.0,691185
29487,Blake Dunn,CIN,OF,,,285.0,287.9,287.9,694362
28272,Jeferson Quero,MIL,C,,,201.0,220.6,220.6,691620
13755,Tomás Nido,BOS,C,,,203.7,187.0,187.0,621512
21558,Matt Vierling,DET,OF,,,355.5,335.5,335.5,663837
19238,Lourdes Gurriel Jr.,,OF,,,355.1,353.2,353.2,666971
19314,Donovan Walton,ATH,2B,,,326.9,370.7,370.7,622268
33253,Cole Carrigg,COL,OF,,,376.0,456.9,456.9,694249
27690,Joey Wiemer,CHW,OF,,,247.6,281.4,281.4,686894
22581,Alejandro Kirk,TOR,C,,,400.1,451.4,451.4,672386
11477,Christian Yelich,MIL,OF,,,507.4,600.1,600.1,592885
21009,Leo Rivas,SEA,2B/SS,,,280.6,248.9,248.9,660844
22542,Lawrence Butler,ATH,OF,,,521.5,593.7,593.7,671732
25961,Kerry Carpenter,DET,DH/OF,,,375.9,450.4,450.4,681481
22197,MJ Melendez,NYM,OF,,,278.5,251.8,251.8,669004
15518,Amed Rosario,NYY,SS,,,337.1,343.4,343.4,642708
29554,Adrian Del Castillo,ARI,C/DH,,,310.6,295.7,295.7,680728
17907,Brendan Rodgers,BOS,2B,,,212.8,208.5,208.5,663898
31912,Chandler Simpson,TBR,OF,,,546.1,569.4,569.4,802415
17620,Myles Straw,TOR,OF,,,388.9,367.8,367.8,664702
16578,Yandy Díaz,TBR,1B/3B/DH,,,601.6,743.8,743.8,650490
21497,Luken Baker,,1B/DH,,,206.6,213.6,213.6,663609
33492,Jim Jarvis,ATL,SS,,,262.0,239.9,239.9,805347
20157,Matthew Batten,,2B/3B,,,200.0,213.8,213.8,676946
29573,Billy Cook,PIT,OF,,,227.1,217.6,217.6,695257
12158,Austin Barnes,,C,,,204.4,190.3,190.3,605131
12180,Jorge Alfaro,KCR,C,,,203.9,204.1,204.1,595751
19556,Yordan Alvarez,HOU,DH/OF,,,553.9,899.2,899.2,670541
29634,Will Wagner,SDP,2B/3B,,,237.4,239.9,239.9,695238
26143,Troy Johnston,COL,OF,,,432.6,474.3,474.3,687859
15112,Ryan McMahon,NYY,3B,,,434.6,417.2,417.2,641857
23792,Alek Thomas,LAD,OF,,,306.9,276.2,276.2,677950
13611,Mookie Betts,LAD,OF,,,519.8,617.9,617.9,605141
19813,Charles Leblanc,,2B/3B,,,200.0,217.2,217.2,641779
13624,Corey Seager,TEX,SS,,,452.0,571.7,571.7,608369
31357,Nathan Church,STL,OF,,,434.0,415.7,415.7,701675
19198,Yuli Gurriel,SDP,1B,,,204.0,182.7,182.7,493329
15937,Aledmys Díaz,,SS,,,200.0,186.4,186.4,649557
33321,Luke Keaschall,MIN,2B/OF,,,521.7,636.5,636.5,807712
26123,Brett Baty,NYM,3B,,,473.2,494.7,494.7,683146
5235,Justin Turner,,3B,,,219.1,213.2,213.2,457759
13723,Jacob Stallings,BAL,C,,,212.9,195.3,195.3,607732
20178,Miguel Vargas,CHW,3B,,,599.4,716.6,716.6,678246
33644,Kristian Campbell,BOS,2B,,,226.3,231.2,231.2,692225
2396,Carlos Santana,,1B,,,260.4,248.1,248.1,467793
19928,Ryan McKenna,,OF,,,200.0,216.3,216.3,663630
33361,Yohandy Morales,WSN,1B,,,219.5,257.9,257.9,691002
10655,Rob Brantly,,C,,,200.7,204.2,204.2,542963
24816,Andy Pages,LAD,OF,,,539.4,647.1,647.1,681624
15362,Jeff McNeil,ATH,2B/OF,,,496.2,500.0,500.0,643446
27478,Patrick Bailey,CLE,C,,,410.7,337.8,337.8,672275
21865,Bo Naylor,MIL,C,,,290.4,252.1,252.1,666310
26668,Elly De La Cruz,CIN,SS,,,576.9,813.6,813.6,682829
21840,Freddy Fermin,SDP,C,,,364.7,308.1,308.1,666023
18795,Ramón Urías,HOU,3B,,,289.1,282.3,282.3,602104
25629,Cody Freeman,TEX,2B/3B,,,258.6,245.6,245.6,683227
24770,James Outman,DET,OF,,,299.8,232.4,232.4,681546
12161,Xander Bogaerts,SDP,SS,,,551.2,562.2,562.2,593428
31695,Dylan Beavers,BAL,OF,,,385.7,397.4,397.4,687637
20450,Brewer Hicklen,ATL,OF,,,220.4,242.9,242.9,676551
25475,Logan Driscoll,MIA,C,,,200.0,200.2,200.2,686482
15149,Trey Mancini,,1B/DH/OF,,,207.0,216.8,216.8,641820
33189,Nolan Schanuel,LAA,1B,,,479.4,532.3,532.3,694384
27630,Nick Loftin,KCR,2B/3B,,,429.8,409.7,409.7,679845
22505,Buddy Kennedy,WSN,2B/3B,,,227.7,189.8,189.8,671083
31431,Jordan Beck,COL,OF,,,342.8,329.8,329.8,687597
33197,Ben Williamson,TBR,2B/3B,,,368.0,330.2,330.2,810938
23818,Jihwan Bae,MIL,2B/OF,,,204.5,191.4,191.4,678225
31500,Ryan Ritter,COL,2B/SS,,,231.2,214.6,214.6,690022
25813,Grae Kessinger,PIT,2B/3B,,,200.0,196.4,196.4,666197
22515,Heliot Ramos,NYY,OF,,,482.0,538.1,538.1,671218
16947,Derek Hill,PHI,OF,,,321.4,335.6,335.6,656537
19864,Riley Adams,WSN,C,,,228.6,192.9,192.9,656180
26224,Darell Hernaiz,ATH,3B/SS,,,298.2,249.1,249.1,687231
17929,Cedric Mullins,TBR,OF,,,493.8,479.4,479.4,656775
14551,Anthony Santander,TOR,OF,,,222.1,243.7,243.7,623993
20287,Ben Rortvedt,LAD,C,,,226.8,178.3,178.3,666163
24729,Logan O'Hoppe,TEX,C,,,382.1,342.8,342.8,681351
29577,Ben Malgeri,DET,OF,,,265.5,300.3,300.3,701162
25976,Riley Greene,DET,OF,,,552.5,739.4,739.4,682985
33552,LuJames Groover,ARI,1B/DH,,,227.0,226.0,226.0,694410
26469,Davis Wendzel,,3B,,,202.0,189.0,189.0,673995
20503,William Contreras,MIL,C,,,577.9,690.0,690.0,661388
24934,David Fry,CLE,DH/OF,,,316.7,328.4,328.4,681807
sa3022706,Bo Davidson,SFG,OF,,,204.0,224.5,224.5,815589
19960,Taylor Trammell,HOU,OF,,,352.5,327.5,327.5,666211
33514,Brett Callahan,DET,OF,,,236.0,240.9,240.9,814430
25621,Bryan Ramos,BAL,3B,,,201.2,197.1,197.1,682868
12164,Miguel Sanó,,1B/3B,,,200.0,198.6,198.6,593934
19921,Blake Perkins,CLE,OF,,,267.6,243.0,243.0,663368
18042,Dylan Moore,PHI,2B/OF,,,231.8,229.1,229.1,664238
35423,Braden Montgomery,CHW,OF,,,374.0,358.6,358.6,695731
18345,Kyle Tucker,LAD,OF,,,562.7,729.8,729.8,663656
18400,Juan Yepez,,1B/DH/OF,,,200.0,220.9,220.9,660766
20311,Corey Julks,DET,OF,,,204.8,192.4,192.4,667452
24597,Jonathan Ornelas,MIL,2B/3B/SS,,,212.0,201.5,201.5,680716
18889,Danny Mendick,,2B/SS,,,200.0,191.4,191.4,664901
31166,Heston Kjerstad,BAL,OF,,,226.2,210.7,210.7,677008
15161,Mitch Garver,NYY,C/DH,,,303.5,265.6,265.6,641598
17982,Ty France,SDP,1B,,,488.0,550.2,550.2,664034
31415,Collin Price,HOU,C,,,206.5,215.5,215.5,805672
14128,Joey Gallo,,OF,,,200.0,190.4,190.4,608336
21489,Hayden Senger,NYM,C,,,216.3,185.0,185.0,663584
31567,Trey Lipscomb,WSN,3B,,,200.4,179.7,179.7,702358
28806,Jackson Chourio,MIL,OF,,,537.4,706.5,706.5,694192
22896,Lenyn Sosa,,2B,,,312.9,298.7,298.7,672820
15640,Aaron Judge,NYY,OF,,,410.4,748.9,748.9,592450
13355,Luke Maile,KCR,C,,,227.9,199.3,199.3,571912
29830,Jack Winkler,ATH,2B,,,201.6,214.3,214.3,676466
17696,Kevin Newman,,2B/SS,,,211.6,189.8,189.8,621028
8623,Donovan Solano,,2B,,,217.9,217.5,217.5,456781
25867,Ryan Kreidler,MIN,SS,,,335.9,287.0,287.0,668952
35108,Cam Smith,HOU,OF,,,522.8,518.0,518.0,701358
19151,Estevan Florial,,OF,,,200.0,202.6,202.6,664314
28199,Blaze Jordan,STL,3B,,,299.5,301.2,301.2,691458
27931,Petey Halpin,CLE,OF,,,293.8,281.6,281.6,690984
7304,Salvador Perez,KCR,C,,,567.6,573.3,573.3,521692
19352,Sean Murphy,ATL,C,,,287.2,269.7,269.7,669221
27482,Robert Hassell III,PIT,OF,,,220.6,204.5,204.5,690987
20437,Royce Lewis,MIN,3B,,,486.8,495.8,495.8,668904
31347,Zach Neto,LAA,SS,,,595.4,727.1,727.1,687263
27883,Thomas Saggese,STL,2B/SS,,,312.0,298.4,298.4,695336
27555,Garrett Mitchell,MIL,OF,,,463.3,543.1,543.1,669003
23312,Ryan Noda,BAL,1B,,,205.9,174.9,174.9,676116
13338,Omar Narváez,,C,,,201.0,182.4,182.4,553882
22054,Dane Myers,CIN,OF,,,398.3,409.4,409.4,667472
8418,Ehire Adrianza,,3B/SS,,,200.0,203.7,203.7,501303
9241,Starling Marte,,OF,,,316.9,319.4,319.4,516782
22239,Jeremiah Jackson,BAL,2B/OF,,,356.8,346.4,346.4,669236
27789,Shay Whitcomb,SFG,3B,,,259.2,213.3,213.3,694376
19892,Pavin Smith,ARI,1B/OF,,,281.8,315.5,315.5,656976
24400,Terrin Vavra,,2B/OF,,,200.1,211.3,211.3,679631
17276,Alex Jackson,MIN,C,,,246.5,232.5,232.5,656577
28816,Denzer Guzman,LAA,3B,,,347.3,321.8,321.8,694203
31532,Spencer Jones,NYY,OF,,,338.0,388.1,388.1,682987
19627,Brent Rooker,ATH,DH/OF,,,371.4,482.1,482.1,667670
13613,Ketel Marte,ARI,2B,,,556.6,738.5,738.5,606466
33279,Tommy Troy,ARI,OF,,,271.5,273.3,273.3,694371
21707,Oswaldo Cabrera,CIN,3B/OF,,,219.2,199.4,199.4,665828
21871,Jerar Encarnacion,SFG,OF,,,223.1,208.6,208.6,666464
27467,Tyler Soderstrom,ATH,1B/OF,,,488.9,629.2,629.2,691016
22514,Triston Casas,BOS,1B,,,211.2,226.4,226.4,671213
19877,Tristan Gray,MIN,3B/SS,,,302.6,266.9,266.9,656484
19906,Diego Castillo,TEX,2B/SS,,,200.0,215.9,215.9,660636
31710,Ben Ross,MIN,2B/3B/DH,,,209.5,215.2,215.2,805346
18373,Ryan Mountcastle,BAL,1B,,,243.2,244.9,244.9,663624
13744,David Dahl,,OF,,,200.0,204.7,204.7,621311
31958,Gabriel Rincones Jr.,PHI,OF,,,244.5,221.4,221.4,687282
31792,Otto Kemp,PHI,3B/OF,,,235.3,230.0,230.0,805249
15653,Dominic Smith,ATL,1B,,,369.0,376.4,376.4,642086
17128,Ramón Laureano,SDP,OF,,,351.8,416.6,416.6,657656
21797,Andrés Chaparro,WSN,1B/DH,,,315.8,360.0,360.0,665953
18123,Nathan Lukes,TOR,OF,,,460.3,477.4,477.4,664770
5760,Avisaíl García,,OF,,,200.0,203.3,203.3,541645
29958,Harry Ford,WSN,C,,,256.3,268.1,268.1,695670
16337,Nick Gordon,,OF,,,200.0,188.8,188.8,624503
31665,Alex Freeland,LAD,2B,,,344.2,334.4,334.4,690976
25055,Nate Eaton,BOS,OF,,,238.0,244.7,244.7,681987
18551,Ali Sánchez,NYY,C,,,244.3,196.7,196.7,645305
26991,Jesus Rodriguez,SFG,C/OF,,,229.0,249.2,249.2,683679
25524,Aaron Schunk,,2B/3B/SS,,,203.3,186.9,186.9,668845
17040,Jose Herrera,PIT,C,,,220.4,184.7,184.7,645444
29962,Kenny Piper,TBR,C,,,205.5,226.8,226.8,700652
28848,Tanner Murray,CHW,OF,,,216.5,224.6,224.6,695020
16953,Chadwick Tromp,LAD,C,,,227.7,190.7,190.7,644433
31471,Jack Brannigan,PIT,3B,,,200.5,215.8,215.8,687394
19290,Randy Arozarena,SEA,OF,,,594.4,741.8,741.8,668227
12037,Jon Berti,,3B,,,210.7,191.5,191.5,542932
27449,Ryan Ward,LAD,OF,,,230.0,247.5,247.5,669899
31791,Justin Crawford,PHI,OF,,,425.0,428.6,428.6,702222
29606,Justyn-Henry Malloy,TBR,DH/OF,,,212.7,211.4,211.4,669234
35177,Carson Benge,NYM,OF,,,515.5,624.6,624.6,701807
16219,J.D. Davis,,3B,,,200.9,191.5,191.5,605204
33656,A.J. Ewing,NYM,OF,,,436.5,482.0,482.0,805999
29478,Carter Jensen,KCR,C/DH,,,499.4,616.6,616.6,695600
28312,Coby Mayo,BAL,1B/3B,,,447.9,493.8,493.8,691723
16530,Mauricio Dubón,ATL,OF,,,540.8,515.8,515.8,643289
23698,Ronny Mauricio,NYM,2B/3B,,,245.4,233.2,233.2,677595
19354,Luke Raley,SEA,OF,,,365.4,389.7,389.7,670042
23989,Junior Perez,CHW,OF,,,218.0,228.8,228.8,678577
25467,Will Robertson,BAL,OF,,,207.5,174.4,174.4,683770
20036,Isaac Paredes,HOU,3B,,,561.8,684.1,684.1,670623
16357,Pablo Reyes,LAA,OF,,,203.4,181.5,181.5,622569
29005,Esmerlyn Valdez,PIT,OF,,,343.5,446.2,446.2,699013
11615,Brandon Drury,,2B/3B,,,200.0,146.5,146.5,592273
19844,Abraham Toro,KCR,2B/3B,,,228.4,212.9,212.9,647351
19318,Matt Thaiss,HOU,C,,,219.0,206.7,206.7,642136
24574,Eduardo Valencia,DET,C/DH,,,261.5,344.1,344.1,680664
29976,Jordan Lawlar,ARI,OF,,,271.4,295.6,295.6,691783
35126,Lucas Spence,HOU,OF,,,220.5,213.8,213.8,828599
20321,Stuart Fairchild,SEA,OF,,,219.0,217.3,217.3,656413
27599,Jacob Hurtubise,MIL,OF,,,201.5,194.6,194.6,674441
16451,Luis Guillorme,,2B/3B,,,202.1,180.0,180.0,641645
25138,Levi Jordan,WSN,OF,,,200.0,205.5,205.5,682119
17484,Eloy Jiménez,,DH/OF,,,217.5,203.0,203.0,650391
17338,Willi Castro,COL,2B/OF,,,483.9,510.8,510.8,650489
17273,Jorge Mateo,TBR,SS,,,312.8,281.1,281.1,622761
6184,J.D. Martinez,,DH/OF,,,200.0,206.9,206.9,502110
19824,Chuckie Robinson,ATL,C,,,213.2,163.4,163.4,642020
33333,Wyatt Langford,TEX,OF,,,482.8,593.6,593.6,694671
31988,Nate Furman,SFG,2B,,,219.5,210.5,210.5,801501
21735,Sebastián Rivero,LAA,C,,,231.9,215.5,215.5,665861
19610,Keibert Ruiz,WSN,C,,,400.2,382.6,382.6,660688
26106,Maverick Handley,ATL,C,,,205.2,178.7,178.7,668974
25477,Isaac Collins,KCR,OF,,,496.1,507.6,507.6,686555
25111,David Hensley,,DH/OF,,,200.0,203.2,203.2,682073
37120,Munetaka Murakami,CHW,1B,,,465.5,584.5,584.5,808959
10155,Mike Trout,LAA,OF,,,563.1,708.2,708.2,545361
24605,Michael Helman,TEX,OF,,,228.5,237.3,237.3,680737
20043,Luis Robert Jr.,BAL,OF,,,358.1,359.0,359.0,673357
30080,Hao-Yu Lee,DET,2B/3B,,,372.5,428.3,428.3,701678
15674,Reese McGuire,CHW,C,,,231.0,211.1,211.1,624512
7739,Travis d'Arnaud,LAA,C,,,263.1,236.6,236.6,518595
33312,Brett Bateman,TOR,OF,,,286.0,340.7,340.7,703520
31394,Brooks Baldwin,CHW,OF,,,232.8,235.0,235.0,681460
27569,Trei Cruz,DET,OF,,,202.5,208.6,208.6,669360
18015,Paul DeJong,,SS,,,220.8,218.1,218.1,657557
24610,Steven Kwan,CLE,OF,,,578.3,634.6,634.6,680757
35322,Hyeseong Kim,LAD,2B/SS,,,282.5,294.2,294.2,808975
31661,Jacob Melton,TBR,OF,,,207.8,193.5,193.5,689200
32051,Ethan Salas,SDP,C/DH,,,215.5,234.5,234.5,806956
20242,Kevin Smith,,3B/SS,,,200.0,212.6,212.6,675656
16622,Luis Urías,TOR,2B/3B,,,262.5,262.1,262.1,649966
16997,Gleyber Torres,DET,2B,,,472.8,510.5,510.5,650402
8090,Matt Carpenter,,3B,,,200.0,198.0,198.0,572761
27615,Alec Burleson,STL,1B/OF,,,582.1,714.6,714.6,676475
11442,Gary Sánchez,MIL,C,,,342.1,371.4,371.4,596142
4949,Giancarlo Stanton,NYY,DH/OF,,,276.1,345.3,345.3,519317
29710,Cam Cauley,TEX,2B/OF,,,232.5,242.4,242.4,695508
18900,Leody Taveras,BAL,OF,,,455.0,387.8,387.8,665750
19470,Tommy Edman,LAD,2B,,,395.2,394.6,394.6,669242
11445,Mark Canha,,OF,,,212.5,197.7,197.7,592192
12160,Ben Gamel,,OF,,,200.0,210.3,210.3,592325
24262,Ceddanne Rafaela,BOS,OF,,,543.2,588.9,588.9,678882
21270,Sean Bouchard,,OF,,,207.3,187.5,187.5,656248
21682,Luis De Los Santos,,3B,,,200.0,202.9,202.9,665782
27490,Nick Gonzales,PIT,2B/3B,,,536.8,563.6,563.6,693304
20003,Keston Hiura,,1B/2B,,,202.1,195.2,195.2,669374
29016,Leo Bernal,STL,C,,,241.0,283.9,283.9,699024
27735,Brett Wisely,ATL,2B,,,206.3,189.2,189.2,689172
22272,Raynel Delgado,HOU,2B/3B/SS,,,220.5,230.7,230.7,669384
18054,Sam Haggerty,,OF,,,241.7,224.4,224.4,664059
29695,Matt McLain,CIN,2B,,,498.2,453.9,453.9,680574
11038,Kevin Kiermaier,,OF,,,200.0,169.4,169.4,595281
19755,Shohei Ohtani,LAD,DH,,,570.7,961.4,961.4,660271
14412,Joe Hudson,,C,,,200.0,208.7,208.7,621529
25479,Brenton Doyle,CHW,OF,,,361.3,368.6,368.6,686668
21534,Cal Raleigh,SEA,C,,,526.0,659.8,659.8,663728
35107,Tommy White,ATH,1B/3B,,,292.0,272.9,272.9,695720
21622,Jake McCarthy,COL,OF,,,510.2,606.9,606.9,664983
19859,René Pinto,,C,,,200.0,212.0,212.0,650907
19566,Nathaniel Lowe,CLE,1B,,,468.9,512.3,512.3,663993
13510,José Ramírez,CLE,3B,,,529.8,699.7,699.7,608070
20002,Bryce Johnson,SDP,OF,,,232.9,223.9,223.9,669369
22563,Gabriel Arias,CHC,SS,,,320.6,295.1,295.1,672356
14130,Daniel Vogelbach,,1B/DH,,,200.0,197.5,197.5,596129
31363,Graham Pauley,MIA,3B,,,292.4,278.7,278.7,688363
10324,Marcell Ozuna,,DH/OF,,,399.2,469.4,469.4,542303
12564,Trevor Story,BOS,SS,,,391.4,420.4,420.4,596115
19818,Joshua Palacios,PIT,OF,,,214.5,204.4,204.4,641943
21464,Bryan Torres,STL,OF,,,291.5,286.9,286.9,663494
25878,Corbin Carroll,ARI,OF,,,589.2,794.0,794.0,682998
20352,Ernie Clement,TOR,2B/3B,,,560.8,539.9,539.9,676391
15429,Kris Bryant,COL,3B/OF,,,204.1,184.3,184.3,592178
23802,Anthony Seigler,BOS,2B/3B,,,293.8,297.0,297.0,678011
29795,James Triantos,CHC,2B,,,204.5,216.9,216.9,701649
28326,Jared Serna,MIA,2B,,,209.0,220.2,220.2,691858
34979,Christian Moore,LAA,2B,,,281.9,246.1,246.1,695681
25575,Kyle McCann,,C,,,200.0,208.5,208.5,668832
35110,Nick Kurtz,ATH,1B,,,465.9,729.1,729.1,701762
26149,Dominic Fletcher,CIN,OF,,,203.4,174.1,174.1,666150
30116,Seiya Suzuki,CHC,DH/OF,,,573.6,748.4,748.4,673548
20054,Bligh Madris,STL,1B/OF,,,200.0,207.7,207.7,676632
29218,Pedro Ramírez,CHC,2B,,,325.0,365.8,365.8,699393
20084,J.C. Escarra,NYY,C,,,255.8,225.2,225.2,641555
28552,Yanquiel Fernández,NYY,DH/OF,,,214.7,213.5,213.5,692585
18353,Daz Cameron,TOR,OF,,,216.7,196.1,196.1,663662
23395,Eric Wagaman,NYM,1B,,,277.4,265.5,265.5,676572
26536,Warming Bernabel,,1B,,,214.6,228.3,228.3,682653
24655,Owen Miller,CHC,1B/2B,,,201.7,197.3,197.3,680911
13853,Joey Wendle,,2B/3B/SS,,,200.0,197.9,197.9,621563
26693,Juan Brito,CIN,2B,,,249.5,261.6,261.6,682877
24782,David Villar,,1B/3B,,,202.5,211.6,211.6,681584
22766,Steward Berroa,PHI,OF,,,204.1,202.7,202.7,672642
27653,Christian Koss,SFG,2B/3B/SS,,,322.6,297.3,297.3,683766
29930,Kyler Fedko,PIT,OF,,,209.5,198.9,198.9,693459
19643,Daniel Johnson,,OF,,,214.2,202.7,202.7,669288
21614,Kyle Isbel,KCR,OF,,,396.9,335.2,335.2,664728
15711,Tyler O'Neill,BAL,OF,,,350.9,394.5,394.5,641933
28142,Jhostynxon Garcia,PIT,OF,,,225.9,209.5,209.5,691373
23359,Nelson Velázquez,HOU,DH/OF,,,255.0,250.9,250.9,676369
27790,Evan Carter,TEX,OF,,,443.0,428.4,428.4,694497
21746,José Fermín,STL,2B/3B/OF,,,386.0,377.6,377.6,665877
17838,Willie Calhoun,,DH/OF,,,200.0,204.1,204.1,641432
24151,Eddys Leonard,SFG,OF,,,204.0,219.3,219.3,678760
29518,James Wood,WSN,OF,,,571.9,812.9,812.9,695578
23772,Wilyer Abreu,BOS,OF,,,572.2,695.6,695.6,677800
19262,Garrett Hampson,CIN,2B/OF,,,209.1,169.7,169.7,641658
22266,Xavier Edwards,MIA,2B/SS,,,559.4,632.8,632.8,669364
16417,Sergio Alcántara,,2B/3B/SS,,,200.4,207.6,207.6,642727
19363,Austin Hays,SDP,OF,,,289.6,313.4,313.4,669720
19802,Jhonny Pereda,SEA,C,,,254.3,253.3,253.3,640902
22277,Nick Allen,HOU,SS,,,320.1,244.9,244.9,669397
22471,Livan Soto,,SS,,,200.0,215.1,215.1,670869
13499,Tom Murphy,,C,,,200.0,196.3,196.3,608596
18607,Jared Walsh,,1B,,,200.0,204.8,204.8,665120
33252,Kyle Karros,COL,3B,,,442.6,494.4,494.4,691720
25483,Nick Sogard,BOS,2B,,,338.9,348.7,348.7,686765
19392,Zach McKinstry,DET,3B/OF,,,459.1,432.6,432.6,656716
33270,Jonah Cox,SFG,OF,,,276.5,309.1,309.1,813841
25855,Matt Gorski,LAD,1B/OF,,,204.2,208.0,208.0,685301
30038,Carson Williams,TBR,SS,,,230.6,205.9,205.9,700246
12434,Kevin Pillar,,OF,,,204.3,193.6,193.6,607680
29957,Edwin Arroyo,CIN,2B,,,280.0,243.7,243.7,695490
27573,Gage Workman,SDP,3B,,,222.2,222.4,222.4,669398
19293,Nick Senzel,,OF,,,200.0,186.1,186.1,669222
31443,Sterlin Thompson,COL,DH/OF,,,238.5,253.4,253.4,694514
25332,Endy Rodríguez,PIT,C,,,285.2,325.2,325.2,682848
33098,Carson McCusker,,OF,,,203.0,196.2,196.2,676812
18577,Ke'Bryan Hayes,CIN,3B,,,374.5,260.5,260.5,663647
19950,Andrés Giménez,TOR,2B/SS,,,484.9,436.0,436.0,665926
28084,Emmanuel Rodriguez,MIN,OF,,,220.0,235.1,235.1,691181
21454,Lars Nootbaar,ARI,OF,,,413.8,431.0,431.0,663457
23003,Yainer Diaz,HOU,C,,,425.7,467.7,467.7,673237
28824,Samuel Basallo,BAL,C/DH,,,411.3,417.7,417.7,694212
17893,Tyler Nevin,,1B/3B,,,200.0,190.6,190.6,663527
27465,Spencer Torkelson,DET,1B,,,563.9,652.0,652.0,679529
17837,Jakson Reetz,SEA,C,,,200.0,210.2,210.2,656883
31522,Tim Elko,CHW,1B,,,207.2,202.1,202.1,671284
28080,Jasson Domínguez,NYY,OF,,,353.9,376.5,376.5,691176
21618,Alec Bohm,PHI,3B,,,554.9,607.9,607.9,664761
11680,Elias Díaz,TEX,C,,,344.8,308.7,308.7,553869
13768,Travis Jankowski,NYM,OF,,,205.0,175.5,175.5,608671
27506,Ha-Seong Kim,ATL,SS,,,286.6,245.5,245.5,673490
17232,Yoán Moncada,LAA,3B,,,293.9,312.7,312.7,660162
24679,Brendan Donovan,SEA,2B/OF,,,331.0,380.3,380.3,680977
15679,Rowdy Tellez,ATL,1B,,,236.7,244.4,244.4,642133
23442,Luis Vázquez,BAL,3B/SS,,,205.3,192.7,192.7,676679
13836,Matt Duffy,,3B,,,200.0,209.9,209.9,622110
13324,Ildemaro Vargas,ARI,2B/3B,,,453.1,415.3,415.3,545121
21780,Esteury Ruiz,MIA,OF,,,323.8,356.8,356.8,665923
17766,DJ Stewart,,OF,,,200.0,196.5,196.5,621466
29905,Kahlil Watson,CLE,OF,,,245.5,256.3,256.3,696135
30871,Josue De Paula,LAD,Util,,,221.0,275.0,275.0,800543
25493,Joey Ortiz,MIL,3B/SS,,,452.1,439.5,439.5,687401
31837,Masataka Yoshida,BOS,DH/OF,,,369.0,403.4,403.4,807799
11368,Yasmani Grandal,,C,,,200.0,203.8,203.8,518735
24273,Liover Peguero,WSN,2B/SS,,,208.8,217.4,217.4,678894
23813,Brandon Valenzuela,TOR,C,,,332.0,335.7,335.7,678218
27593,Ivan Johnson,CIN,2B,,,209.5,210.1,210.1,671155
27962,Adael Amador,COL,2B,,,251.3,248.5,248.5,691182
26374,Kameron Misner,PHI,OF,,,243.7,217.1,217.1,670224
12325,Jace Peterson,,2B/3B,,,200.0,192.0,192.0,607054
20202,Brandon Marsh,PHI,OF,,,520.0,589.3,589.3,669016
19956,Mickey Moniak,COL,OF,,,460.6,533.2,533.2,666160
17027,Alex Verdugo,,OF,,,221.3,193.7,193.7,657077
30384,Michael Arroyo,SEA,2B,,,213.5,251.7,251.7,703197
14344,Matt Olson,ATL,1B,,,611.9,795.9,795.9,621566
21897,Christopher Morel,NYM,DH/OF,,,281.0,251.7,251.7,666624
23690,Brayan Rocchio,CLE,SS,,,526.8,495.6,495.6,677587
35094,Sean Keys,TOR,1B/DH,,,228.0,236.0,236.0,815873
12092,Niko Goodrum,,Util,,,200.0,191.5,191.5,592348
27562,Austin Wells,NYY,C,,,435.3,428.8,428.8,669224
22458,Taylor Walls,TBR,SS,,,443.7,363.0,363.0,670764
12861,Anthony Rendon,LAA,3B,,,200.0,181.7,181.7,543685
22275,Jake Burger,TEX,1B/3B,,,537.6,579.7,579.7,669394
19918,Daulton Varsho,HOU,OF,,,490.1,504.6,504.6,662139
18314,Dansby Swanson,CHC,SS,,,500.0,533.1,533.1,621020
16376,Michael Conforto,CHC,OF,,,397.1,423.6,423.6,624424
28253,Javier Sanoja,MIA,3B/OF,,,469.2,530.9,530.9,691594
21496,Brandon Lockridge,MIL,OF,,,270.3,257.7,257.7,663604
33225,Jacob Gonzalez,PIT,1B/SS,,,310.5,298.2,298.2,694378
23968,Jorge Barrosa,HOU,OF,,,292.2,250.1,250.1,678489
9874,DJ LeMahieu,,2B,,,214.2,183.9,183.9,518934
10028,Christian Bethancourt,PIT,C,,,200.0,194.2,194.2,542194
25931,Michael Harris II,ATL,OF,,,566.1,649.0,649.0,671739
31991,Rafael Flores Jr.,PIT,C/1B,,,277.2,348.7,348.7,804668
27577,Casey Schmitt,SFG,2B/3B,,,439.3,506.7,506.7,669477
19964,Eguy Rosario,,3B,,,200.0,221.8,221.8,666703
31490,Wade Meckler,LAA,OF,,,358.5,403.9,403.9,685133
16496,Forrest Wall,,OF,,,200.0,204.5,204.5,657088
26548,Luisangel Acuña,CHW,2B/SS,,,328.3,282.5,282.5,682668
27763,Drew Romo,CHW,C,,,301.8,242.5,242.5,691011
19326,Bryan Reynolds,PIT,OF,,,607.4,710.5,710.5,668804
26031,Vaughn Grissom,LAA,2B,,,425.5,415.6,415.6,687093
33795,Rikuu Nishida,CHW,OF,,,215.0,215.7,215.7,807747
19452,Jake Rogers,CHW,C,,,299.7,249.1,249.1,668670
30011,Christian Encarnacion-Strand,BAL,1B/3B,,,314.2,322.9,322.9,687952
16623,Greg Allen,,OF,,,201.4,191.4,191.4,656185
26323,Spencer Steer,CIN,1B/OF,,,448.8,495.4,495.4,668715
22411,Cal Stevenson,DET,OF,,,200.8,209.5,209.5,670276
24878,Heriberto Hernández,MIA,OF,,,471.9,552.8,552.8,681715
24488,Max Schuemann,NYY,SS,,,264.8,236.6,236.6,680474
29780,Joe Mack,MIA,C,,,361.5,369.8,369.8,691788
5361,Freddie Freeman,LAD,1B,,,583.2,764.5,764.5,518692
18582,Rudy Martin Jr.,TOR,Util,,,201.5,211.7,211.7,657675
22558,Jarred Kelenic,NYY,OF,,,248.0,233.6,233.6,672284
14162,Carlos Correa,HOU,SS,,,328.9,390.4,390.4,621043
17954,Sam Hilliard,,OF,,,206.1,231.1,231.1,656541
22530,Johnathan Rodríguez,ATH,OF,,,215.2,211.9,211.9,671286
25040,Vinny Capra,BOS,3B,,,210.5,163.9,163.9,681962
15676,José Abreu,,1B,,,200.0,161.6,161.6,547989
33541,Dylan Crews,WSN,OF,,,445.7,437.6,437.6,686611
23565,Davis Schneider,TOR,2B/OF,,,294.7,292.9,292.9,676914
15271,Austin Wynns,CHC,C,,,255.5,241.4,241.4,642851
19698,Edward Olivares,,OF,,,200.0,195.2,195.2,658668
20626,Logan Porter,LAA,C,,,203.9,216.1,216.1,682515
11609,Willson Contreras,BOS,C,,,522.8,694.9,694.9,575929
25805,Blake Sabol,TBR,C/OF,,,201.8,207.8,207.8,666165
12155,Eddie Rosario,,OF,,,200.8,164.4,164.4,592696
21693,Miguel Amaya,CHC,C,,,331.8,337.9,337.9,665804
35376,Konnor Griffin,PIT,SS,,,359.0,420.7,420.7,804606
27781,Pedro León,PHI,OF,,,200.0,201.6,201.6,694175
19296,Alex Call,LAD,OF,,,328.2,354.9,354.9,669743
19273,Stone Garrett,,OF,,,200.0,222.1,222.1,656448
31564,Alan Roden,MIN,OF,,,258.8,247.4,247.4,702176
19948,Cristian Pache,NYM,OF,,,204.0,183.6,183.6,665506
27496,Owen Caissie,MIA,OF,,,367.7,389.9,389.9,683357
24336,Johan Rojas,PHI,OF,,,217.2,196.2,196.2,679032
27969,Deyvison De Los Santos,MIA,1B,,,214.0,218.5,218.5,691277
19955,Gavin Lux,TBR,2B,,,250.3,262.6,262.6,666158
29779,Max Muncy,ATH,3B,,,364.0,361.1,361.1,691777
21842,Carlos Cortes,ATH,OF,,,393.9,440.5,440.5,666126
18360,Austin Riley,ATL,3B,,,549.7,566.9,566.9,663586
10231,Jose Iglesias,,SS,,,234.3,228.9,228.9,578428
21562,Romy Gonzalez,BOS,1B/2B,,,270.6,304.4,304.4,663853
20056,Alan Trejo,,2B/SS,,,204.3,167.9,167.9,676701
20505,Drew Waters,KCR,OF,,,221.9,204.0,204.0,671221
28022,Edgar Quero,CHW,C,,,348.8,318.9,318.9,700337
29592,Connor Norby,COL,3B,,,419.2,445.9,445.9,681393
26047,Jase Bowen,SDP,OF,,,249.0,222.1,222.1,687749
23557,Chris Roller,,OF,,,200.0,211.5,211.5,676896
17684,Vimael Machín,COL,3B,,,204.2,214.9,214.9,605353
31441,Daniel Susac,SFG,C,,,280.5,282.1,282.1,691740
16512,Isiah Kiner-Falefa,BOS,SS,,,332.4,303.2,303.2,643396
31539,Drake Baldwin,ATL,C/DH,,,542.6,699.9,699.9,686948
26396,Josh Smith,TOR,3B/SS,,,371.3,379.7,379.7,669701
37122,Sung-Mun Song,SDP,2B/SS,,,273.5,245.3,245.3,823550
19722,Carlos Narváez,BAL,C,,,383.1,329.8,329.8,665966
29995,Daylen Lile,WSN,OF,,,556.1,664.3,664.3,695734
26466,Matt Wallner,MIN,OF,,,306.7,347.9,347.9,670242
21524,Joey Bart,CHW,C,,,297.2,314.9,314.9,663698
11489,Michael A. Taylor,,OF,,,232.5,194.1,194.1,572191
19788,Zach Remillard,,2B,,,200.0,208.7,208.7,621545
27784,Tyler Gentry,,OF,,,200.0,209.3,209.3,694355
23788,Jordyn Adams,,OF,,,200.5,206.1,206.1,677941
23296,Jacob Amaya,,SS,,,207.3,156.6,156.6,676070
31448,Henry Bolte,ATH,OF,,,425.0,503.0,503.0,703607
33280,Brice Matthews,HOU,2B/OF,,,321.2,289.6,289.6,694728
33549,Kyle Teel,CHW,C,,,292.7,324.8,324.8,691019
27698,Eric Yang,,PH/PR,,,200.0,212.2,212.2,687066
20538,Jose F Miranda,,1B/3B,,,203.6,216.4,216.4,669304
24496,DaShawn Keirsey Jr.,ATL,OF,,,209.3,176.6,176.6,680577
2136,David Peralta,,OF,,,200.0,213.4,213.4,444482
13419,Christian Walker,HOU,1B,,,570.5,608.3,608.3,572233
16478,Kyle Schwarber,PHI,DH/OF,,,611.4,871.3,871.3,656941
26148,Tristin English,,1B,,,202.3,196.6,196.6,663536
15905,Luis Torrens,NYM,C,,,365.3,347.8,347.8,620443
15464,Hunter Renfroe,,OF,,,210.8,192.1,192.1,592669
21626,Griffin Conine,MIA,OF,,,361.6,438.4,438.4,665052
24703,Jonah Bride,TEX,1B/3B,,,215.5,210.9,210.9,681146
21636,Jeremy Peña,HOU,SS,,,484.8,595.7,595.7,665161
20536,Vidal Bruján,NYM,2B/OF,,,216.0,189.6,189.6,660644
29766,Zack Gelof,ATH,2B,,,417.6,439.3,439.3,680869
23209,Blake Hunt,,C,,,201.5,210.9,210.9,675448
20391,Luis García Jr.,NYY,2B,,,519.6,630.6,630.6,671277
21078,Trey Cabbage,,OF,,,200.0,198.1,198.1,663550
29788,Brett Harris,SFG,3B,,,227.9,210.0,210.0,695391
26546,Agustín Ramírez,MIA,C/DH,,,376.0,399.7,399.7,682663
18401,Ronald Acuña Jr.,ATL,OF,,,468.7,635.5,635.5,660670
17988,Tyler Stephenson,CIN,C,,,463.7,520.6,520.6,663886
31562,Zach Dezenzo,HOU,OF,,,251.9,246.7,246.7,701305
25353,Michael Stefanic,ATH,2B,,,215.5,197.6,197.6,683021
16959,Eddy Alvarez,,Util,,,200.0,201.1,201.1,657193
25845,Michael Toglia,CIN,1B,,,247.7,247.5,247.5,669911
22045,Grant Koch,,C,,,200.0,206.4,206.4,667428
35111,Kaelen Culpepper,MIN,SS,,,260.0,289.7,289.7,701785
15223,Adam Frazier,LAA,2B,,,319.4,286.3,286.3,624428
27462,Austin Martin,MIN,OF,,,394.6,395.3,395.3,668885
12856,George Springer,TOR,OF,,,511.6,628.4,628.4,543807
16535,Danny Jansen,TEX,C,,,338.7,331.5,331.5,643376
16925,Aramis Garcia,ARI,C,,,209.9,198.4,198.4,605244
22823,Oswald Peraza,LAA,2B/3B,,,409.5,330.5,330.5,672724
18030,Harrison Bader,SFG,OF,,,305.6,317.8,317.8,664056
31354,Jimmy Crooks,STL,C,,,279.1,247.0,247.0,699625
18126,LaMonte Wade Jr.,HOU,1B/OF,,,295.7,276.7,276.7,664774
13185,Orlando Arcia,CIN,SS,,,246.4,199.7,199.7,606115
14712,Manuel Margot,,OF,,,202.0,188.6,188.6,622534
14274,Mitch Haniger,,OF,,,200.0,181.4,181.4,571745
25714,Blaine Crim,,1B,,,207.4,221.9,221.9,688760
22244,Jack Suwinski,TBR,OF,,,217.8,189.9,189.9,669261
26197,Andrew Vaughn,MIL,1B/OF,,,410.2,457.8,457.8,683734
24641,Willie MacIver,SEA,C,,,211.1,204.6,204.6,680862
19458,Cooper Hummel,,DH/OF,,,210.5,197.6,197.6,669450
sa3014494,Aaron Sabato,MIN,1B,,,201.5,210.9,210.9,693306
29896,Christian Franklin,BAL,OF,,,223.0,223.7,223.7,681047
35101,Sam Antonacci,CHW,OF,,,467.0,547.7,547.7,803011
23697,Julio Rodríguez,SEA,OF,,,588.5,697.3,697.3,677594
21635,Nick Maton,,2B/3B,,,206.3,202.6,202.6,665155
33191,Brock Rodden,SEA,3B/SS,,,236.0,230.3,230.3,801126
25999,Victor Mesa Jr.,TBR,OF,,,325.8,397.1,397.1,683748
22541,George Valera,CLE,DH/OF,,,223.8,229.9,229.9,671655
29704,Braxton Fulford,COL,C/DH,,,253.5,228.0,228.0,690924
27915,Alejandro Osuna,TEX,OF,,,330.6,310.3,310.3,696030
19608,Otto Lopez,MIA,2B/SS,,,594.4,667.2,667.2,672640
31349,Victor Scott II,STL,OF,,,342.3,278.2,278.2,687363
26368,JJ Bleday,CIN,OF,,,498.4,547.2,547.2,668709
19197,Will Smith,LAD,C,,,375.6,465.8,465.8,669257
22566,Tirso Ornelas,SDP,OF,,,201.6,204.9,204.9,672359
30028,Bob Seymour,,1B,,,208.3,200.4,200.4,676044
31370,Jakob Marsee,MIA,OF,,,523.4,593.3,593.3,805300
16930,Jonah Heim,ATH,C,,,431.8,350.5,350.5,641680
15279,Garrett Cooper,,1B/DH,,,200.0,189.4,189.4,643265
31812,Roman Anthony,BOS,DH/OF,,,344.3,421.8,421.8,701350
12976,Austin Hedges,CLE,C,,,338.5,273.9,273.9,595978
15585,Mike Ford,,1B/DH,,,200.0,186.7,186.7,645801
19806,Jason Delay,BOS,C,,,200.0,210.9,210.9,641511
26599,Jonatan Clase,TOR,OF,,,223.7,228.8,228.8,682729
17678,Alex Bregman,CHC,3B,,,596.0,733.0,733.0,608324
27770,Zac Veen,COL,OF,,,239.7,242.4,242.4,691728
28811,Angel Genao,CLE,2B/3B,,,266.5,255.2,255.2,694197
22799,Geraldo Perdomo,ARI,SS,,,600.0,729.6,729.6,672695
27676,Vinnie Pasquantino,KCR,1B,,,498.2,590.8,590.8,686469
14196,Andrew Velazquez,,SS,,,207.5,200.3,200.3,623205
25980,Matthew Lugo,KCR,OF,,,214.5,220.6,220.6,683090
28833,Gabriel Gonzalez,MIN,OF,,,205.5,227.4,227.4,694224
30162,Oscar Colás,,OF,,,200.0,209.5,209.5,693049
25807,Jared Triolo,PIT,3B/SS,,,415.1,374.5,374.5,669707
7802,Miguel Rojas,LAD,SS,,,353.2,365.5,365.5,500743
17548,Taylor Ward,SEA,OF,,,568.8,616.6,616.6,621493
27493,Rece Hinds,BAL,OF,,,237.4,228.2,228.2,677956
29844,Liam Hicks,TBR,C/DH,,,506.5,590.0,590.0,689414
28163,Junior Caminero,TBR,3B,,,607.8,871.6,871.6,691406
21479,Nico Hoerner,CHC,2B/SS,,,600.4,630.1,630.1,663538
19910,Sandro Fabian,,OF,,,200.0,208.1,208.1,660758
19294,Nick Solak,SDP,2B,,,206.1,202.1,202.1,669256
14968,Victor Caratini,MIN,C,,,427.6,418.1,418.1,605170
33322,Matt Shaw,CHC,3B,,,339.7,365.3,365.3,807713
17350,Rafael Devers,SFG,3B,,,589.4,817.1,817.1,646240
18289,Brian Anderson,,3B/OF,,,200.0,205.0,205.0,605119
22715,Maikel Garcia,KCR,3B,,,432.1,465.2,465.2,672580
21646,Rafael Marchán,PHI,C,,,259.3,204.1,204.1,665561
30063,Tristan Peters,CHW,OF,,,437.7,515.4,515.4,671976
28344,Tsung-Che Cheng,BOS,SS,,,222.7,216.0,216.0,691907
22274,Samad Taylor,SDP,OF,,,280.9,337.0,337.0,669392
31793,Rhylan Thomas,TOR,OF,,,201.0,212.1,212.1,689041
11493,Manny Machado,SDP,3B,,,596.3,686.9,686.9,592518
25425,Austin Shenton,,1B/DH,,,200.0,214.5,214.5,668853
25690,Grant McCray,SFG,OF,,,247.1,228.2,228.2,687529
17022,Edmundo Sosa,PHI,3B/SS,,,347.1,377.5,377.5,624641
