playerid,PlayerName,Team,G,GS,IP,SV,HLD,FPTS,SPTS,xMLBAMID
27451,Alec Marsh,KCR,,10.4,60.0,0.4,1.0,240.4,238.1,679525
12970,Joe Musgrove,SDP,,9.8,60.0,0.5,1.1,261.7,256.1,605397
20185,Zach Pop,MIA,,1.5,26.3,0.5,3.4,92.1,94.3,647315
18323,Josh Sborz,TEX,,1.8,22.0,0.5,3.8,115.9,114.6,622250
30081,Tyler Samaniego,BOS,,2.8,32.2,0.5,1.8,141.6,145.8,701719
22690,Jack O'Loughlin,,,2.1,22.0,0.5,1.1,88.7,91.9,672552
19374,Walker Buehler,SDP,,28.5,147.6,0.3,0.7,459.5,474.4,621111
19990,Bryse Wilson,MIL,,3.4,43.9,0.2,0.4,134.4,151.3,669060
31757,Mason Miller,SDP,,1.0,61.7,24.6,3.3,569.6,508.4,695243
25636,Hunter Gaddis,CLE,,1.0,57.8,1.3,25.4,396.9,375.5,683769
16306,Gerardo Reyes,,,2.2,22.0,0.6,1.2,97.3,95.3,622103
27649,Connor Phillips,CIN,,1.6,38.3,0.9,3.9,171.5,150.7,683175
27685,Carson Spiers,CIN,,2.8,25.3,0.2,0.6,66.3,75.4,686730
13470,Lucas Sims,CHW,,1.1,28.2,0.5,5.1,111.5,107.2,608371
27914,Daniel Palencia,CHC,,1.2,41.6,8.7,3.3,250.3,243.4,694037
27481,Cole Wilcox,SEA,,2.0,35.6,0.5,1.1,138.9,145.4,677961
31838,Kodai Senga,NYM,,16.1,102.0,4.8,0.9,404.9,380.8,673540
23796,Ryan Weathers,NYY,,23.9,132.5,0.4,0.9,567.8,563.7,677960
19388,Tony Gonsolin,KCR,,3.9,26.9,0.3,0.8,86.3,83.5,664062
23313,José Buttó,SFG,,1.7,29.7,0.8,2.1,143.1,133.8,676130
26255,Caleb Freeman,,,2.3,22.3,0.6,1.3,91.8,92.8,673965
35323,Roki Sasaki,LAD,,23.3,123.8,0.6,2.3,416.3,406.7,808963
21652,Elvis Peguero,BAL,,1.3,22.9,0.7,3.2,103.4,106.7,665625
33825,Yoshinobu Yamamoto,LAD,,27.3,166.9,0.3,0.7,947.3,837.8,808967
19312,Cal Quantrill,TEX,,22.1,126.8,0.3,0.6,433.2,438.7,615698
19695,Connor Seabold,KCR,,1.8,35.0,0.5,1.6,133.8,145.9,657756
25427,Gavin Hollowell,CHC,,1.8,30.1,1.1,1.6,128.0,123.2,668970
25595,Xzavion Curry,NYM,,3.1,33.0,0.3,1.0,99.7,98.4,675540
22630,Keider Montero,DET,,22.5,146.6,0.8,0.8,558.6,544.6,672456
18655,A.J. Minter,MIN,,1.3,44.9,1.1,10.1,245.7,229.2,621345
26191,Kade Strowd,ARI,,1.6,26.0,0.4,2.9,130.7,119.8,669704
25589,Sammy Peralta,LAA,,2.1,32.2,0.4,1.7,104.1,126.2,671111
25436,George Kirby,SEA,,26.8,157.4,0.3,0.6,691.3,718.8,669923
21690,Edward Cabrera,CHC,,21.0,113.8,0.3,0.7,431.5,419.6,665795
29770,Mason Montgomery,PIT,,3.6,59.6,7.8,9.1,397.0,376.8,682254
24591,Joey Gerber,NYM,,2.1,26.6,0.5,1.1,119.5,112.5,680702
20794,Manuel Rodríguez,TBR,,1.1,27.4,0.7,6.6,156.0,150.0,655889
27582,Davis Daniel,,,3.6,23.0,0.3,0.7,88.4,93.3,669721
10314,Erasmo Ramírez,,,1.4,23.1,1.0,0.8,92.6,83.4,541640
29866,Chayce McDermott,NYM,,2.7,26.7,0.5,1.0,68.3,73.0,694646
31623,Jacob Misiorowski,MIL,,26.9,151.3,0.5,1.0,944.0,828.8,694819
21183,Humberto Castellanos,,,2.0,22.0,0.9,1.1,99.1,99.2,528748
17480,Daniel Duarte,NYM,,1.9,36.8,1.7,4.8,210.9,189.2,650960
22543,Taj Bradley,MIN,,29.2,163.4,0.3,0.7,704.9,667.8,671737
15290,Austin Pruitt,ATH,,2.2,22.0,0.6,1.6,78.5,79.3,643493
17968,Brock Burke,CIN,,1.7,64.8,1.1,13.8,346.2,330.9,656271
27782,Brandon Pfaadt,ARI,,23.4,141.8,0.3,1.3,570.0,594.6,694297
31910,Brycen Mautz,STL,,2.9,28.5,0.6,1.2,101.0,109.6,802408
26333,Jack Weisenburger,NYM,,2.2,27.8,0.6,1.2,144.2,139.3,674073
17034,Sean Reid-Foley,,,1.7,22.0,0.4,2.2,116.1,108.6,656887
25463,Brandon Williamson,CIN,,12.8,84.8,0.8,1.6,269.2,247.4,682227
25379,Sam Long,KCR,,0.9,26.0,0.4,2.0,101.2,102.6,669674
26413,Porter Hodge,CHC,,1.0,25.3,2.5,4.4,137.2,127.6,687863
29633,Andrew Hoffmann,PHI,,1.8,29.0,0.5,2.5,89.8,99.4,694851
30250,Jaden Hill,COL,,1.4,43.8,1.3,8.3,215.9,213.1,677955
21131,Jose Espada,BAL,,2.3,22.8,0.6,1.2,108.6,106.1,664744
25098,Jacob Lopez,ATH,,22.9,127.9,0.4,1.5,431.2,429.8,682052
22487,Johan Oviedo,BOS,,4.5,27.9,0.3,0.7,105.1,94.7,670912
17874,Nestor Cortes,PHI,,10.9,63.4,0.3,0.7,231.6,226.7,641482
24493,Adam Kloffenstein,NYY,,2.5,22.0,0.6,1.8,100.2,98.2,680572
12572,Blake Treinen,LAD,,1.1,39.2,1.4,9.1,220.5,213.2,595014
23165,Steven Cruz,KCR,,2.2,55.4,3.5,6.2,251.4,236.6,674444
31598,Jake Palisch,CHW,,2.4,22.1,0.6,1.3,94.9,96.9,669449
16609,Bryan Abreu,HOU,,0.9,59.3,4.6,18.7,397.0,365.3,650556
21052,Luis Gil,NYY,,13.8,78.4,0.3,0.7,317.0,279.3,661563
25918,Zack Thompson,STL,,2.5,22.0,0.5,1.0,71.9,76.8,668868
17312,Justin Steele,CHC,,10.2,62.3,0.4,0.8,300.2,284.2,657006
18337,Nick Anderson,,,1.2,23.5,0.5,1.1,90.2,90.6,623433
22294,Matthew Liberatore,STL,,26.0,149.8,0.3,2.5,540.2,579.0,669461
27877,Beck Way,KCR,,2.7,33.7,0.5,1.8,123.1,130.4,694360
20422,Jovani Morán,BOS,,3.5,54.9,0.4,3.8,267.2,233.6,663558
17755,Drew Smith,,,1.8,22.0,1.1,3.1,110.5,109.6,622098
17586,Tanner Scott,LAD,,1.0,58.5,18.1,9.0,432.8,409.1,656945
14993,Scott Barlow,,,1.2,45.5,1.4,10.9,222.9,201.8,605130
19350,Dean Kremer,MIN,,20.6,118.8,0.3,0.6,482.1,460.4,665152
27626,Eric Orze,MIN,,1.4,46.8,1.9,4.3,221.9,224.5,679358
30661,Didier Fuentes,ATL,,4.1,59.5,2.1,11.1,333.5,330.0,800311
25007,Alex Vesia,LAD,,1.0,56.0,3.5,16.4,388.7,338.5,681911
28148,Luis Perales,WSN,,2.3,27.5,0.6,1.2,59.2,66.4,691384
19281,Nick Hernandez,ATH,,1.7,23.1,0.4,0.9,73.8,75.1,663321
34847,Tyler Davis,CHW,,2.0,37.3,1.2,1.1,180.4,164.5,699823
19309,Trevor Richards,CHW,,1.7,61.9,1.0,2.8,281.3,263.5,670950
22717,Angel Zerpa,MIL,,1.3,34.8,0.8,6.3,159.3,169.2,672582
21189,Brooks Kriske,ATH,,1.7,25.1,0.4,0.9,105.7,106.7,621139
19866,Brandon Bielak,HOU,,1.5,22.0,0.4,0.8,71.1,77.6,656232
21367,Peter Strzelecki,STL,,1.8,29.0,0.5,1.4,123.4,121.1,657265
24728,Mike Burrows,HOU,,20.8,116.9,0.5,1.4,364.2,389.2,681347
13190,Jordan Weems,,,1.2,22.4,0.3,1.9,75.7,83.6,607179
24494,Simeon Woods Richardson,SEA,,19.2,104.1,0.3,0.7,352.1,360.4,680573
25611,Antoine Kelly,CHC,,2.5,22.7,0.6,1.3,102.5,98.8,681520
33458,Jared Simpson,WSN,,3.2,24.2,0.6,1.3,104.5,97.4,688692
20070,Bailey Falter,ATL,,14.3,79.0,0.3,0.6,265.9,273.2,663559
26253,Ryne Nelson,ARI,,18.7,118.4,0.8,0.9,487.8,474.2,669194
33294,Seth Halvorsen,LAD,,1.3,40.5,4.6,3.5,153.6,158.6,678020
31614,Gabriel Hughes,COL,,16.6,92.0,1.8,1.7,363.4,385.4,687312
22273,Owen White,,,2.0,22.7,0.5,1.1,74.7,90.3,669391
27757,Dax Fulton,MIA,,2.1,35.0,0.5,1.1,166.2,157.4,690978
35418,Gage Jump,ATH,,20.7,109.3,0.7,1.5,422.2,450.7,695611
26944,Edgardo Henriquez,LAD,,2.1,53.9,2.2,8.8,345.5,319.7,683618
35333,Chase Burns,CIN,,25.9,141.5,0.5,1.7,727.0,694.8,695505
13273,Ross Stripling,,,8.6,60.0,0.6,1.7,233.1,261.2,548389
19995,Joel Kuhnel,SFG,,1.7,43.2,5.0,4.4,174.7,183.1,669270
30226,Spencer Bivens,KCR,,1.1,32.6,1.0,1.8,138.2,144.2,702352
14764,Wes Parsons,,,2.0,22.0,0.5,1.1,92.4,91.4,641149
8241,David Robertson,,,0.8,23.8,1.0,8.2,156.7,148.0,502085
25890,Bryan King,HOU,,1.5,58.0,3.1,13.1,297.5,298.8,687911
29514,River Ryan,DET,,3.6,23.5,0.4,0.9,113.9,108.3,689981
22175,Max Kranick,WSN,,1.4,34.9,0.4,3.6,124.4,132.9,668820
21481,Sean Hjelle,,,1.0,23.5,0.2,1.6,99.0,104.9,663546
15947,Ryne Stanek,STL,,1.0,57.9,3.2,16.0,310.7,300.6,592773
31552,Zach Agnos,COL,,3.0,70.6,3.0,2.5,243.0,265.8,688642
29952,Luke Murphy,LAA,,2.1,31.0,0.5,4.7,148.8,150.2,684665
26344,Taylor Rashi,ATH,,1.7,26.5,1.4,1.0,129.3,129.5,688497
24492,Grayson Rodriguez,LAA,,19.3,106.8,0.4,0.9,389.4,411.7,680570
21544,Chase Shugart,PHI,,1.3,52.2,0.6,2.5,219.1,197.0,663767
12763,Chris Devenski,NYM,,1.6,27.5,0.3,1.8,89.8,89.9,606965
32095,Cam Schlittler,NYY,,27.7,162.6,0.5,1.0,935.9,842.5,693645
15463,José De León,,,2.7,22.7,0.5,1.1,98.3,98.3,592254
13774,Zach Eflin,BAL,,11.7,69.0,0.3,0.6,248.0,262.9,621107
15552,Chad Green,,,0.8,26.4,3.2,3.2,111.0,108.6,643338
19951,Ian Anderson,,,2.0,22.9,0.5,1.6,79.4,88.9,666120
33821,Philip Abner,SFG,,2.0,31.9,0.5,1.8,84.5,90.3,691769
21455,Kris Bubic,LAD,,14.4,98.1,0.7,3.5,536.2,505.3,663460
20447,Enoli Paredes,,,1.7,22.0,0.8,1.9,112.5,105.0,660600
3137,Max Scherzer,TOR,,19.8,104.8,0.4,0.9,358.3,345.7,453286
10233,Aroldis Chapman,BOS,,1.0,53.5,21.8,5.7,463.3,421.9,547973
29812,Robert Gasser,MIL,,19.8,112.2,0.6,1.2,448.3,439.5,688107
26117,Blas Castaño,COL,,1.9,36.0,0.5,1.1,129.7,131.3,680604
21863,George Soriano,STL,,1.3,58.2,2.6,10.1,222.1,222.8,666277
16981,Tyler Beede,,,1.9,22.0,0.5,1.8,92.7,93.0,595881
33862,Ty Johnson,TBR,,2.3,25.3,0.6,2.1,119.8,116.7,694494
21238,Allan Winans,,,2.9,22.9,0.4,1.0,67.3,76.0,642216
19249,Seranthony Domínguez,SEA,,1.0,58.3,7.0,9.8,328.4,301.8,622554
29826,Brett Kerry,LAA,,2.2,28.8,0.5,1.2,140.3,135.7,695049
30106,Jack Neely,CHC,,2.2,22.0,0.6,1.2,88.5,89.7,680891
23162,Eduarniel Núñez,CHC,,1.9,23.3,0.5,1.0,82.3,82.3,674384
31886,Duncan Davitt,SFG,,2.3,25.2,0.6,1.3,96.6,92.9,701474
30182,Will Warren,NYY,,29.2,152.4,0.4,1.3,594.8,618.2,701542
19979,Zach Plesac,,,3.1,22.0,0.5,1.1,77.0,74.9,668676
14975,Chad Kuhl,,,1.3,22.0,0.5,0.8,93.2,94.7,641771
21649,Luis Medina,ATH,,4.2,57.7,0.4,6.5,278.2,273.4,665622
17969,Peter Lambert,HOU,,20.0,135.5,0.5,1.4,582.0,568.7,663567
19206,Dakota Hudson,,,10.2,60.0,0.6,1.2,180.9,194.1,641712
15042,Tim Mayza,PHI,,3.8,56.3,0.3,3.6,264.6,263.3,641835
20546,Grant Anderson,MIL,,1.1,58.5,0.5,4.5,252.2,235.3,681982
23135,Eduardo Salazar,,,1.1,24.9,0.3,1.9,74.3,91.3,674285
20370,Bruce Zimmermann,,,2.6,25.1,0.5,1.1,96.7,98.4,669145
29945,Jack Sinclair,WSN,,2.3,26.5,1.3,2.7,132.5,122.9,695378
29837,Bryce Miller,SEA,,22.1,125.4,0.3,0.7,521.3,485.3,682243
31850,Cade Winquest,STL,,2.2,27.8,0.6,1.9,135.6,129.0,685464
17169,José Castillo,,,1.4,25.2,0.4,1.9,97.0,104.9,620454
13050,Anthony DeSclafani,,,2.7,25.9,1.0,1.1,88.1,84.2,543101
19178,Tommy Nance,MIN,,1.3,54.5,0.3,5.4,282.4,276.1,667297
33677,Paul Skenes,PIT,,28.8,162.8,0.3,0.6,921.9,860.8,694973
33464,George Klassen,LAA,,12.6,73.5,1.1,2.3,290.1,282.3,691946
10310,Zack Wheeler,PHI,,24.2,153.0,0.3,0.6,846.3,753.1,554430
26108,Andre Pallante,STL,,27.3,154.8,0.3,0.9,621.1,632.3,669467
20009,Kenny Rosenberg,,,1.9,22.0,0.4,0.9,81.3,83.5,670046
23391,Ricky Vanasco,ATL,,2.2,25.2,0.5,2.3,81.4,93.6,676568
27753,Bailey Horn,DET,,1.5,23.1,0.4,1.7,82.5,84.8,690544
25862,Noah Davis,PIT,,1.5,23.1,0.4,1.1,43.9,61.3,663562
19479,Aaron Civale,CHC,,20.1,124.7,1.4,1.0,437.5,449.8,650644
29564,Patrick Monteverde,MIA,,2.2,24.4,0.6,1.2,95.0,103.9,687287
33666,Connelly Early,WSN,,19.1,107.8,0.6,1.4,453.0,439.6,813349
16647,Ryan Thompson,ARI,,1.0,46.5,0.9,11.9,247.4,257.9,657044
26226,Nick Robertson,LAD,,1.9,22.0,0.5,1.1,92.0,92.8,687798
30008,Evan Justice,COL,,2.5,22.0,0.6,1.4,97.5,95.7,687145
22370,Raymond Burgos,BOS,,2.1,30.7,1.2,1.1,130.8,132.3,670103
27585,Zac Kristofak,,,2.4,22.0,0.6,1.3,96.1,95.8,670219
20038,Darren McCaughan,,,2.4,22.5,0.8,1.2,77.6,83.8,670766
18318,Jacob Waguespack,DET,,2.6,43.8,0.4,3.8,201.2,172.5,621097
30084,Carson Seymour,SFG,,2.6,40.4,0.8,5.0,127.6,131.0,693313
20418,Josh Fleming,STL,,2.3,23.5,0.7,1.1,82.4,88.0,676596
31743,David Sandlin,CHW,,10.3,77.2,1.0,2.1,301.9,294.8,689818
31776,Orion Kerkering,PHI,,1.4,57.0,2.0,14.4,328.8,320.7,689147
10315,Michael Tonkin,MIN,,0.8,24.4,0.5,1.0,115.4,110.0,543859
27942,John McMillon,,,2.0,22.0,0.5,1.8,107.2,101.4,669111
12317,Colin Rea,CHC,,21.5,142.9,1.1,0.8,525.0,526.9,607067
31853,Cooper Hjerpe,STL,,2.3,26.5,0.6,1.2,128.7,119.8,687309
31843,Kumar Rocker,TEX,,25.7,137.9,0.5,1.0,486.6,511.7,677958
18311,Carson Fulmer,SEA,,1.9,24.9,0.2,0.4,98.7,95.0,608334
33703,Nolan McLean,NYM,,25.6,151.1,0.5,1.1,740.8,687.0,690997
27783,Zach Brzykcy,MIA,,1.5,25.8,0.4,0.8,74.2,82.1,694350
25385,Drew Rasmussen,TBR,,28.7,161.0,0.7,1.6,877.6,799.6,656876
27581,Hayden Wesneski,HOU,,13.5,90.2,0.5,1.7,389.7,363.3,669713
15684,Miguel Castro,,,1.7,22.6,0.4,1.7,81.4,84.5,612434
31280,Eduardo Rivera,BOS,,4.6,27.0,0.6,1.2,116.6,113.9,700842
27453,Anthony Veneziano,TEX,,1.7,24.5,0.3,2.4,102.9,107.9,685107
12828,Andrew Kittredge,BAL,,0.9,51.0,4.8,14.0,313.4,306.6,552640
24590,John Rooney,TBR,,2.4,22.1,0.6,1.3,92.4,89.7,680701
15369,Kevin Herget,NYM,,1.6,23.8,0.7,1.2,118.0,110.6,643361
19427,Shane Bieber,TOR,,15.5,91.9,0.6,1.2,357.4,345.9,669456
31610,Zach Maxwell,CIN,,1.9,29.5,1.1,1.7,93.4,101.7,687209
8700,Justin Verlander,DET,,13.3,77.0,0.3,0.6,304.4,311.0,434378
18864,Pedro Avila,,,0.9,22.0,0.4,0.6,99.6,96.4,658648
13594,Robert Stephenson,LAA,,2.0,23.0,0.5,1.1,107.0,101.4,596112
18439,Danny Young,ATL,,1.7,29.0,0.3,5.5,135.2,133.3,664849
21573,Nolan Kingham,SEA,,2.4,22.5,0.6,1.3,97.4,95.7,663884
30107,Christian Scott,NYM,,22.0,115.0,0.5,1.2,517.6,495.4,681035
17490,Génesis Cabrera,,,0.8,26.3,0.7,3.1,87.6,89.7,650893
24094,Ronny Henriquez,MIA,,1.1,29.3,1.9,7.2,183.1,173.5,678692
12447,Seth Lugo,KCR,,26.6,159.0,0.3,0.6,624.0,626.4,607625
17722,Trevor Megill,MIL,,1.1,56.5,24.4,4.5,479.6,449.0,656730
14739,Paul Blackburn,NYY,,9.3,105.4,1.4,7.1,479.9,458.2,621112
21850,Mason Thompson,,,2.0,23.1,0.5,1.1,83.6,90.2,666168
19360,Lucas Erceg,KCR,,1.0,50.8,7.2,10.8,292.6,293.0,668674
17920,Cody Ponce,TOR,,3.2,23.2,0.6,1.3,109.7,104.9,664074
28489,Winston Santos,TEX,,2.5,23.0,0.6,1.4,90.4,89.8,692437
18510,Josh Rogers,,,2.0,22.0,0.5,1.1,87.6,90.4,642028
11828,James Paxton,,,10.5,60.0,0.5,1.1,229.3,223.1,572020
19871,Tucker Davidson,PHI,,2.2,22.0,0.6,1.2,98.0,95.8,656353
19588,Guillo Zuñiga,NYM,,1.8,22.5,1.2,1.0,85.3,81.5,670871
31741,Mason Barnett,ATH,,11.6,84.2,2.7,1.6,204.0,227.7,686930
20333,Nick Raquet,,,2.3,24.0,0.6,1.2,98.2,92.1,675919
20379,Tyler Zuber,MIA,,1.7,43.0,1.0,6.8,156.7,169.6,676604
15009,Kyle Finnegan,DET,,1.0,58.0,14.9,6.0,321.3,319.2,640448
7593,Jordan Lyles,,,2.2,22.0,0.6,1.2,103.4,97.8,543475
12784,Burch Smith,DET,,1.5,30.5,0.3,1.6,135.2,140.6,572143
25501,Paxton Schultz,WSN,,2.9,40.6,0.9,0.9,148.9,167.0,687606
11836,Taijuan Walker,,,13.6,83.7,0.6,1.3,178.1,213.7,592836
17277,Ranger Suarez,BOS,,25.4,147.4,0.3,0.6,727.3,719.0,624133
23091,Robinson Piña,,,2.4,22.2,0.6,1.3,86.5,89.3,673820
9803,Miles Mikolas,,,20.3,133.6,0.3,0.6,392.4,431.6,571945
21527,James McArthur,KCR,,1.1,22.0,4.2,1.0,106.1,112.8,663704
21844,Braxton Garrett,CHC,,4.2,24.2,0.3,0.7,94.6,100.3,666129
25178,Joe Jacques,,,2.3,22.0,0.6,1.3,88.9,90.3,682175
14524,José Leclerc,,,0.9,22.9,0.4,3.1,110.0,107.6,600917
17998,Pete Fairbanks,MIA,,1.3,48.7,18.5,1.4,319.8,300.6,664126
6895,Chase Anderson,TEX,,1.3,22.0,0.9,0.6,80.3,76.8,502624
19261,Ian Hamilton,ATL,,1.2,28.3,0.4,3.7,143.5,137.5,641656
31913,Hayden Harris,COL,,2.3,22.3,0.6,1.3,95.0,94.6,802686
15849,Kent Emanuel,CIN,,2.3,24.5,0.4,0.9,90.3,90.9,592288
25921,Casey Legumina,TBR,,4.3,61.6,0.3,4.8,254.7,262.4,668984
31873,Max Rajcic,STL,,2.3,26.5,0.6,1.3,113.5,108.3,691008
22191,Tobias Myers,NYM,,11.7,91.4,1.3,2.5,371.5,378.8,668964
12049,Kyle Hendricks,,,13.3,76.5,0.2,0.5,261.0,271.5,543294
26259,Hunter Bigge,ATH,,1.8,33.2,0.7,4.2,153.7,143.8,685801
20778,Cristopher Sánchez,PHI,,28.6,180.2,0.3,0.6,957.4,956.7,650911
17793,Trey Wingenter,,,2.1,22.0,0.5,1.1,84.8,87.8,622259
30086,Jack Anderson,MIN,,2.2,28.2,1.3,1.2,137.5,133.6,681252
25241,Domingo Gonzalez,SEA,,2.3,25.8,0.6,1.3,100.4,102.7,682445
10855,Chasen Shreve,,,2.4,22.0,0.6,1.3,99.5,96.7,592741
27494,Clayton Beeter,WSN,,1.5,48.5,6.8,9.0,259.1,233.9,690925
26136,Austin Pope,,,2.4,22.2,0.6,1.3,98.2,97.1,687166
22622,Yovanny Cruz,WSN,,2.2,28.8,0.6,2.6,113.6,112.5,672442
16933,Elieser Hernández,ATL,,2.1,27.5,1.0,1.0,91.4,86.5,622694
33827,Woo-Suk Go,MIN,,2.4,24.0,0.6,2.1,86.3,92.7,808970
19459,Jorge Alcala,,,0.8,27.5,0.2,3.9,110.5,109.4,660896
1890,Matt Moore,KCR,,1.2,22.0,0.5,2.9,87.9,80.5,519043
23363,Robert Garcia,TEX,,0.8,36.2,2.2,7.1,213.0,207.6,676395
19403,Colin Poche,,,1.2,22.9,0.8,5.5,106.5,103.6,621363
26270,Blake Walston,ARI,,2.5,23.5,0.4,1.0,90.1,85.3,686796
33908,José Fermin,LAA,,1.5,51.4,0.9,7.2,228.4,216.5,820862
31468,Jack Perkins,ATH,,15.8,121.9,4.4,3.2,479.3,480.8,678022
23920,Brayan Bello,BOS,,19.3,132.8,0.6,0.6,530.9,536.2,678394
26152,Jack Little,DET,,2.3,22.3,0.6,1.3,97.1,97.4,669193
25590,Adam Macko,TEX,,2.7,37.5,0.5,4.4,139.2,153.2,671936
16866,Reed Garrett,NYM,,1.0,27.5,1.4,6.7,165.9,159.7,657585
5003,Jake Diekman,,,1.4,22.0,1.5,3.0,99.1,90.3,518617
23324,Freddy Tarnok,,,2.1,22.7,1.1,1.2,110.2,100.2,676206
12718,Adrian Houser,SFG,,18.1,127.3,0.6,1.5,490.2,498.3,605288
30166,Marco Raya,MIN,,2.4,25.0,0.6,1.3,102.3,100.8,694397
15100,Ben Heller,,,1.9,22.0,0.5,1.0,86.8,92.0,621294
29754,Sam Bachman,LAA,,1.6,48.0,0.9,10.8,229.1,221.2,696147
24975,Cooper Criswell,SEA,,4.5,42.6,0.8,1.4,172.0,180.9,681867
24017,José A. Ferrer,SEA,,1.1,61.3,4.8,12.8,335.8,354.2,678606
18138,Ryan Helsley,BAL,,0.8,35.3,15.2,0.7,240.4,236.6,664854
26790,Angel Chivilli,NYY,,1.0,36.2,0.5,2.9,97.9,110.6,683409
29934,Riley Martin,CHC,,3.0,26.2,0.6,1.2,126.4,119.0,702303
15038,Germán Márquez,MIN,,18.5,99.1,0.9,0.9,205.8,257.0,608566
30140,Ty Madden,DET,,2.4,44.0,0.4,1.4,202.5,193.0,680744
19179,Kirby Snead,PHI,,2.0,22.0,0.5,1.1,95.4,96.1,669912
32015,Alex Cook,TBR,,2.4,24.8,0.6,1.3,107.7,104.0,702047
23460,Brandon Hughes,,,2.5,22.0,0.4,1.0,62.3,65.8,676714
31701,Blade Tidwell,SFG,,13.0,89.8,1.7,2.5,305.9,302.7,694918
22288,Mason Englert,TBR,,2.7,44.3,0.7,1.0,166.3,176.6,669438
17995,Logan Webb,SFG,,26.0,161.0,0.3,0.6,809.2,819.0,657277
31760,JR Ritchie,ATL,,13.3,93.8,1.8,3.7,312.3,296.4,702275
17496,Diego Castillo,,,2.0,22.0,0.5,1.1,97.4,94.0,650895
27787,Will Klein,LAD,,3.2,44.4,1.5,8.0,230.6,241.3,694361
25310,Peyton Gray,TEX,,1.8,50.0,0.5,5.8,224.4,224.9,682608
25215,Yaramil Hiraldo,BAL,,1.7,28.6,0.4,1.8,107.4,103.1,682274
30133,Brant Hurter,DET,,2.2,45.1,0.8,2.4,232.4,219.1,676428
25703,Zak Kent,WSN,,1.7,31.9,0.4,0.9,121.1,124.9,687849
26429,Cody Laweryson,MIN,,1.9,31.1,1.1,2.3,146.7,139.4,689520
16233,Tejay Antone,CIN,,1.8,48.5,1.0,6.9,246.8,232.6,622088
8048,Will Smith,,,1.3,22.0,0.6,2.7,89.4,90.5,519293
13763,Dominic Leone,,,1.7,22.0,0.4,2.3,86.5,85.5,608678
16135,Brandon Leibrandt,CIN,,2.0,25.0,0.5,1.1,70.9,80.0,605335
29961,Tyler Uberstine,ATL,,2.4,23.3,0.6,1.3,94.5,93.7,700413
33760,Matt Wilkinson,SFG,,11.6,72.3,1.1,2.4,305.3,296.7,683363
25376,Nick Mears,KCR,,0.9,37.3,0.5,8.5,200.2,194.2,683232
21858,Riley Pint,,,2.3,22.0,0.6,1.3,82.0,82.0,666207
27741,Nick Davila,SEA,,2.0,35.7,1.2,2.4,145.9,142.0,689546
3548,Liam Hendriks,,,1.8,23.4,0.5,1.0,98.4,94.1,521230
21032,Emmanuel Clase,CLE,,0.7,26.7,11.8,0.6,213.6,202.5,661403
15873,Sean Manaea,NYM,,20.6,138.4,0.3,0.7,574.2,549.8,640455
27483,Bobby Miller,LAD,,4.2,25.2,0.3,0.6,49.1,59.2,676272
27908,Noah Murdock,PIT,,1.8,25.4,0.4,1.4,95.6,107.1,668716
22276,Dylan Coleman,,,2.4,22.0,0.6,1.3,99.1,96.0,669395
11487,Joely Rodríguez,BOS,,1.9,22.0,0.5,2.5,93.5,96.6,570257
20531,Kutter Crawford,BOS,,9.9,60.0,0.3,0.7,239.5,221.6,676710
19835,Gerson Garabito,MIL,,2.0,22.8,0.4,1.1,85.9,89.9,642520
19865,Charlie Barnes,LAD,,2.2,28.5,0.5,1.2,88.4,94.2,656212
20369,Matt Manning,,,8.3,60.0,1.1,2.3,245.6,252.6,666159
22182,Hunter Greene,CIN,,14.4,84.6,0.3,0.6,441.8,397.2,668881
26482,Jayden Murray,CHC,,2.3,31.3,0.5,1.9,119.5,131.1,681151
20827,Michael Petersen,MIA,,1.4,55.6,0.8,13.6,321.0,300.7,656848
17780,José Alvarado,PHI,,1.1,53.4,5.6,10.3,301.8,302.9,621237
11189,Vince Velasquez,KCR,,2.3,23.7,0.6,1.3,113.7,106.9,592826
17732,Nabil Crismatt,,,3.0,25.4,0.3,0.7,94.4,99.4,622503
14843,Michael Lorenzen,TOR,,24.8,137.8,0.7,1.0,399.9,451.3,547179
13074,Yu Darvish,SDP,,12.0,67.2,0.4,0.8,279.7,258.7,506433
21390,Joe Ryan,MIN,,25.4,146.4,0.3,0.6,687.9,651.5,657746
21132,Alexis Díaz,TEX,,1.0,23.8,5.6,1.5,113.6,105.1,664747
30184,Noah Cameron,KCR,,26.8,160.0,0.4,0.9,708.7,671.4,702070
27487,Landon Knack,LAD,,9.7,70.1,2.0,1.0,238.8,226.3,689017
27694,Justin Sterner,ATH,,1.5,49.8,0.7,10.6,230.4,220.7,686993
30165,Ricky Tiedemann,TOR,,2.4,25.0,0.6,2.1,112.0,111.0,694357
21448,Davis Martin,CHW,,25.9,146.9,0.4,0.8,578.8,583.6,663436
21924,Juan Morillo,ARI,,1.5,56.8,2.2,11.6,349.2,332.4,666661
32056,Noah Schultz,CHW,,17.2,95.5,0.8,2.7,358.6,354.2,702273
16507,Dan Altavilla,,,1.7,24.9,1.1,1.5,103.5,93.9,656186
12768,Sonny Gray,BOS,,26.3,159.6,0.3,0.6,777.5,756.4,543243
26128,Amos Willingham,MIA,,2.4,22.0,0.6,1.3,91.5,91.0,686294
30167,Robby Ahlstrom,TEX,,1.9,40.5,0.5,5.5,158.0,160.4,695239
26349,Gavin Collyer,TEX,,2.1,33.5,0.5,1.1,137.4,125.8,686560
30064,Seth Lonsway,SFG,,2.4,23.0,0.6,1.3,99.5,104.7,675920
33699,Logan Evans,SEA,,11.3,68.1,0.6,1.2,227.0,233.7,688138
22192,Hans Crouse,SDP,,1.6,22.0,0.4,1.2,106.6,97.6,668968
2520,Lance Lynn,,,10.0,60.0,0.5,1.0,247.6,241.9,458681
31891,Andrew Morris,MIN,,3.6,57.8,2.9,15.4,338.5,346.4,702193
26030,Tyler Owens,DET,,2.3,22.3,0.6,1.3,94.4,94.0,687074
26058,Easton Lucas,,,3.2,24.4,0.3,1.0,84.9,89.1,687922
27472,Jared Shuster,STL,,2.1,28.1,0.2,1.1,100.5,112.0,694363
29357,Walbert Ureña,LAA,,23.2,132.2,0.6,2.1,650.8,600.9,700712
31624,Brian Fitzpatrick,MIL,,2.3,25.3,0.6,1.3,113.8,114.5,702153
18694,Kolby Allard,PHI,,2.2,32.8,0.2,1.5,130.8,141.8,663465
23150,Osvaldo Bido,,,8.6,77.3,1.3,1.2,255.4,251.4,674370
23479,Cam Sanders,BAL,,1.8,36.8,2.3,1.6,168.4,162.7,676742
4676,Charlie Morton,,,12.6,74.2,0.2,0.5,267.7,266.4,450203
24930,Ethan Roberts,CHC,,1.4,35.7,0.4,1.1,125.2,126.1,681799
31492,Blake Adams,COL,,2.5,22.5,0.6,1.4,75.6,82.9,687060
14552,José Ruiz,,,1.0,23.6,0.5,1.3,91.8,96.4,614179
11486,Robbie Ray,SDP,,27.4,159.4,0.3,0.7,671.2,606.2,592662
30249,Jack Dreyer,LAD,,3.7,60.3,2.4,8.4,359.7,333.3,676263
25377,Brady Singer,CIN,,28.2,154.0,0.3,0.6,535.9,555.6,663903
26079,Beau Brieske,DET,,3.6,35.5,0.7,3.4,155.0,149.5,689225
24614,Victor Vodnik,MIA,,1.0,55.4,6.1,5.6,273.7,277.1,680767
13649,Clay Holmes,CHC,,18.8,125.1,7.9,1.2,614.3,584.9,605280
19200,José Quijada,,,1.7,22.1,0.4,3.7,112.2,105.1,650671
10591,Scott Alexander,KCR,,1.1,23.8,0.3,3.6,97.2,95.9,518397
30142,Doug Nikhazy,CHC,,2.8,23.4,0.6,1.2,97.4,96.8,680951
26285,Tommy Henry,ARI,,3.0,22.7,0.3,0.7,61.1,66.5,674072
26353,Marc Church,TEX,,2.2,22.5,0.6,1.8,99.5,98.5,687847
15734,Brad Keller,PHI,,1.6,44.6,2.2,11.1,254.7,242.7,641745
30231,Carter Baumler,TEX,,2.4,24.8,0.6,1.3,97.0,93.7,691945
16703,Julian Merryweather,MIN,,1.4,23.9,0.4,4.3,106.7,112.6,657240
15068,Yency Almonte,LAD,,1.8,22.0,0.8,3.2,116.5,109.2,622075
31883,Troy Taylor,SEA,,1.6,22.7,0.7,2.8,86.9,91.9,700187
29519,Gordon Graceffo,STL,,2.1,65.5,1.2,4.0,328.2,309.9,700669
24737,Gus Varland,WSN,,1.5,37.8,3.4,3.9,151.3,169.7,681402
26641,Wikelman González,MIA,,1.7,24.0,0.4,1.4,119.8,112.8,682790
11861,Jason Adam,SDP,,0.9,44.7,1.5,17.1,302.5,279.5,592094
19225,Mitch White,,,1.6,22.0,0.4,0.9,78.4,79.3,669952
17952,Tyler Jay,MIL,,2.1,22.0,0.5,1.1,95.9,95.8,664079
17281,Thomas Pannone,MIL,,3.1,23.5,0.6,1.3,95.1,92.7,623381
27974,Cristian Mena,ARI,,2.5,22.7,0.5,1.1,89.6,85.6,691441
29318,Welinton Herrera,COL,,2.5,23.2,0.6,1.4,102.9,102.8,700327
18548,Sam Hentges,SFG,,1.6,39.2,0.4,8.8,217.2,213.8,656529
20408,Eli Villalobos,SDP,,2.3,22.0,0.6,1.2,94.8,91.6,681871
28036,Luke Little,KCR,,1.8,22.8,0.4,1.8,100.2,92.2,681432
19874,Alex Faedo,LAA,,6.5,60.0,0.7,6.3,256.4,243.8,656412
21205,Connor Brogdon,CLE,,1.3,34.7,0.7,3.7,115.0,111.7,641401
23631,Clayton Andrews,,,2.5,22.0,0.6,1.3,90.9,89.5,677076
22201,MacKenzie Gore,TEX,,30.2,161.3,0.3,0.6,701.6,706.8,669022
24968,Reese Olson,DET,,12.1,66.9,0.3,0.7,327.0,317.6,681857
27779,Bryce Elder,ATL,,26.2,150.1,0.3,0.8,516.8,540.1,693821
16977,Trevor Williams,TEX,,12.8,81.4,0.4,1.3,358.9,369.3,592866
26257,Joey Estes,ATH,,11.1,64.8,0.4,1.2,167.7,186.9,683155
31986,Parker Messick,CLE,,26.0,155.6,0.5,1.1,809.4,773.5,800048
29628,Alek Jacob,SDP,,1.3,27.8,0.3,1.7,105.6,104.8,689690
30109,Nate Lavender,NYM,,2.1,31.8,0.5,8.8,207.5,195.3,681320
21656,Kervin Castro,NYY,,2.3,25.2,0.6,1.3,127.5,120.6,665645
28393,José Rodríguez,TOR,,2.4,23.8,0.6,2.1,114.8,113.7,692064
32155,John Klein,TOR,,2.4,24.2,0.6,1.3,93.7,90.7,804619
11423,Jose Quintana,COL,,16.9,95.7,0.3,0.6,339.9,327.2,500779
33865,Khristian Curtis,PIT,,2.2,30.7,0.5,1.2,132.1,120.7,694753
13276,Matt Carasiti,,,2.0,22.0,0.5,1.9,86.7,92.1,571539
5448,Jesse Chavez,,,0.9,22.8,0.2,0.7,82.3,82.3,445926
16258,Aaron Bummer,,,1.4,35.8,0.2,2.8,149.8,157.6,607481
25679,Kevin Kelly,TBR,,1.1,62.3,1.9,17.2,365.3,351.2,687330
13743,Max Fried,NYY,,22.1,135.9,0.3,0.6,739.4,688.4,608331
16942,Luis Ortiz,,,2.4,22.0,0.6,1.3,95.5,96.4,656814
30180,Travis Adams,MIN,,2.3,53.9,1.9,2.1,211.9,214.1,701519
21446,Ryan Feltner,COL,,21.8,122.9,0.3,0.8,412.9,438.5,663372
18519,Phil Bickford,,,2.1,22.0,0.5,1.1,95.1,95.5,641360
21487,Stephen Kolek,KCR,,13.9,98.3,0.4,1.4,406.2,411.0,663568
20010,Wyatt Mills,,,2.3,25.2,0.6,1.2,99.7,95.8,670090
14710,Edwin Díaz,LAD,,0.9,37.0,12.0,0.8,261.8,245.6,621242
19680,Sixto Sánchez,MIA,,9.0,60.0,1.0,2.8,223.5,239.8,664350
33876,Rhett Lowder,CIN,,23.2,123.7,0.6,1.2,408.2,451.2,695076
19569,David Bednar,NYY,,1.0,61.9,24.4,2.3,464.1,441.0,670280
17304,Emmanuel Ramirez,,,1.7,22.0,0.4,0.9,91.3,90.6,642629
35205,Hagen Smith,CHW,,2.8,34.7,0.5,1.8,201.6,176.9,696146
27702,Brent Headrick,NYY,,1.5,62.8,0.4,15.9,398.9,382.9,687396
31533,Victor Mederos,ATL,,2.9,39.7,0.9,2.0,162.8,162.3,682989
19769,Will Vest,DET,,0.8,42.2,6.2,5.4,267.8,264.3,676684
33628,Mitch Farris,LAA,,3.7,52.4,0.9,1.4,196.6,198.0,815083
18815,Miguel Díaz,,,2.4,22.0,0.6,1.3,99.9,96.6,622766
26410,Alek Manoah,,,3.2,25.7,0.4,0.9,95.2,89.7,666201
31807,Troy Melton,DET,,18.3,121.7,0.5,3.4,535.7,489.6,675512
29271,Yilber Díaz,DET,,2.7,25.3,0.4,0.8,81.2,90.2,700270
29839,Emmet Sheehan,LAD,,21.9,123.5,0.5,1.0,572.9,531.0,686218
14078,Michael Wacha,KCR,,28.4,174.4,0.3,0.6,766.0,732.9,608379
26214,Chris Murphy,CHW,,2.9,42.3,0.8,2.5,180.1,166.9,669684
35324,Shinnosuke Ogasawara,,,2.1,25.9,0.3,1.1,77.7,81.3,829272
13218,Michael Fulmer,NYY,,2.0,28.7,0.5,2.4,124.9,118.2,605242
27910,Austin Kitchen,SEA,,2.6,22.0,0.5,1.2,83.6,92.1,685116
30076,Landen Roupp,SFG,,26.1,148.2,0.4,1.1,663.9,647.8,694738
30146,Jack Leiter,TEX,,20.9,115.2,0.4,0.8,428.8,423.4,683004
27863,Jared Jones,PIT,,20.4,108.8,0.4,0.9,516.7,489.4,683003
27691,Louis Varland,TOR,,2.8,67.8,12.3,8.6,441.8,433.5,686973
26215,Jackson Rutledge,,,1.2,30.0,0.3,1.3,87.1,101.2,671131
11760,Drew Smyly,,,1.0,22.0,0.3,2.6,93.4,91.3,592767
24978,Erik Sabrowski,CLE,,1.4,48.1,1.1,17.2,349.7,309.2,681870
27568,CJ Van Eyk,TOR,,2.3,25.3,0.6,1.3,90.8,98.6,669310
26252,Erik Miller,BOS,,3.6,50.2,2.0,11.4,299.7,279.0,669062
20132,Adam Oller,MIA,,8.9,60.0,0.9,1.9,218.7,218.6,670124
19278,Vladimir Gutierrez,,,2.3,22.0,0.6,1.2,95.5,92.4,661269
20045,Sean Guenther,DET,,1.8,23.0,0.4,2.1,125.0,116.3,674944
16256,Kyle Freeland,COL,,25.7,141.9,0.3,0.6,426.7,507.5,607536
21224,Bailey Ober,MIN,,24.0,137.6,0.6,0.6,528.6,518.8,641927
14986,Giovanny Gallegos,,,1.7,22.0,0.8,1.6,82.5,83.2,606149
19891,Ryder Ryan,LAD,,1.7,22.0,0.4,1.9,95.8,95.3,656924
33826,Yuki Matsui,SDP,,1.0,59.2,0.9,6.5,290.0,254.9,673513
6175,Albert Suárez,BAL,,9.2,90.7,0.9,1.1,378.3,368.3,544150
16427,Scott Blewett,ATH,,1.8,43.6,0.3,1.5,180.0,179.3,656240
35309,Dylan Ross,NYM,,2.5,22.5,0.6,1.4,101.4,98.6,697811
18347,Brandon Waddell,,,1.8,25.1,0.4,1.2,105.0,102.3,663399
18383,Michael Soroka,ARI,,20.3,124.6,0.4,1.8,577.8,540.2,647336
30003,Mitch Bratt,ARI,,15.6,82.0,0.9,2.0,284.6,283.0,683352
12730,Nick Martinez,TBR,,24.3,165.2,0.3,3.8,730.7,711.2,607259
21029,Jhoan Duran,PHI,,1.0,57.7,24.4,2.2,471.1,459.7,661395
3096,Kenley Jansen,DET,,1.0,49.4,19.6,0.8,346.3,307.6,445276
29530,Fraser Ellard,,,2.3,23.7,0.6,1.9,112.0,100.6,686642
17556,Jimmy Herget,COL,,2.2,55.8,1.4,6.8,260.6,256.3,623474
19996,Dylan Lee,ATL,,1.0,61.3,0.8,17.4,405.7,378.1,669276
33043,Brendan Beck,NYY,,3.0,25.8,0.6,1.2,77.0,73.5,694341
27889,J.T. Ginn,ATH,,23.4,138.2,0.4,1.3,538.9,521.6,669372
31312,Colton Gordon,MIL,,10.6,75.8,1.1,1.1,171.8,215.6,676467
22267,Tarik Skubal,LAD,,24.6,155.4,0.3,0.6,933.2,860.1,669373
6632,Carlos Carrasco,,,11.3,72.9,0.4,0.8,212.4,237.1,471911
24986,Colin Selby,BAL,,1.7,23.4,0.4,0.9,105.5,104.2,681882
26190,Blair Henley,,,2.9,22.0,0.6,1.3,87.7,90.4,668874
30115,Robert Suarez,ATL,,0.9,45.0,16.7,4.1,348.7,323.6,663158
31738,Josh White,MIA,,2.5,22.3,0.6,1.4,76.8,76.2,687985
30206,Christian Montes De Oca,,,2.4,22.3,0.6,1.3,103.8,98.8,801216
24995,Evan Sisk,PIT,,1.6,45.1,0.4,4.4,228.9,217.1,681895
13125,Gerrit Cole,NYY,,19.7,120.7,0.4,1.0,546.5,519.3,543037
16350,Ryan Borucki,CLE,,1.3,37.3,0.3,4.4,157.1,158.3,621366
31815,Cade Gibson,MIA,,2.1,51.8,0.3,4.2,235.7,231.6,806188
26020,Seth Johnson,ATH,,2.0,38.8,0.4,0.9,137.7,147.9,686751
22207,DL Hall,MIL,,4.1,54.7,0.3,3.1,269.8,237.0,669084
20629,Tyler Phillips,MIA,,14.9,129.1,3.3,4.4,513.6,497.1,663969
18525,Dylan Cease,TOR,,28.0,161.3,0.3,0.6,897.5,815.9,656302
12863,Matt Barnes,,,1.9,22.0,0.5,1.0,97.0,97.7,598264
16990,Tanner Banks,PHI,,1.7,45.2,0.8,4.7,204.5,209.9,621383
24248,Eddy Yean,WSN,,3.0,27.5,0.6,2.0,127.1,122.0,678868
17130,Raisel Iglesias,ATL,,0.9,57.7,24.5,1.0,439.8,407.3,628452
22224,Jonathan Heasley,TBR,,2.1,24.0,0.5,1.2,69.8,80.0,669169
33980,Jonathan Pintaro,NYM,,2.0,37.2,0.5,3.0,151.4,142.9,702752
30279,Bryan Woo,SEA,,27.3,162.5,0.3,0.7,826.3,768.2,693433
27590,Jake Eder,,,1.7,25.8,0.4,0.9,105.4,100.5,671109
33502,Sean Sullivan,COL,,12.0,71.2,1.1,2.5,170.2,218.8,807743
20000,Tyler Wells,TBR,,3.8,60.2,3.2,7.9,342.3,311.5,669330
19853,Michael King,SDP,,27.5,159.8,0.3,0.7,729.1,672.1,650633
29869,Michael McGreevy,STL,,26.1,151.6,0.4,0.9,589.0,602.1,700241
5615,Ryan Brasier,,,2.3,24.6,0.3,3.1,129.0,125.6,518489
33603,Mark Manfredi,COL,,2.2,28.8,0.6,1.2,134.6,132.7,815081
23809,Ray Kerr,ATL,,2.2,29.7,0.4,1.9,134.2,127.9,678061
20515,Kyle Nelson,,,1.9,22.2,1.0,1.8,92.2,86.8,669459
12022,Matt Andriese,,,2.1,22.0,0.5,1.2,93.5,91.7,542882
31696,Cameron Weston,NYM,,2.5,22.5,0.6,1.4,100.6,97.8,687721
17295,Framber Valdez,DET,,26.5,163.5,0.3,0.6,752.3,730.3,664285
31508,Caden Dana,LAA,,3.9,25.2,0.3,0.7,59.6,60.9,702674
16561,Austin Gomber,DET,,11.6,65.8,0.3,0.6,174.5,201.4,596295
17759,Angel Perdomo,,,2.3,22.3,0.6,1.2,98.2,94.2,622780
22387,Josh Winckowski,TOR,,1.9,23.2,0.6,1.1,95.3,98.5,670174
23563,Matt Seelinger,NYM,,2.4,23.0,0.6,1.3,81.3,85.0,676910
30160,Richard Fitts,STL,,11.7,64.5,0.7,1.4,225.8,223.0,690916
10058,Tyler Matzek,,,1.8,22.6,0.4,2.0,87.9,97.2,554431
22872,Yoendrys Gómez,MIN,,4.2,60.4,9.7,3.6,267.6,264.1,672782
13528,Matt Bowman,MIN,,1.3,24.5,0.3,1.3,91.9,93.2,621199
19899,Clarke Schmidt,NYY,,11.4,68.2,0.4,0.8,326.9,300.3,657376
30128,Eric Cerantola,SFG,,2.3,24.7,0.6,1.3,81.5,77.6,672021
19876,Kevin Ginkel,ARI,,1.1,57.4,3.4,10.3,326.7,323.7,656464
12304,Chris Bassitt,BAL,,21.4,125.5,0.3,0.6,482.5,508.6,605135
21290,Lucas Gilbreath,COL,,2.4,22.1,0.6,1.3,78.1,82.9,656458
25386,Jhony Brito,SDP,,1.3,26.5,0.3,1.1,111.5,113.6,666745
13942,Brent Suter,ATL,,3.5,72.3,0.7,2.0,306.2,305.7,608718
30412,Jose Cabrera,ARI,,11.2,73.5,1.1,2.3,262.1,267.0,703615
25327,Abner Uribe,MIL,,1.2,58.2,5.5,20.5,429.6,401.9,682842
20666,Félix Bautista,BAL,,1.4,25.8,7.4,0.8,170.0,153.9,642585
24914,Lazaro Estrada,TOR,,1.9,29.2,1.1,1.1,109.4,104.4,681751
33927,Grant Taylor,CHW,,4.3,66.7,7.7,9.3,447.9,431.4,691799
16814,Tim Hill,NYY,,1.0,57.4,0.9,8.2,242.6,238.4,657612
22100,José Soriano,TOR,,28.9,164.1,0.3,0.9,738.5,709.5,667755
20253,Griffin Jax,TBR,,13.8,121.3,3.5,21.0,730.2,698.4,643377
24710,Luis Curvelo,TEX,,1.7,29.1,0.4,2.4,86.2,94.1,681168
6984,Luis García,,,0.8,35.0,1.9,5.8,173.0,179.8,472610
11426,Drew Pomeranz,,,2.6,41.5,0.7,8.8,191.7,183.7,519141
21318,Tylor Megill,NYM,,12.0,66.8,0.4,0.9,318.3,307.8,656731
17897,Garrett Cleavinger,TBR,,1.0,48.8,2.5,15.9,301.0,281.7,664076
31872,Cade Horton,CHC,,13.6,75.5,0.5,1.0,357.6,335.1,690990
16432,Foster Griffin,CLE,,24.3,143.3,0.6,1.2,600.2,584.9,656492
19618,Jordan Hicks,CHW,,11.3,89.7,1.8,6.7,374.6,389.9,663855
31687,Shane Smith,CHW,,15.3,78.8,0.4,0.9,333.1,315.1,681343
13394,Dylan Floro,,,1.0,22.0,0.2,2.6,110.3,108.6,571670
19976,Tyson Miller,,,1.0,22.0,0.5,3.6,123.0,111.2,668338
35456,Trey Yesavage,TOR,,20.7,109.2,0.6,1.4,512.2,455.5,702056
30134,Tanner Bibee,CLE,,29.1,169.2,0.3,0.6,678.1,658.5,676440
16201,Justin Anderson,,,1.1,22.0,0.5,1.7,100.0,96.9,605121
20375,Greg Weissert,BOS,,1.0,58.4,1.8,8.7,301.4,295.8,669711
33785,Josh Ekness,MIA,,2.0,36.0,1.2,2.5,153.8,148.5,694795
33903,Brody Hopkins,TBR,,2.4,23.5,0.6,1.3,99.7,95.0,811315
13896,Chris Flexen,,,8.8,64.4,0.6,0.7,215.9,226.4,623167
23394,PJ Poulin,WSN,,13.6,80.8,4.4,12.2,392.9,369.7,676571
19677,Gregory Soto,PIT,,1.1,60.7,6.6,13.5,372.7,364.4,642397
25756,Matt Brash,SEA,,1.3,35.1,1.7,10.5,229.5,217.0,666374
31920,Tyler Schweitzer,CHW,,2.0,40.7,1.1,2.4,172.4,175.7,805326
18674,Jake Woodford,TBR,,2.7,38.8,1.6,1.2,130.4,160.1,663765
16400,Reynaldo López,ATL,,16.4,100.2,0.4,1.7,456.8,446.2,625643
19330,Matt Festa,CLE,,1.2,60.0,0.7,7.2,320.7,313.1,670036
21546,Justin Hagenman,NYM,,2.5,26.4,0.8,0.9,113.8,112.3,663795
19361,Corbin Burnes,ARI,,11.8,71.6,0.3,0.6,322.4,301.3,669203
29887,Tanner McDougal,CHW,,2.5,22.2,0.6,1.4,87.4,86.5,701780
18403,Enyel De Los Santos,HOU,,1.0,64.3,2.4,7.4,282.7,280.7,660853
29608,Joe Boyle,TBR,,12.5,74.7,0.5,1.5,328.0,308.5,671212
27500,Slade Cecconi,CLE,,22.5,133.2,0.3,0.7,439.3,470.0,677944
19343,A.J. Puk,ARI,,1.6,22.8,1.7,3.5,138.0,129.4,640462
29833,Nick Nastrini,,,9.9,60.0,1.0,2.1,171.9,165.4,680897
32026,Drew Sommers,DET,,1.9,41.8,0.5,9.1,231.7,233.9,805427
13164,Eduardo Rodriguez,ARI,,28.6,167.3,0.3,0.7,651.2,664.5,593958
22810,Roansy Contreras,,,1.5,23.3,0.6,0.7,82.1,80.4,672710
30122,Gavin Williams,CLE,,29.9,167.3,0.3,0.7,787.0,722.6,668909
21846,Cole Ragans,KCR,,15.3,83.8,0.3,0.6,421.9,390.8,666142
13543,Blake Snell,LAD,,15.1,85.5,0.4,0.8,523.4,476.8,605483
19264,Thomas Hatch,,,1.8,25.4,0.4,0.8,77.6,82.6,641672
27597,Cody Bradford,TEX,,12.7,79.3,0.5,1.2,329.8,338.9,674003
18413,José Urquidy,PHI,,2.5,39.1,1.1,1.5,156.8,172.9,664353
21504,Jake Irvin,WSN,,23.1,128.8,0.3,0.6,406.0,408.1,663623
25550,Matt Waldron,WSN,,11.8,81.8,0.4,1.3,287.8,311.4,663362
14542,Carlos Estévez,KCR,,0.8,28.8,12.5,0.4,201.2,188.9,608032
19804,Bryan Baker,TBR,,1.1,59.5,16.2,7.8,412.7,380.9,641329
14771,Emilio Pagán,CIN,,1.2,49.7,17.0,2.5,329.0,302.9,641941
26419,Bradley Blalock,MIA,,11.5,69.9,0.5,1.2,96.9,144.9,687134
13431,Marcus Stroman,,,11.5,63.9,0.6,0.7,217.4,231.2,573186
22210,Jeremiah Estrada,SDP,,0.9,44.8,1.4,13.9,305.9,284.1,669093
12760,Rafael Montero,,,0.8,28.0,0.2,3.9,127.0,115.1,606160
25174,Penn Murfee,,,1.9,23.3,0.5,2.0,88.0,94.4,682171
29629,Matt Svanson,STL,,1.7,49.7,0.3,3.2,243.8,238.0,694335
14332,Joel Payamps,ATL,,0.9,28.5,1.6,6.0,149.6,144.5,606303
23301,Janson Junk,MIA,,21.6,130.5,0.9,1.4,536.8,569.5,676083
23974,Randy Rodríguez,SFG,,1.0,27.1,1.1,4.2,165.5,156.7,678495
12777,John Brebbia,BOS,,0.9,26.5,0.6,3.6,101.4,105.5,605154
22253,Sean Reynolds,,,1.7,24.7,0.3,1.5,109.7,103.0,669308
17871,Ian Gibaut,,,1.5,24.5,0.4,2.0,104.5,105.5,664139
24993,Kody Funderburk,MIN,,1.2,51.1,1.2,9.5,259.2,262.3,681892
23488,Ron Marinaccio,MIN,,1.5,51.9,0.4,1.6,178.5,175.4,676760
25873,Connor Thomas,KCR,,1.9,32.7,0.5,3.6,86.2,109.9,671162
17888,Tayler Saucedo,LAA,,1.2,33.7,1.0,6.5,180.9,178.4,642048
17192,Jalen Beeks,TEX,,1.3,40.7,2.2,6.8,197.9,195.2,656222
22304,Brenan Hanifee,DET,,2.3,38.7,0.3,5.9,176.3,184.1,669724
20151,James Karinchak,ATL,,2.2,26.8,0.6,1.9,127.8,116.0,675916
31615,William Kempner,MIA,,2.2,28.2,0.6,1.2,133.6,126.3,687531
15130,Drew Anderson,DET,,11.7,114.0,2.3,6.4,505.0,478.2,623454
19337,Richard Lovelady,WSN,,3.5,39.5,2.6,6.9,166.6,175.3,663992
27498,Spencer Strider,ATL,,16.5,92.0,0.4,0.9,325.6,322.4,675911
18152,Anthony Misiewicz,CIN,,2.2,22.5,0.5,1.8,86.7,86.1,664948
10954,Jacob deGrom,TEX,,27.1,156.6,0.4,0.8,823.0,743.9,594798
27867,Cade Smith,CLE,,1.0,65.5,17.6,10.9,554.6,518.9,671922
13758,Tyler Duffey,,,2.0,22.0,0.5,1.5,101.4,97.5,608648
16502,Ryan Yarbrough,NYY,,3.0,58.9,1.5,1.2,259.0,236.7,642232
23443,Tom Cosgrove,WSN,,1.7,30.6,1.0,3.2,116.6,124.7,676680
20018,Parker Dunshee,,,2.3,22.0,0.6,1.3,84.1,83.5,670161
17859,Adbert Alzolay,,,1.8,22.0,1.9,1.3,83.4,82.9,640470
20997,Eduard Bazardo,SEA,,1.1,62.5,0.6,13.5,330.6,315.0,660825
9174,Casey Kelly,ARI,,2.1,22.2,0.9,1.1,100.0,96.3,543391
20231,Zach Logue,,,2.4,22.0,0.6,1.3,91.8,94.5,656657
32227,Luis Morales,ATH,,11.2,72.9,0.7,1.5,182.1,192.7,806960
26231,Tyler Holton,DET,,7.7,103.7,3.6,18.1,552.8,518.6,663947
10078,Caleb Thielbar,CHC,,1.0,52.1,2.1,11.6,290.3,274.5,573204
16466,Brent Honeywell,SDP,,1.6,22.0,0.6,1.0,97.7,93.8,641703
27144,Hancel Rincon,STL,,2.5,22.7,0.6,2.2,81.7,88.7,684516
33568,Brandyn Garcia,ARI,,1.7,47.9,3.2,11.3,330.9,306.6,805299
13801,Austin Adams,,,1.3,22.0,0.3,6.2,114.3,111.5,613534
17735,Tyler Alexander,TEX,,7.5,103.9,2.4,7.7,463.8,481.2,641302
25911,Yennier Cano,BAL,,1.0,52.5,2.7,15.9,318.9,314.5,666974
19926,Tony Santillan,CIN,,1.2,49.7,3.9,14.2,268.9,251.2,663574
17701,Jose Cuas,KCR,,1.7,32.2,0.4,3.7,140.6,147.1,621016
27695,Brian Van Belle,TBR,,2.1,22.8,0.5,1.1,90.0,95.1,687003
23293,Codi Heuer,BAL,,2.0,27.3,0.5,1.8,102.6,104.8,676051
26318,Brendan Cellucci,TOR,,2.3,24.7,0.6,1.3,127.6,118.1,676454
21955,Yerry Rodríguez,NYY,,1.7,22.0,0.4,0.9,64.5,66.8,666720
21951,Joel Peguero,SFG,,1.6,29.9,0.4,3.1,147.2,138.4,666711
23223,Michael Mercado,PHI,,2.6,22.3,0.5,1.0,41.3,46.8,675650
17085,Pablo López,MIN,,11.3,67.6,0.3,0.6,318.9,313.0,641154
30002,Grant Holman,PHI,,2.1,24.5,0.3,3.2,98.2,107.5,680880
31989,Thomas Harrington,PIT,,2.7,22.9,1.1,1.1,66.8,79.9,802419
23899,Valente Bellozo,COL,,8.1,73.5,0.4,1.3,191.4,198.4,678368
23988,Wilkin Ramos,SFG,,2.5,23.0,0.6,1.3,87.3,93.2,678576
19291,Zac Gallen,ARI,,23.1,131.4,0.3,0.6,477.7,488.4,668678
26389,DJ Herz,WSN,,11.6,62.0,0.6,1.2,274.7,267.4,687792
23793,Braxton Ashcraft,PIT,,22.9,149.6,0.5,3.0,738.8,717.6,677952
11691,Tyron Guerrero,BOS,,1.9,41.8,0.5,12.1,261.0,257.3,594027
27768,Eury Pérez,MIA,,27.7,144.5,0.5,1.0,641.7,590.5,691587
21267,Jake Bird,WSN,,1.1,46.9,0.5,6.6,195.0,205.5,656234
25620,Luis Mey,CIN,,1.6,40.3,0.4,4.8,177.9,178.2,682825
14932,Ben Lively,CLE,,11.4,64.5,0.3,0.7,250.1,238.1,594902
19524,Alan Rangel,PHI,,3.5,36.1,0.9,1.6,138.2,145.4,660604
29521,Ryan Loutos,SEA,,1.9,23.2,0.5,1.0,62.9,71.9,702795
24933,Andrew Wantz,CHC,,2.3,23.8,0.6,1.3,82.1,82.1,681806
27589,Logan Allen,CLE,,15.0,84.0,0.3,0.6,263.0,285.8,671106
18384,Scott Effross,SEA,,1.8,23.1,0.5,1.0,89.5,94.7,664123
19362,Keegan Akin,BAL,,2.0,41.0,2.1,4.9,207.2,196.6,669211
16162,Brandon Woodruff,MIL,,15.3,89.1,0.5,1.2,487.7,429.7,605540
23455,Hunter Stratton,SDP,,1.1,25.6,0.8,2.6,116.4,122.7,676702
11804,Héctor Neris,,,0.9,24.7,3.3,3.3,121.8,120.3,593576
26048,Sawyer Gipson-Long,DET,,2.6,25.1,0.4,1.6,89.2,91.1,687830
15043,Lou Trivino III,PHI,,1.9,29.8,0.3,2.3,111.3,113.9,642152
11589,José Ureña,,,6.2,65.5,1.0,1.1,235.3,236.1,570632
12575,Nick Ramirez,,,1.9,22.0,0.5,1.0,92.6,95.5,598286
31878,Trevor Martin,LAA,,2.2,29.2,0.6,1.2,83.7,90.3,694680
27570,Cole Henry,WSN,,1.3,34.1,1.0,4.0,122.5,119.7,669371
26056,Brandon Walter,HOU,,9.6,65.4,0.7,1.5,290.5,275.9,687888
31936,Samy Natera Jr.,LAA,,2.0,37.8,2.5,4.4,239.0,225.9,696519
30179,Pierson Ohl,COL,,2.7,25.0,0.4,1.6,98.1,107.0,701487
16918,Luke Weaver,PIT,,0.9,58.0,3.2,16.7,388.8,350.9,596133
21345,Bennett Sousa,HOU,,1.7,41.7,1.7,7.8,232.5,224.2,656986
23381,Nolan Hoffman,KCR,,2.1,28.6,0.5,3.3,136.4,141.5,676510
27517,Jared Koenig,MIL,,1.7,32.1,0.8,7.7,181.1,178.5,657649
21420,Yerry De los Santos,NYY,,1.4,35.6,0.4,2.3,163.3,162.3,660787
16944,Grant Holmes,ATL,,24.9,145.3,0.4,1.1,579.8,556.3,656550
18333,Alex Young,,,1.8,22.0,0.5,1.4,97.1,95.2,622065
21574,Brendon Little,TOR,,0.9,42.0,0.7,10.2,228.8,218.2,663893
20367,Brusdar Graterol,LAD,,2.1,22.0,0.5,1.2,106.8,101.4,660813
30195,Franco Aleman,CLE,,2.1,33.2,0.5,3.2,131.2,136.5,680916
31751,Garrett McDaniels,LAD,,2.0,23.1,0.5,1.6,81.8,84.6,680729
26952,Anthony Molina,SFG,,3.3,42.5,0.3,1.0,140.9,160.3,683627
31571,Paul Gervase,LAD,,2.0,26.7,0.5,1.1,102.9,101.4,801434
23590,Ben Brown,CHC,,13.8,104.6,1.3,2.5,519.5,507.5,676962
15816,Devin Williams,NYM,,1.1,47.5,14.6,5.0,345.9,334.0,642207
15474,Lucas Giolito,SDP,,14.8,89.3,0.4,0.8,337.5,331.2,608337
24607,Jonathan Bowlan,PHI,,2.0,54.6,1.3,7.8,284.3,266.5,680742
23735,Luis Garcia,NYY,,3.2,22.8,0.5,1.1,100.6,92.3,677651
30944,Luis De León,BAL,,2.3,26.3,0.6,1.3,120.1,111.9,801725
20349,Zack Kelly,BOS,,1.5,33.7,0.2,3.8,158.5,151.6,677161
22284,Matt Sauer,ATH,,1.6,25.0,0.7,0.7,76.0,85.3,669422
22713,Carlos Hernández,CLE,,1.0,27.8,0.3,1.0,113.3,118.3,672578
16074,Nick Burdi,,,1.8,22.5,0.5,2.1,106.8,100.8,595897
31318,Gunnar Hoglund,ATH,,9.5,63.2,0.9,2.0,168.9,181.9,680684
18679,Freddy Peralta,TBR,,29.0,159.5,0.3,0.6,706.3,655.3,642547
13435,Pierce Johnson,CIN,,1.0,51.2,1.2,9.6,257.6,248.2,572955
19454,Michael Rucker,SEA,,1.9,42.2,0.5,1.6,182.6,178.6,621074
16929,Touki Toussaint,,,1.6,22.2,0.4,1.2,79.4,90.9,657053
13767,JT Chargois,,,1.3,22.0,0.3,1.3,97.7,87.9,608638
17117,Austin Davis,,,2.1,22.0,0.5,1.2,97.2,94.4,656354
31621,Spencer Miles,TOR,,9.9,107.3,2.5,5.1,605.1,582.7,693686
16727,Brock Stewart,LAD,,1.7,38.6,0.7,11.0,233.5,218.8,592779
17149,Domingo Germán,,,2.3,22.0,0.4,0.9,78.3,80.4,593334
25880,Hunter Brown,HOU,,22.3,129.5,0.3,0.6,652.2,603.6,686613
19320,Joey Lucchesi,,,1.7,27.5,0.3,3.0,114.0,113.6,664192
27819,Brandon Young,BAL,,25.1,141.6,0.5,1.0,476.1,494.1,687064
25481,Joe La Sorsa,,,1.6,22.8,0.4,0.9,57.6,63.1,686747
19222,Lake Bachar,PIT,,6.0,70.8,2.1,4.7,330.2,295.5,669199
30016,Joe Rock,ATH,,2.0,27.9,0.5,1.1,109.7,113.2,697812
24586,Kyle Bradish,BAL,,25.3,140.7,0.5,1.0,604.0,595.0,680694
30145,Dylan Smith,SFG,,1.7,41.8,2.7,4.9,216.0,207.5,681916
25796,Anthony Nunez,BAL,,1.9,50.8,2.3,5.3,273.1,256.1,689296
18341,Julian Fernández,,,2.1,24.5,0.5,1.7,98.3,91.5,642759
23429,JP Sears,SDP,,16.1,89.9,0.2,0.5,290.9,295.3,676664
25977,Quinn Priester,MIL,,11.2,75.7,0.3,0.7,302.3,305.6,682990
22318,Jose E. Hernandez,,,2.2,22.0,1.0,1.7,95.9,94.1,669796
13781,Alex Wood,,,9.8,60.0,0.9,1.9,203.4,221.6,622072
31811,Elmer Rodríguez,NYY,,12.8,73.3,1.1,2.3,269.5,275.9,695684
15454,Nick Pivetta,SDP,,16.0,93.2,0.2,0.5,471.1,426.4,601713
24203,Luis Peralta,CHC,,1.5,23.9,0.4,1.8,71.8,75.4,678821
27014,Jose Franco,CIN,,2.1,32.2,0.5,1.8,113.4,112.3,683742
29922,Wyatt Olds,BOS,,2.2,29.5,0.5,1.9,138.1,131.2,681544
15239,Alan Busenitz,,,2.2,22.0,0.6,1.2,91.4,94.5,641427
31616,David Morgan,SDP,,2.1,42.1,0.3,2.4,190.2,189.7,688158
30061,Will Dion,WSN,,2.5,44.8,1.1,1.7,203.5,193.6,702021
7146,Daniel Hudson,,,1.0,22.0,2.2,3.9,125.2,115.1,543339
17170,Gabe Speier,SEA,,1.1,50.2,0.7,17.0,333.9,310.4,642100
27508,Carson Ragsdale,,,2.2,22.5,0.6,1.2,89.3,95.5,685068
11752,Luke Jackson,,,0.8,27.1,2.1,1.8,127.3,122.0,592426
15256,Cole Sulser,TBR,,2.9,50.9,1.7,6.1,272.3,261.4,642121
20517,Nick Sandlin,DET,,1.2,28.0,0.7,3.7,115.2,106.0,680704
30055,Cade Povich,BAL,,16.1,89.7,0.3,0.7,307.9,332.4,700249
26463,Alex Carrillo,SFG,,2.2,22.5,0.6,1.2,69.7,68.9,692024
25928,Darius Vines,CIN,,2.7,22.0,0.5,1.0,75.1,80.9,670241
17611,Taylor Clarke,ARI,,1.8,63.2,0.7,8.6,342.5,307.8,664199
33248,Craig Yoho,CLE,,1.8,41.9,0.5,3.3,177.1,160.3,684974
25311,Roddery Muñoz,HOU,,3.8,25.1,0.2,0.5,35.2,38.3,682610
24719,Randy Vásquez,SDP,,25.0,140.7,0.3,1.6,484.4,510.5,681190
27707,Mitch Spence,KCR,,9.3,73.1,0.6,2.0,230.0,260.7,687765
23335,Joey Cantillo,CLE,,25.5,146.5,0.8,1.3,642.3,624.4,676282
27470,Emerson Hancock,SEA,,24.4,138.3,0.4,0.8,502.2,501.8,676106
19736,Caleb Boushley,,,1.6,26.3,0.6,0.7,104.8,115.3,676961
25651,Ty Adcock,SDP,,2.1,22.3,0.5,1.6,75.6,74.5,686654
31884,Logan VanWey,HOU,,1.9,28.1,0.5,1.0,114.3,118.5,701121
26304,Bryan Hoeing,SDP,,1.5,22.8,0.3,1.4,114.0,110.1,663773
23875,Omar Cruz,SDP,,2.3,22.4,0.6,1.2,100.0,99.7,678316
19883,Alex Lange,KCR,,1.6,51.4,6.3,2.8,214.6,217.2,656638
27861,Nick Frasso,COL,,2.1,31.8,0.5,1.1,123.0,131.0,693308
24452,Luinder Avila,KCR,,13.7,96.4,0.7,1.5,381.5,384.5,679883
29863,Ryan Bergert,KCR,,11.7,67.6,0.6,1.3,302.5,283.9,686701
16137,Carlos Rodón,NYY,,20.8,121.7,0.2,0.5,591.9,520.0,607074
27669,Tanner Gordon,COL,,17.4,117.7,0.4,0.9,299.5,397.1,685299
22915,Carlos Vargas,SEA,,1.1,37.9,0.6,5.1,158.3,163.5,672841
28901,Wilber Dotel,PIT,,3.3,41.7,0.5,3.0,206.2,209.7,696062
13449,Taylor Rogers,MIN,,1.0,56.2,0.9,8.0,261.5,261.4,573124
19647,Matt Foster,,,2.6,22.0,0.5,1.6,94.8,91.3,641582
31612,Carson Palmquist,WSN,,15.1,71.6,0.8,1.7,153.1,191.9,687223
22187,Ryan Miller,COL,,1.9,22.0,0.5,1.4,91.5,90.2,668943
19867,Griffin Canning,SDP,,18.0,110.5,0.3,1.1,375.2,381.4,656288
24458,Carlos Duran,KCR,,2.5,22.7,0.6,1.4,85.7,88.1,679922
15007,Yacksel Ríos,,,2.4,22.8,0.6,1.3,109.7,104.0,605441
20039,Adrian Morejon,SDP,,1.0,70.7,2.5,17.9,496.4,471.5,670970
27468,Reid Detmers,LAA,,22.6,155.9,1.6,6.1,787.7,760.9,672282
33482,Chase Dollander,COL,,14.4,91.8,0.5,1.0,291.6,300.3,801403
27792,Gavin Stone,LAD,,9.8,60.0,0.4,0.9,253.5,252.0,694813
6562,Alex Cobb,,,2.8,22.0,0.4,1.0,103.5,99.5,502171
22264,Shane Baz,BAL,,29.1,166.5,0.3,0.7,697.9,694.7,669358
24580,Josiah Gray,WSN,,2.9,23.5,0.5,1.1,92.1,98.1,680686
21453,Konnor Pilkington,,,1.5,24.8,0.4,2.8,99.0,91.6,663455
8246,Paolo Espino,,,2.4,22.0,0.5,1.1,76.2,78.4,502179
31994,Austin Peterson,CLE,,2.4,23.0,0.6,1.3,109.1,106.2,804926
23550,Aaron Ashby,MIL,,2.4,71.3,2.4,9.1,419.0,402.3,676879
30170,Chase Petty,CIN,,4.8,38.4,1.1,1.0,94.5,106.2,695534
29574,Chase Lee,TOR,,1.4,29.7,0.8,2.2,107.5,102.6,695445
21306,Jacob Latz,TEX,,3.5,65.2,10.7,4.0,403.9,364.5,656641
24937,Austin Warren,NYM,,2.6,46.9,0.4,1.9,207.3,196.3,681810
32070,Kohl Drake,ARI,,12.1,70.3,1.2,2.5,215.9,229.7,684442
33828,Naoyuki Uwasawa,,,2.2,22.0,0.6,1.2,101.7,97.4,683822
21170,Dany Jiménez,,,1.6,22.0,0.7,2.4,87.1,81.8,666204
14916,Jon Gray,,,8.7,61.4,0.5,1.0,242.5,248.2,592351
22533,Michel Otañez,TEX,,1.3,22.5,0.6,2.6,109.9,107.0,671305
29928,Dylan Dodd,ATL,,1.4,48.8,1.3,8.2,275.4,249.7,689266
17186,Dinelson Lamet,,,2.2,22.0,1.0,1.2,99.0,94.0,659275
19742,Anthony Bender,MIA,,1.0,44.2,2.2,11.1,292.5,271.4,669622
19349,Caleb Ferguson,,,1.2,45.0,0.7,7.6,223.5,224.3,657571
21997,Luis Frías,,,2.0,22.0,0.5,1.1,80.7,89.3,666818
20298,Jhonathan Díaz,SEA,,2.4,22.8,0.5,1.1,86.0,89.5,646242
15541,Tyler Rogers,TOR,,1.0,64.7,1.7,24.8,428.3,416.0,643511
21229,Daniel Robert,PHI,,1.7,23.3,0.4,1.8,97.4,94.3,642016
15823,Zack Littell,,,21.3,140.8,0.3,0.6,439.6,450.6,641793
17479,Jack Flaherty,DET,,22.2,119.3,0.3,0.6,539.7,517.7,656427
20061,Kaleb Ort,LAA,,1.0,26.6,0.5,1.9,114.0,100.9,672391
24862,Ryan Fernandez,STL,,1.0,36.5,0.9,4.5,178.5,177.5,681676
16061,Cam Booser,TBR,,1.1,44.8,0.8,9.2,238.4,220.3,592155
31501,Michael Darrell-Hicks,PIT,,2.0,23.0,0.5,1.1,97.6,97.2,690382
19784,Justin Garza,NYM,,2.1,22.7,0.5,1.2,95.9,96.0,621057
23237,Juan Mejia,COL,,1.8,62.1,2.4,8.9,292.4,299.5,675848
31972,Brad Lord,WSN,,12.6,113.1,1.0,7.7,479.7,470.7,695418
15488,Antonio Senzatela,MIL,,11.9,108.7,1.9,6.0,323.5,400.3,622608
19574,JoJo Romero,MIL,,1.0,54.8,2.6,20.2,335.5,324.2,668941
26440,Ryan Gusto,MIA,,19.8,111.5,0.4,1.6,381.4,421.8,687473
15047,Austin Voth,,,1.1,27.0,0.3,3.8,111.6,110.9,608723
10123,Kyle Gibson,,,10.4,61.2,0.3,0.7,205.0,212.5,502043
16754,Vinny Nittoli,,,1.9,22.0,0.5,1.4,103.5,99.7,657697
17734,Evan Phillips,LAD,,1.2,34.1,5.2,6.5,206.9,200.3,623465
30085,Ben Casparius,LAD,,1.8,32.1,0.8,3.9,154.6,159.1,676508
27477,Bryce Jarvis,ARI,,0.9,24.2,0.5,1.5,94.2,92.7,686826
27646,Luis Ortiz,CLE,,9.6,68.9,0.5,0.9,293.3,277.0,682847
19316,Eric Lauer,LAD,,18.6,124.6,0.4,1.4,420.8,404.4,641778
27765,Yosver Zulueta,BAL,,1.6,22.7,0.4,0.9,98.9,95.0,691172
21241,Jonathan Bermúdez,,,2.6,22.0,0.5,1.2,82.3,85.2,642834
27636,Mitchell Parker,WSN,,15.0,96.3,0.9,2.9,326.6,353.4,680730
9073,Kirby Yates,PIT,,1.0,46.0,8.5,5.2,301.0,271.8,489446
31959,Jake Bennett,BOS,,18.9,114.8,0.7,1.4,525.8,521.2,687562
31865,Peyton Pallette,CHW,,2.1,32.3,0.5,1.8,130.5,125.7,688883
22200,Ryan Rolison,CHC,,2.7,57.2,1.8,4.0,215.7,216.5,669020
27666,Zach McCambley,CIN,,2.2,26.8,0.6,1.2,109.1,111.3,685112
13361,Steven Matz,TBR,,10.7,106.2,1.8,7.1,445.4,438.7,571927
21324,Parker Mushinski,COL,,1.9,25.3,0.5,2.7,100.3,103.7,656786
27572,Carmen Mlodzinski,PIT,,13.8,130.2,1.4,6.7,601.2,618.8,669387
7836,Hunter Strickland,,,0.8,24.2,0.6,2.8,117.0,106.8,519326
10603,Chris Sale,ATL,,23.5,151.1,0.3,0.6,918.5,857.9,519242
13652,Tayler Scott,,,1.0,24.7,0.2,2.6,104.2,98.0,605463
20116,Calvin Faucher,MIA,,1.1,61.2,6.8,10.8,380.6,365.5,676534
23592,Brett de Geus,,,1.9,22.2,0.5,1.0,92.2,93.2,676969
25645,Declan Cronin,TEX,,1.0,22.0,0.2,2.1,114.4,118.6,686539
12095,Yimi García,TOR,,1.1,24.1,2.2,5.0,148.0,132.9,554340
16122,Jordan Romano,COL,,1.2,42.1,11.1,3.4,218.4,216.7,605447
35321,Tomoyuki Sugano,COL,,26.8,149.5,0.4,0.8,408.9,439.3,608372
25667,Nick Avila,,,2.0,22.0,0.5,1.1,91.9,96.3,687014
15890,Luis Severino,ATH,,18.4,107.6,0.2,0.5,429.3,427.0,622663
7048,Fernando Cruz,NYY,,1.6,54.1,1.4,15.6,337.3,309.9,518585
21992,Camilo Doval,PIT,,1.0,57.9,9.5,6.9,326.9,318.9,666808
24602,Drew Rom,ATH,,2.1,29.8,0.5,3.3,142.2,145.7,680723
23221,Michael Grove,ATL,,1.7,25.5,0.3,2.3,111.3,108.3,675627
21483,Shane McClanahan,TBR,,22.1,119.0,0.6,1.4,585.0,542.7,663556
20638,Luis F. Castillo,,,3.2,22.7,0.5,1.1,89.7,95.7,622379
16511,Jordan Montgomery,TEX,,9.2,70.8,0.8,1.0,251.3,275.8,656756
19409,Dane Dunning,SEA,,7.4,62.1,1.5,1.0,208.9,215.4,641540
6797,Julio Teheran,,,2.7,22.0,0.6,1.3,90.2,91.3,527054
31676,Carson Whisenhunt,SFG,,15.2,79.7,0.8,1.7,211.1,230.1,687931
13761,Chris Stratton,,,0.9,24.1,1.0,1.4,93.9,98.2,608717
14375,Amir Garrett,,,2.2,22.0,0.6,1.2,99.1,95.3,607237
33174,Hunter Barco,PIT,,2.0,31.1,0.5,1.8,97.0,103.5,682995
21045,Seth Martinez,BOS,,1.1,23.2,0.5,1.2,90.5,87.4,661527
37124,Tatsuya Imai,HOU,,17.2,97.8,0.7,1.6,424.6,387.1,837227
19755,Shohei Ohtani,LAD,,20.0,107.5,0.5,1.2,645.0,588.5,660271
21922,Sauryn Lao,,,2.0,23.1,0.5,1.1,91.7,95.5,666659
11176,David Buchanan,,,2.2,22.0,0.6,1.2,100.0,95.7,571527
17606,Cristian Javier,HOU,,17.3,95.2,0.5,1.1,366.9,362.9,664299
16835,Brennan Bernardino,COL,,3.3,58.3,1.3,8.8,309.3,298.4,657514
24606,Josh Winder,PHI,,2.1,22.0,0.5,1.1,106.0,103.0,680739
20276,Deivi García,,,1.9,22.0,0.9,1.0,88.9,90.3,665620
11674,Jameson Taillon,TOR,,20.3,116.0,0.3,0.6,403.2,381.3,592791
31827,Zebby Matthews,MIN,,24.5,133.1,0.4,0.9,453.7,485.5,805673
26097,Bradley Hanner,NYY,,2.3,24.7,0.6,1.3,73.9,78.6,690440
19753,Jonathan Loáisiga,ARI,,1.5,57.0,1.2,8.3,292.7,290.3,642528
33891,Zac Thornton,NYM,,16.4,99.7,0.7,1.6,378.5,375.4,804267
33027,Luis Gastelum,STL,,2.0,39.2,0.5,1.7,165.4,165.7,703725
22250,Logan Gilbert,SEA,,27.5,164.1,0.3,0.6,817.4,746.0,669302
22286,Trevor Rogers,BAL,,26.6,153.8,0.3,0.7,718.3,701.1,669432
22176,Easton McGee,KCR,,1.8,29.1,0.4,1.0,105.0,113.8,668834
20099,Chris Paddack,TEX,,17.6,104.3,0.6,0.7,322.5,361.5,663978
20353,Steven Wilson,TBR,,0.9,27.5,0.7,4.5,119.3,113.8,621051
31761,Owen Murphy,ATL,,3.0,28.0,0.6,1.2,82.8,93.0,702566
27932,Ian Seymour,TBR,,14.3,129.4,1.8,7.6,603.7,576.9,693855
33026,Yunior Tur,ATH,,2.2,27.2,0.6,1.2,59.0,78.2,814305
24977,Shawn Dubin,,,1.3,25.4,0.6,2.5,108.7,111.5,681869
31184,Luis Guerrero,TBR,,1.6,23.7,0.4,1.8,118.5,108.3,692285
14309,Frankie Montas,,,11.3,63.9,0.3,0.7,222.1,224.2,593423
24621,Ryan Weiss,HOU,,3.3,35.0,0.5,1.1,81.6,95.1,680802
20020,John Schreiber,NYY,,1.0,57.9,1.6,16.3,318.1,304.9,670167
18297,Tyler Kinley,DET,,0.9,57.3,3.6,11.0,303.7,276.4,641755
21584,Tristan Beck,SFG,,1.6,36.0,1.2,1.5,156.5,150.0,663941
21741,Javier Assad,CHC,,17.2,109.5,1.3,0.8,399.1,388.1,665871
26221,Ryan Pepiot,TBR,,14.0,76.8,0.2,0.5,336.6,306.1,686752
26203,Andrew Saalfrank,ARI,,1.5,24.9,1.6,2.8,132.9,124.5,685314
33794,Trey Gibson,BAL,,13.1,76.5,1.0,2.2,196.8,217.6,694346
29891,James Meeker,,,2.4,22.0,0.6,1.3,97.2,95.1,703231
26247,Orlando Ribalta,WSN,,1.5,45.9,1.4,7.3,201.2,200.4,687377
23617,Josh Walker,BAL,,1.6,36.8,1.0,3.1,187.9,183.8,677020
12988,Andrew Chafin,,,0.9,25.4,0.4,3.6,133.5,129.3,605177
23252,Spencer Howard,,,2.4,22.0,0.4,0.8,74.8,85.8,675921
10061,Brooks Raley,PHI,,1.4,50.4,0.8,13.3,310.3,287.5,548384
29911,Andrew Abbott,CIN,,28.2,156.1,0.3,0.6,579.6,573.9,671096
25420,Ryan Zeferjahn,CHC,,1.6,62.0,3.4,12.0,334.5,304.9,666171
1247,Adam Ottavino,,,1.0,22.2,0.5,3.7,117.1,111.0,493603
20206,Mike Baumann,,,1.1,22.0,0.3,2.5,90.7,91.1,657508
31900,Adam Mazur,MIA,,11.4,63.0,0.7,1.5,186.6,205.6,800049
27812,Dugan Darnell,,,1.9,23.2,0.5,1.1,95.7,92.8,699911
11384,Tommy Kahnle,,,0.9,32.8,2.5,6.9,167.7,157.2,592454
20385,Isaac Mattson,PIT,,1.3,46.1,0.3,8.3,237.9,233.0,676755
30074,Chase Silseth,TEX,,2.3,52.3,0.4,10.4,262.2,257.4,681217
19453,Shaun Anderson,LAA,,2.1,33.1,0.4,1.2,72.2,99.8,641312
25474,Nathan Wiles,,,2.4,22.1,0.6,1.3,94.5,98.2,686249
29615,Kyle Backhus,PHI,,2.1,34.5,1.2,5.5,152.6,163.3,679775
15855,Wander Suero,ATH,,2.1,22.6,0.5,1.2,77.3,80.8,593833
27999,Emiliano Teodo,TEX,,2.5,22.8,0.6,1.3,94.8,97.1,693713
9132,Nathan Eovaldi,TEX,,22.5,143.7,0.3,1.0,684.8,641.6,543135
19911,José Suarez,,,3.1,54.6,1.3,2.2,222.3,237.5,660761
19345,Daulton Jefferies,PIT,,2.2,22.0,0.5,1.0,76.4,83.8,641726
16408,Victor González,,,1.6,22.0,1.1,1.8,96.4,87.1,624647
15761,Joe Jiménez,ATL,,1.0,22.0,0.8,5.7,149.9,139.2,641729
30334,Cesar Perdomo,SFG,,4.2,31.7,0.5,1.2,114.8,121.2,702885
27608,Jeff Criswell,COL,,1.7,24.0,0.4,0.9,85.0,84.5,676105
33515,Ethan Pecko,HOU,,4.7,36.3,0.5,1.8,139.0,126.4,814490
14420,Jackson Stephens,,,2.3,22.0,0.6,1.2,90.8,90.5,623451
26034,Anthony Maldonado,,,1.9,22.6,0.7,0.9,79.6,85.1,687424
32157,Jonah Tong,NYM,,5.6,36.7,0.4,0.9,150.4,154.1,804636
14857,Joe Mantiply,TOR,,1.5,36.5,0.5,4.5,169.1,178.7,573009
30105,Mike Vasil,CHW,,1.6,32.1,1.2,1.2,147.3,134.2,678024
14510,Thyago Vieira,,,1.3,22.0,0.6,1.0,78.0,76.2,600986
19274,Jacob Webb,CHC,,1.0,60.9,4.0,8.0,324.1,300.5,657097
14212,Josh Hader,HOU,,0.9,48.9,21.7,0.5,408.4,360.8,623352
33850,Brandon Sproat,MIL,,20.2,110.6,0.6,1.3,390.9,379.4,687075
25804,Randy Wynne,,,2.3,22.3,1.2,1.2,98.3,95.8,691094
12880,Tyler Anderson,LAA,,12.5,73.6,0.2,0.5,246.7,236.4,542881
20492,Casey Mize,SDP,,25.8,138.6,0.3,0.7,575.8,591.5,663554
22362,Julian Garcia,CIN,,1.9,45.0,1.7,2.8,212.6,185.9,670062
12791,Michael Kelly,,,1.0,28.5,0.8,3.3,122.2,121.2,547184
26104,Jack Ralston,MIA,,2.1,29.3,0.5,3.3,129.1,117.8,667652
25957,Josh Simpson,SEA,,1.5,28.7,0.4,1.6,81.5,88.9,681006
22925,Joan Adon,,,2.4,22.0,0.5,1.1,86.6,87.2,672851
20462,Bryan Sammons,,,1.5,22.0,0.4,0.8,89.8,79.7,676614
25839,Luis Contreras,,,1.7,23.2,0.4,1.4,100.1,99.1,664351
18555,Logan Allen,,,1.5,22.0,0.7,1.1,91.3,94.3,663531
30161,Carlos Rodriguez,MIL,,2.7,27.6,0.4,0.9,93.8,106.0,692230
29000,Antwone Kelly,PIT,,2.2,29.2,0.6,1.2,109.1,114.3,699008
14361,Ty Blach,,,3.2,23.5,0.2,0.5,58.6,71.4,621389
29423,Kendry Rojas,MIN,,4.7,36.8,0.5,1.8,164.8,157.4,696070
18684,Sandy Alcantara,MIA,,29.3,183.5,0.9,0.8,737.2,732.4,645261
17381,Matt Gage,SFG,,2.2,38.8,0.9,4.0,157.5,162.9,657424
24604,Austin Cox,ATL,,2.1,24.1,0.4,1.8,66.0,73.7,680735
14814,Buck Farmer,,,1.1,22.0,0.4,0.7,102.8,95.5,571656
16300,Jesus Tinoco,MIA,,1.1,23.9,2.1,3.0,135.8,127.4,622786
25158,Jayvien Sandridge,BAL,,2.5,22.1,0.6,1.3,86.2,84.9,682144
14295,Wandy Peralta,SDP,,3.2,66.8,0.3,5.6,293.3,293.4,593974
20423,Ryan Walker,SFG,,1.0,44.5,6.6,7.5,266.5,261.7,676254
22361,Colin Holderman,CLE,,1.2,50.9,1.0,10.4,267.0,254.6,670059
25553,Nic Enright,TOR,,1.5,25.1,0.8,2.0,122.5,115.8,663671
16149,Aaron Nola,PHI,,26.1,153.6,0.3,0.6,571.1,573.1,605400
18335,Josh Staumont,,,1.6,22.0,0.4,1.2,105.8,99.6,622251
20548,Bowden Francis,TOR,,10.4,66.4,0.4,0.8,214.0,199.4,670102
20387,Anthony Kay,CHW,,24.8,136.5,0.6,1.2,460.9,474.2,641743
28846,Alimber Santa,HOU,,2.2,29.7,0.6,1.2,138.2,126.7,695001
29823,Ky Bush,CHW,,3.2,22.0,0.5,1.0,78.0,80.3,681066
29114,Jedixson Paez,BOS,,3.2,25.3,0.6,1.3,51.3,65.6,699151
24698,Tanner Andrews,TOR,,2.4,23.5,0.6,1.3,106.8,101.1,681084
26378,Nick Lodolo,CIN,,22.8,127.5,0.3,0.6,477.3,467.8,666157
17878,Dennis Santana,ARI,,0.9,55.9,5.7,7.5,322.6,299.5,642701
22051,John King,TEX,,1.4,51.7,0.6,4.6,210.5,209.2,667463
20962,Elvin Rodríguez,,,2.6,24.0,0.4,0.9,57.9,63.0,660730
19924,Bryan Hudson,CHW,,4.4,56.2,3.5,8.6,320.6,300.8,663542
6576,Robert Stock,NYM,,6.2,37.4,0.5,1.6,139.2,152.5,476594
24581,Lyon Richardson,MIL,,1.8,27.4,0.4,1.9,103.2,103.5,680689
35462,Jackson Kent,WSN,,12.8,78.2,1.0,2.1,294.5,317.0,800600
19586,Forrest Whitley,,,1.8,23.2,0.5,1.0,75.3,84.8,666215
31097,Yunior Marte,SFG,,3.6,31.7,0.5,1.2,115.1,115.0,805074
12808,Mike Clevinger,,,2.9,22.6,0.4,1.8,80.9,83.5,605182
23307,Collin Snider,CHC,,1.0,24.6,0.3,3.4,121.3,123.0,676092
20633,Yusei Kikuchi,LAA,,19.5,109.2,0.2,0.5,455.6,461.1,579328
20167,Kyle Muller,,,1.2,22.0,0.3,0.6,94.6,94.3,666205
26227,Alec Gamboa,BOS,,3.2,37.5,1.1,2.4,195.3,183.7,687941
27463,Garrett Crochet,BOS,,16.8,95.5,0.2,0.5,511.2,487.0,676979
33834,Andrew Walters,CLE,,2.5,22.1,0.5,1.1,100.3,93.0,689958
14120,Lance McCullers Jr.,,,16.1,87.5,0.6,2.0,274.4,278.6,621121
27681,Ken Waldichuk,WSN,,2.2,26.7,0.6,1.2,83.7,78.8,686610
29914,Andrew Alvarez,WSN,,17.6,116.3,1.3,2.8,607.0,572.0,674841
20348,Riley O'Brien,STL,,1.3,58.8,18.9,3.2,368.1,350.2,676617
27926,Coleman Crow,MIL,,4.9,31.3,0.5,1.2,120.2,125.9,689441
25582,Brady Basso,ATH,,6.4,44.2,0.4,3.0,179.4,203.5,669620
29960,AJ Smith-Shawver,ATL,,13.8,78.4,0.7,2.3,290.4,299.2,700363
17677,Jeffrey Springs,ATH,,26.5,146.3,0.3,0.7,452.8,448.7,605488
21620,Jake Cousins,LAD,,1.3,22.0,0.6,2.8,116.1,103.4,664776
27668,Brandon Eisert,PIT,,3.7,50.1,0.9,4.2,216.0,219.8,685126
12323,Jacob Barnes,,,0.9,22.8,0.2,0.9,91.6,92.7,606930
14107,Kevin Gausman,CHC,,27.4,165.3,0.3,0.6,770.4,743.1,592332
19795,Keegan Thompson,COL,,1.5,28.0,1.0,1.4,131.8,132.4,624522
13799,Matt Strahm,,,0.9,46.1,2.2,13.0,272.5,253.8,621381
29921,Spencer Arrighetti,TOR,,21.1,118.9,0.4,0.8,413.1,388.7,681293
25625,Daniel Espino,CLE,,3.7,28.7,0.6,1.2,121.9,119.4,682982
17964,Tyler Gilbert,CHW,,3.0,30.1,0.6,2.1,124.8,123.5,656457
13287,Jesse Hahn,,,2.2,22.5,0.5,1.2,87.4,86.2,534910
20257,Blake Weiman,LAA,,2.1,30.2,0.5,3.2,129.7,137.0,676620
21310,Josh Maciejewski,,,2.1,22.0,0.5,1.2,100.8,96.0,656671
20539,Edwin Uceta,TBR,,0.8,29.6,1.2,6.0,183.4,171.4,670955
33838,Yariel Rodríguez,TOR,,8.0,72.0,1.2,6.8,319.5,294.8,684320
21549,Jackson Kowar,BAL,,1.8,23.7,0.4,1.4,93.8,89.0,663804
9323,Patrick Corbin,TOR,,20.6,115.5,0.6,0.6,401.8,442.0,571578
25551,Isaiah Campbell,ARI,,1.9,22.8,0.5,1.8,75.1,87.8,663462
27758,Kyle Harrison,MIL,,23.4,120.4,0.4,1.7,464.0,487.9,690986
6399,José Cisnero,,,1.8,22.0,0.5,1.3,84.8,84.4,542585
17796,Dillon Tate,LAA,,1.3,22.6,0.6,1.4,94.4,99.4,622253
13346,Hoby Milner,SEA,,1.1,48.5,0.7,7.4,245.5,245.5,571948
15514,Kendall Graveman,,,1.7,23.8,0.4,1.4,84.8,89.7,608665
23426,Max Lazar,PHI,,1.2,30.1,0.6,1.0,104.3,104.4,676661
9434,Dallas Keuchel,ATH,,3.1,22.0,0.4,1.0,82.6,86.0,572971
31846,Spencer Schwellenbach,ATL,,11.1,71.1,0.3,0.6,360.5,341.6,680885
31730,Jonathan Cannon,CHW,,11.4,71.9,0.9,0.6,226.2,245.3,686563
18769,Cody Poteet,,,2.7,22.3,0.4,0.8,96.6,94.8,547001
16318,Ricardo Pinto,,,2.0,22.0,0.9,1.1,82.0,88.7,620982
19205,Jesse Scholtens,TBR,,2.9,45.2,0.4,0.9,150.8,152.6,669947
15968,Brady Feigl,,,2.3,22.0,0.6,1.3,87.4,90.9,621399
16943,Sean Newcomb,CHW,,4.9,74.2,2.4,6.0,391.0,383.6,656794
12272,Aaron Brooks,TBR,,2.7,22.2,0.4,0.8,72.4,76.3,605156
17639,Justin Lawrence,WSN,,1.1,40.9,1.1,4.2,134.5,140.7,664875
21101,Dauri Moreta,,,1.8,23.7,0.4,1.9,109.5,108.0,664294
22113,Cole Winn,TEX,,1.7,50.2,0.8,5.9,236.3,232.0,668390
26171,Connor Gillispie,PHI,,3.7,24.6,0.4,0.8,87.1,89.8,687362
21662,Elvis Alvarado,ATH,,1.4,52.2,3.2,6.5,252.0,235.0,665660
24609,Braydon Fisher,TOR,,10.2,102.3,1.3,13.7,545.1,488.1,680755
21520,Hogan Harris,ATH,,2.8,62.6,6.6,5.6,324.7,311.5,663687
26213,Caleb Kilian,PHI,,2.0,45.8,5.0,3.2,226.2,221.3,668873
31663,Mason Adams,COL,,11.7,71.5,1.1,2.4,219.0,229.8,690279
23499,Keaton Winn,SFG,,4.1,44.5,0.7,6.3,208.3,204.3,676775
23798,Randy Dobnak,KCR,,13.1,97.0,0.7,1.4,383.1,382.0,677976
29868,Bubba Chandler,PIT,,24.8,138.8,1.1,1.2,594.7,575.2,696149
19879,Tanner Houck,BOS,,10.7,64.4,0.3,0.6,267.1,269.3,656557
19754,Reiver Sanmartin,SFG,,2.0,32.8,0.5,3.7,144.3,145.6,665665
16631,Jeff Brigham,,,2.2,22.3,0.6,1.2,90.1,93.2,656257
20491,J.B. Bukauskas,MIL,,2.2,22.0,0.6,2.1,104.4,99.6,656266
31475,Logan Henderson,MIL,,19.1,109.2,0.6,1.3,588.7,519.3,701656
20373,Andrés Muñoz,SEA,,1.0,56.9,24.4,2.1,447.7,410.8,662253
18000,Triston McKenzie,,,10.0,60.6,0.6,1.3,161.8,155.2,663474
31635,Hayden Birdsong,SFG,,11.5,66.6,0.4,2.3,250.2,239.3,806185
15440,Matthew Boyd,CHC,,23.0,137.8,0.3,0.7,621.3,588.3,571510
24282,Kai-Wei Teng,HOU,,14.3,99.8,0.6,4.3,371.2,374.4,678906
16401,Yonny Chirinos,,,8.8,60.0,1.0,2.2,183.9,207.0,630023
14874,Sam Moll,,,1.3,52.0,0.7,7.1,249.1,239.2,594580
31261,Chris Roycroft,ATH,,1.3,42.2,0.7,2.0,124.0,140.7,688297
27624,Walter Pennington,,,2.1,22.0,0.4,1.0,93.1,93.8,679156
21859,Alex Speas,,,2.4,22.0,0.6,1.3,92.9,91.1,666208
18498,Kenta Maeda,,,7.8,60.8,0.4,1.3,204.1,213.2,628317
27536,Evan Kravetz,,,2.4,22.0,0.6,1.3,99.1,96.4,667478
31461,Ben Joyce,LAA,,1.7,30.1,3.8,4.6,177.8,166.6,690829
21537,Daniel Lynch IV,KCR,,8.8,107.1,1.8,11.5,477.9,450.2,663738
20271,Daysbel Hernández,,,1.2,25.7,0.3,3.9,129.7,118.5,678226
11121,Casey Lawrence,PHI,,1.7,23.8,0.4,0.9,93.4,101.2,596271
27567,TJ Shook,COL,,2.3,25.8,0.6,1.2,86.9,93.3,669298
12972,Joe Ross,TEX,,2.6,32.9,0.2,0.9,118.2,124.5,605452
20203,Eli Morgan,NYY,,1.3,32.4,0.7,1.4,112.9,114.2,669212
31809,Blake Burkhalter,ATL,,2.5,22.5,0.6,1.4,98.4,97.8,686628
25480,Chase Solesky,CIN,,2.4,23.5,0.6,2.1,96.7,101.0,686678
17578,JT Brubaker,SFG,,2.4,55.0,1.4,2.3,261.1,244.6,664141
25648,Justin Slaten,BOS,,1.0,41.1,1.5,11.1,252.5,249.7,686580
30091,Andrew Painter,PHI,,21.0,120.3,0.6,1.4,385.7,414.3,691725
8779,Wade Miley,,,3.2,23.2,0.4,0.9,78.5,78.4,489119
20302,David Peterson,CHC,,24.1,148.5,0.7,1.0,635.9,654.4,656849
5097,Anthony Gose,KCR,,2.0,26.8,0.5,2.5,122.8,123.1,543238
30240,Hunter Dobbins,STL,,14.4,93.1,1.3,1.2,382.8,383.4,690928
30187,Mike Paredes,MIN,,10.3,77.2,1.0,2.1,241.5,251.1,702474
3237,T.J. McFarland,,,0.9,23.6,0.2,5.8,116.1,120.9,519008
27485,Garrett Stallings,MIL,,2.1,29.0,1.3,1.2,168.1,150.1,668831
17610,Tanner Rainey,DET,,1.1,26.5,0.3,1.2,102.8,95.9,663432
18064,Phil Maton,CHC,,0.9,42.0,1.9,10.2,241.0,228.5,664208
30056,David Festa,MIN,,11.5,65.3,0.5,1.0,259.9,256.9,701581
27474,Max Meyer,MIA,,21.5,122.0,0.4,0.9,500.2,486.8,676974
23055,Dedniel Núñez,NYM,,1.3,32.0,1.0,6.2,187.0,175.8,673380
27407,Rolddy Muñoz,ATL,,2.3,23.4,0.6,1.2,77.3,82.5,691548
30004,McCade Brown,COL,,11.6,62.6,1.0,2.2,171.7,184.6,685326
21093,Nick Vespi,,,1.9,22.0,0.5,1.1,101.0,97.7,663989
29950,Jordan Leasure,CHW,,1.6,37.8,2.5,7.0,171.3,159.3,673929
26260,Drey Jameson,ARI,,2.0,32.0,1.0,1.1,131.7,133.4,686753
4806,Rich Hill,,,2.8,22.9,0.5,1.0,85.5,78.9,448179
28052,Brandan Bidois,MIA,,2.2,29.8,0.5,1.2,85.7,91.3,684049
20191,Garrett Whitlock,BOS,,2.0,54.9,2.1,17.0,407.3,383.0,676477
7005,Ryan Pressly,,,0.8,26.1,1.9,6.0,137.4,140.6,519151
31204,Justin Wrobleski,LAD,,17.4,135.3,1.7,4.2,572.0,564.5,680736
19531,Jason Foley,SFG,,1.2,34.0,6.8,3.3,187.2,186.7,671345
27473,Cade Cavalli,WSN,,27.5,149.7,0.5,1.1,694.3,686.3,676917
27662,Christian Roa,HOU,,2.1,26.6,0.5,1.2,98.2,97.6,685005
27984,Jose Corniell,TEX,,2.3,24.3,0.6,1.3,61.9,76.8,692030
16094,Zach Thompson,,,2.2,22.4,0.6,1.2,108.6,101.1,605507
27271,Juan Burgos,ARI,,1.9,25.5,0.5,2.5,105.7,108.8,686228
9761,Joe Kelly,,,1.4,22.0,0.4,4.4,106.4,104.1,523260
19962,Joey Wentz,ATL,,6.4,69.8,0.7,1.4,273.1,289.9,666214
27967,Andry Lara,WSN,,1.9,23.4,0.5,1.0,72.2,89.9,691251
14527,Jorge López,,,0.9,24.5,1.2,3.6,127.1,124.6,605347
20023,Rico Garcia,BAL,,1.8,58.4,5.2,13.3,355.4,325.3,670329
13607,Carl Edwards Jr.,DET,,2.0,25.6,0.5,1.1,115.9,107.0,605218
14416,Yunior Marte,,,1.6,22.2,0.4,1.5,73.9,82.8,628708
11847,Chris Martin,,,1.0,33.2,1.1,7.0,166.5,175.9,455119
31553,Mason Fluharty,TOR,,3.2,57.8,1.2,11.6,317.1,296.6,689254
27775,Kyle Nicolas,WSN,,0.9,29.5,0.2,2.7,124.2,123.3,693312
27793,Braxton Roxby,SFG,,2.4,23.0,0.6,1.3,99.2,102.3,694820
27756,Mick Abel,MIN,,12.0,74.1,0.7,1.6,281.1,301.1,690953
12056,Scott McGough,,,1.6,23.6,0.3,0.9,75.8,76.7,543518
30094,Jordan Wicks,CHC,,4.2,28.6,1.4,0.9,95.2,117.4,696136
19884,Corbin Martin,CHC,,1.7,26.3,1.9,1.4,91.6,94.8,656686
15094,Rob Zastryzny,MIL,,2.7,24.2,0.4,1.6,114.3,104.7,642239
17425,Erick Fedde,CHW,,20.5,143.3,0.3,0.9,505.3,500.7,607200
33168,Jake Bloss,TOR,,3.2,22.0,0.5,1.1,74.6,78.1,814005
29542,Andre Granillo,DET,,1.7,28.8,0.9,0.9,91.8,99.0,701552
31764,AJ Blubaugh,HOU,,2.7,71.9,0.9,6.9,334.2,302.3,805123
33527,Hurston Waldrep,ATL,,5.2,33.0,0.3,1.0,124.2,122.4,694462
7432,Jay Jackson,,,1.5,22.0,0.4,1.1,86.0,84.7,543351
16269,John Means,KCR,,3.0,22.0,0.4,0.9,104.8,99.7,607644
33214,Trent Harris,SFG,,2.1,32.5,1.9,4.5,201.1,194.1,805345
25368,Zach Penrod,,,2.3,22.0,0.6,2.1,99.5,96.9,683068
31893,Robby Snelling,MIA,,3.2,24.5,0.6,1.3,91.6,92.3,702281
27853,Ryan Watson,LAA,,1.8,57.5,2.2,5.7,273.1,272.3,670245
15288,Adam Cimber,,,1.6,22.0,0.4,3.4,104.7,100.3,643256
6902,Martín Pérez,ATL,,23.9,136.6,0.3,0.7,535.2,510.6,527048
6107,Huascar Brazobán,CHW,,3.9,60.6,0.8,8.6,331.1,299.1,623211
30171,Mason Black,KCR,,3.6,38.1,0.4,0.8,96.6,104.4,696131
31870,Matt Pushard,MIA,,2.3,25.5,0.6,1.2,115.0,112.5,690155
15467,Marco Gonzales,,,3.3,25.3,0.8,0.8,97.3,103.9,594835
35325,Ryan Johnson,LAA,,17.7,109.0,1.3,2.1,316.1,330.8,696270
25139,Tim Herrin,CLE,,1.0,53.8,0.3,13.5,299.6,274.7,682120
15689,Luis Castillo,CHW,,24.2,143.4,0.3,0.9,553.9,560.0,622491
6893,Johnny Cueto,,,2.7,22.0,0.5,1.0,81.6,80.8,456501
6655,Craig Kimbrel,KCR,,1.2,46.2,6.1,3.8,246.4,231.0,518886
19444,Yohan Ramírez,PIT,,1.6,66.8,1.4,5.4,344.8,324.7,670990
27814,Shane Drohan,MIL,,17.3,120.2,1.5,3.8,527.7,534.4,675660
27552,Graham Ashcraft,CIN,,3.4,44.7,0.5,8.8,226.4,233.3,668933
30113,Chad Patrick,MIL,,15.1,124.1,3.7,7.4,607.9,583.1,694477
4301,Justin Wilson,,,0.8,26.8,0.5,6.5,142.3,145.2,458677
27902,Jefry Yan,NYM,,2.1,31.0,0.5,1.8,140.0,134.4,642376
13293,Danny Coulombe,,,1.4,37.3,1.1,8.5,220.6,201.5,543056
26448,Trevor McDonald,SFG,,16.5,96.7,0.7,1.5,400.1,401.5,686790
31967,Drew Thorpe,CHW,,9.6,60.0,0.9,1.9,212.6,198.4,689672
31773,Alex McFarlane,PHI,,2.1,30.5,0.5,4.7,165.1,157.6,686934
24763,Kyle Leahy,STL,,17.1,137.8,1.1,9.3,668.7,676.0,681517
12857,Shawn Armstrong,CLE,,2.5,45.9,2.4,6.3,257.9,241.7,542888
19558,Geoff Hartlieb,ATH,,1.7,34.5,0.4,2.4,133.2,143.6,664129
8110,Bryan Shaw,,,2.2,22.0,0.6,1.2,88.8,90.2,543766
22461,Logan Gillaspie,SDP,,1.7,22.7,0.4,1.0,86.8,89.3,670810
20160,Nate Pearson,KCR,,1.3,45.8,2.2,5.6,210.0,211.8,663878
15423,Andrew Heaney,,,12.8,72.2,0.2,0.5,247.5,251.9,571760
19716,Dustin May,MIL,,27.0,144.6,0.4,0.9,571.0,579.7,669160
17432,Jeff Hoffman,MIN,,1.0,61.8,12.7,11.8,424.9,401.6,656546
30158,Chad Dallas,TOR,,2.2,28.5,0.6,2.6,125.9,122.3,689149
33829,Shota Imanaga,CHC,,27.1,161.1,0.3,0.6,665.4,613.6,684007
31942,Cameron Foster,BAL,,2.3,26.5,0.6,1.2,90.7,105.8,671382
27583,Garrett Acton,MIN,,2.2,27.6,0.5,1.2,119.8,116.1,670183
17594,Mitch Keller,PIT,,23.9,135.5,0.3,0.6,526.4,537.3,656605
21894,Gregory Santos,,,1.8,25.2,0.5,2.2,104.6,106.8,666619
30153,Dom Hamel,NYY,,2.4,22.1,0.6,1.3,92.9,95.0,687589
17948,Trent Thornton,CHC,,1.0,50.4,1.4,5.8,227.7,217.9,663423
29036,Miguel Ullola,HOU,,3.7,28.3,0.6,1.2,126.4,114.6,699044
14374,Tyler Glasnow,LAD,,17.5,102.9,0.3,0.7,578.8,502.4,607192
16128,John Curtiss,,,1.3,25.7,0.7,1.8,114.6,109.3,595928
19447,Patrick Sandoval,BOS,,16.9,92.3,0.5,1.1,355.6,391.3,663776
23779,Justin Bruihl,STL,,1.6,61.2,0.4,8.3,273.5,285.3,677865
29640,Hayden Juenger,ATH,,2.2,30.0,0.5,1.2,110.4,127.3,696522
20198,Ben Bowden,ATH,,1.9,23.6,0.5,1.1,89.3,87.3,641386
22932,Prelander Berroa,CHW,,1.8,22.0,0.4,2.0,102.2,98.8,672860
13133,Derek Law,ARI,,1.2,26.5,0.4,3.4,141.7,138.1,571882
21623,Grant Wolfram,BAL,,1.5,50.5,0.9,7.8,266.6,280.1,664991
21461,Cole Sands,MIN,,1.4,35.2,1.7,4.6,189.7,186.1,663485
30203,Jackson Jobe,DET,,15.3,85.2,0.6,1.3,311.3,301.2,695549
27514,Kyle Hurt,LAD,,2.7,44.8,1.0,6.2,235.0,227.1,669165
19614,Cionel Pérez,NYM,,1.9,45.3,0.7,7.9,204.1,210.8,672335
19244,Cole Irvin,LAD,,7.9,63.0,0.9,1.4,205.1,229.7,608344
22092,Kyle Tyler,,,9.4,60.0,1.0,2.2,221.4,231.7,667725
11156,Merrill Kelly,ARI,,26.2,156.7,0.3,0.7,592.2,573.0,518876
12997,Colten Brewer,,,1.7,22.0,0.8,1.2,102.0,104.0,605155
29107,Bradgley Rodriguez,SDP,,4.1,57.8,1.6,10.3,347.6,333.7,699134
17536,Ryan Burr,TOR,,2.5,22.2,0.3,1.6,112.5,108.5,621114
19315,Matt Krook,WSN,,2.1,26.5,0.5,2.5,91.2,93.1,640454
26443,Sam Aldegheri,LAA,,6.5,40.2,0.4,0.9,108.1,116.5,691951
33851,Quinn Mathews,STL,,13.0,82.2,0.9,1.9,350.5,354.5,687273
13619,Jakob Junis,TEX,,2.4,55.2,2.3,7.7,295.0,285.7,596001
17282,Michael Kopech,,,0.9,23.1,2.9,3.6,135.6,122.2,656629
32065,Erik Tolman,WSN,,2.2,28.7,3.4,1.9,150.0,147.7,680899
18554,Enmanuel De Jesus,DET,,1.9,43.2,1.1,1.0,205.7,201.0,646241
17464,Jonathan Hernández,LAD,,1.6,34.7,0.3,0.7,127.6,122.0,642546
35466,Payton Tolle,BOS,,23.3,136.0,0.6,1.2,668.3,643.7,801139
19959,Jesús Luzardo,PHI,,27.7,167.7,0.3,0.7,892.5,852.4,666200
24453,Justin Martinez,ARI,,1.0,29.2,3.0,3.6,186.9,174.2,679885
19646,Kyle Hart,SDP,,5.4,57.8,0.4,5.6,273.5,255.1,606996
15507,Hunter Harvey,CHC,,1.1,25.1,0.5,8.0,146.0,144.1,640451
31953,Riley Cornelio,WSN,,3.9,39.3,0.5,1.1,176.7,163.7,683000
33664,Andrew Sears,DET,,4.3,30.7,0.5,1.2,112.7,119.8,808825
19666,Jason Alexander,HOU,,10.9,76.9,1.1,1.2,245.2,253.2,669920
27688,Jack Kochanowicz,LAA,,19.7,103.1,0.4,0.8,257.5,298.2,686799
10197,Shelby Miller,CHC,,0.8,26.6,2.7,3.2,150.3,137.0,571946
19481,Tyler Ferguson,CHC,,0.9,37.1,1.1,6.5,196.6,177.0,621053
25942,Andrew Nardi,MIA,,1.3,33.3,0.3,7.9,175.9,171.9,677053
28040,Eiberson Castellano,COL,,2.4,23.5,1.4,1.3,106.9,108.8,682769
26406,Ben Peoples,TEX,,2.2,30.2,0.5,1.2,109.8,106.1,687239
23265,Cody Bolton,HOU,,3.3,32.2,1.0,0.9,119.8,123.5,675989
13932,Dietrich Enns,BAL,,2.3,34.6,1.0,2.1,163.0,163.4,608650
31857,Connor Prielipp,MIN,,20.0,120.2,0.6,1.4,519.6,521.1,687570
13420,Matt Koch,,,2.4,22.0,1.1,1.3,91.1,91.3,571863
14168,José Berríos,TOR,,12.7,76.6,0.2,0.5,284.5,273.9,621244
21212,J.P. France,,,3.0,25.7,0.4,0.8,92.0,92.9,641585
15551,Mark Leiter Jr.,ATH,,1.0,43.7,2.0,8.6,244.0,249.2,643410
16358,Tyler Mahle,ATL,,24.5,140.7,0.4,0.9,646.2,620.8,641816
26907,Jairo Iriarte,CHW,,2.2,22.0,0.6,1.2,95.4,92.2,683568
13892,Paul Sewald,TOR,,1.2,49.6,14.8,3.5,280.0,260.4,623149
20153,Nick Nelson,,,2.2,22.0,0.6,1.2,99.2,100.8,656793
13580,Steven Okert,HOU,,1.9,63.0,0.8,12.5,385.5,348.7,595345
15145,Justin Topa,NYY,,1.5,39.0,2.3,3.4,171.7,187.7,623437
16207,Spencer Turnbull,,,2.8,22.6,0.3,0.8,101.1,95.8,605513
22754,Gerardo Carrillo,ARI,,2.1,30.7,0.5,1.2,140.0,135.3,672629
16610,J.P. Feyereisen,LAD,,1.8,22.4,0.8,1.0,73.0,79.4,656420
21761,José Marte,NYM,,1.7,22.0,0.4,1.6,102.2,97.0,665896
33787,Kade Morris,ATH,,3.6,30.7,0.5,1.2,64.3,88.0,695034
14706,Anthony Banda,MIN,,1.6,45.7,1.3,8.4,235.0,218.9,607455
30031,Julian Aguiar,CIN,,3.5,23.5,0.4,0.8,74.8,75.3,687924
16587,Erik Swanson,,,1.2,22.5,0.3,2.9,75.8,74.4,657024
19407,Ronel Blanco,HOU,,13.2,80.7,0.3,0.7,335.6,293.5,669854
29946,Grant Hartwig,,,2.2,22.0,0.5,1.2,90.1,88.1,701643
23811,Luarbert Arias,,,2.0,23.0,0.5,1.1,80.3,89.4,678215
2036,Clayton Kershaw,,,12.7,71.3,0.4,0.8,329.5,325.0,477132
29878,Sean Burke,CHW,,24.6,156.9,0.4,0.8,658.6,633.0,680732
31880,Alex Hoppe,BAL,,1.9,42.8,1.1,4.2,211.3,211.7,695380
